datetime,open,high,low,close,volume
2026-03-12T02:30:00+00:00,24734.73,24739.11,24683.98,24709.23,34006
2026-03-12T03:00:00+00:00,24709.23,24737.86,24700.98,24702.61,22869
2026-03-12T03:30:00+00:00,24702.61,24710.73,24676.61,24708.98,24380
2026-03-12T04:00:00+00:00,24708.98,24730.23,24703.36,24723.98,16837
2026-03-12T04:30:00+00:00,24723.98,24725.98,24689.23,24697.98,15472
2026-03-12T05:00:00+00:00,24697.98,24756.48,24697.11,24731.73,32303
2026-03-12T05:30:00+00:00,24731.73,24756.11,24712.48,24750.73,25399
2026-03-12T06:00:00+00:00,24750.73,24766.73,24726.23,24765.36,23482
2026-03-12T06:30:00+00:00,24765.36,24792.73,24759.73,24788.61,17087
2026-03-12T07:00:00+00:00,24788.61,24818.11,24787.23,24813.36,21351
2026-03-12T07:30:00+00:00,24813.36,24851.61,24788.61,24850.36,22492
2026-03-12T08:00:00+00:00,24850.36,24881.11,24836.73,24837.11,42970
2026-03-12T08:30:00+00:00,24837.11,24869.11,24816.61,24856.98,34344
2026-03-12T09:00:00+00:00,24856.98,24862.48,24793.36,24831.23,28869
2026-03-12T09:30:00+00:00,24831.23,24900.48,24830.98,24896.86,32555
2026-03-12T10:00:00+00:00,24896.86,24905.86,24862.23,24868.98,27313
2026-03-12T10:30:00+00:00,24868.98,24905.36,24854.98,24863.36,29958
2026-03-12T11:00:00+00:00,24863.36,24869.23,24830.48,24854.98,27774
2026-03-12T11:30:00+00:00,24854.98,24907.36,24832.36,24836.86,33077
2026-03-12T12:00:00+00:00,24836.86,24841.73,24789.98,24817.43,40213
2026-03-12T12:30:00+00:00,24817.43,24821.86,24781.36,24813.23,45420
2026-03-12T13:00:00+00:00,24813.23,24832.11,24731.11,24755.11,63897
2026-03-12T13:30:00+00:00,24755.11,24813.01,24611.38,24636.38,269690
2026-03-12T14:00:00+00:00,24636.38,24724.88,24598.38,24598.38,191443
2026-03-12T14:30:00+00:00,24598.38,24698.38,24553.01,24599.38,188203
2026-03-12T15:00:00+00:00,24599.38,24619.51,24541.76,24601.26,137470
2026-03-12T15:30:00+00:00,24601.26,24688.88,24558.76,24645.26,185516
2026-03-12T16:00:00+00:00,24645.26,24713.88,24571.26,24620.51,150015
2026-03-12T16:30:00+00:00,24620.51,24695.63,24605.76,24641.76,154319
2026-03-12T17:00:00+00:00,24641.76,24702.63,24612.26,24630.88,111319
2026-03-12T17:30:00+00:00,24630.88,24672.38,24565.63,24604.26,102979
2026-03-12T18:00:00+00:00,24604.26,24650.51,24592.88,24617.01,80476
2026-03-12T18:30:00+00:00,24617.01,24626.13,24575.26,24579.63,67372
2026-03-12T19:00:00+00:00,24579.63,24609.38,24550.38,24594.88,73808
2026-03-12T19:30:00+00:00,24594.88,24622.63,24523.13,24535.63,81169
2026-03-12T20:00:00+00:00,24535.63,24553.23,24497.36,24529.48,27253
2026-03-12T20:30:00+00:00,24529.48,24557.11,24525.86,24547.81,12466
2026-03-12T22:00:00+00:00,24547.81,24565.04,24519.42,24560.67,18251
2026-03-12T22:30:00+00:00,24560.67,24580.17,24550.49,24565.67,14742
2026-03-12T23:00:00+00:00,24565.67,24592.29,24541.67,24554.67,15407
2026-03-12T23:30:00+00:00,24554.67,24565.92,24506.04,24507.67,18192
2026-03-13T00:00:00+00:00,24507.67,24618.17,24473.17,24598.54,44222
2026-03-13T00:30:00+00:00,24598.54,24620.67,24584.54,24604.79,28641
2026-03-13T01:00:00+00:00,24604.79,24639.29,24603.79,24623.67,31492
2026-03-13T01:30:00+00:00,24623.67,24631.79,24598.04,24608.92,25149
2026-03-13T02:00:00+00:00,24608.92,24629.79,24594.42,24599.04,24704
2026-03-13T02:30:00+00:00,24599.04,24618.54,24578.54,24583.04,20766
2026-03-13T03:00:00+00:00,24583.04,24599.17,24561.42,24578.79,21132
2026-03-13T03:30:00+00:00,24578.79,24608.17,24562.79,24603.67,20673
2026-03-13T04:00:00+00:00,24603.67,24606.29,24558.67,24564.04,16285
2026-03-13T04:30:00+00:00,24564.04,24567.17,24543.04,24554.29,16524
2026-03-13T05:00:00+00:00,24554.29,24564.54,24532.92,24560.04,21430
2026-03-13T05:30:00+00:00,24560.04,24578.04,24547.17,24564.54,20086
2026-03-13T06:00:00+00:00,24564.54,24574.17,24518.04,24527.79,23991
2026-03-13T06:30:00+00:00,24527.79,24538.79,24455.92,24459.04,26828
2026-03-13T07:00:00+00:00,24459.04,24466.29,24389.54,24436.42,38759
2026-03-13T07:30:00+00:00,24436.42,24454.54,24402.29,24426.79,31446
2026-03-13T08:00:00+00:00,24426.79,24437.54,24376.67,24394.92,57920
2026-03-13T08:30:00+00:00,24394.92,24502.29,24394.17,24492.04,42968
2026-03-13T09:00:00+00:00,24492.04,24553.54,24491.92,24506.67,42112
2026-03-13T09:30:00+00:00,24506.67,24531.92,24489.42,24509.54,31626
2026-03-13T10:00:00+00:00,24509.54,24592.17,24504.67,24564.04,32202
2026-03-13T10:30:00+00:00,24564.04,24601.67,24547.54,24596.92,35159
2026-03-13T11:00:00+00:00,24596.92,24632.54,24582.67,24609.42,38491
2026-03-13T11:30:00+00:00,24609.42,24644.04,24600.29,24641.42,32409
2026-03-13T12:00:00+00:00,24641.42,24654.54,24609.42,24630.24,32598
2026-03-13T12:30:00+00:00,24630.24,24711.67,24613.42,24660.67,63577
2026-03-13T13:00:00+00:00,24660.67,24668.29,24617.42,24628.54,54643
2026-03-13T13:30:00+00:00,24628.54,24783.94,24591.57,24705.24,260397
2026-03-13T14:00:00+00:00,24705.24,24743.94,24613.94,24653.82,218864
2026-03-13T14:30:00+00:00,24653.82,24707.07,24464.82,24469.57,187282
2026-03-13T15:00:00+00:00,24469.57,24548.57,24441.44,24449.19,121881
2026-03-13T15:30:00+00:00,24449.19,24474.69,24373.19,24388.44,153500
2026-03-13T16:00:00+00:00,24388.44,24453.82,24387.32,24424.44,131017
2026-03-13T16:30:00+00:00,24424.44,24467.32,24367.57,24376.07,112947
2026-03-13T17:00:00+00:00,24376.07,24453.44,24371.19,24428.82,97367
2026-03-13T17:30:00+00:00,24428.82,24434.94,24333.57,24353.69,97364
2026-03-13T18:00:00+00:00,24353.69,24394.44,24348.69,24391.82,77468
2026-03-13T18:30:00+00:00,24391.82,24451.44,24382.07,24427.82,71178
2026-03-13T19:00:00+00:00,24427.82,24428.57,24347.82,24356.32,75398
2026-03-13T19:30:00+00:00,24356.32,24383.07,24330.57,24374.82,70900
2026-03-13T20:00:00+00:00,24374.82,24378.42,24339.42,24350.67,20281
2026-03-13T20:30:00+00:00,24350.67,24365.04,24343.29,24346.62,4316
2026-03-15T22:00:00+00:00,24346.62,24389.27,24268.77,24324.52,17321
2026-03-15T22:30:00+00:00,24324.52,24463.07,24312.52,24453.77,11331
2026-03-15T23:00:00+00:00,24453.77,24482.27,24414.77,24421.52,14934
2026-03-15T23:30:00+00:00,24421.52,24448.57,24397.52,24427.95,25813
2026-03-16T00:00:00+00:00,24427.95,24513.07,24425.32,24479.82,45395
2026-03-16T00:30:00+00:00,24479.82,24508.82,24474.2,24498.7,35167
2026-03-16T01:00:00+00:00,24498.7,24510.32,24479.7,24481.57,44732
2026-03-16T01:30:00+00:00,24481.57,24511.95,24457.82,24503.45,48545
2026-03-16T02:00:00+00:00,24503.45,24506.07,24470.95,24474.95,38743
2026-03-16T02:30:00+00:00,24474.95,24487.7,24463.07,24477.32,27783
2026-03-16T03:00:00+00:00,24477.32,24497.95,24476.7,24496.7,22160
2026-03-16T03:30:00+00:00,24496.7,24526.7,24496.7,24519.82,22216
2026-03-16T04:00:00+00:00,24519.82,24537.2,24516.32,24521.45,19136
2026-03-16T04:30:00+00:00,24521.45,24523.07,24494.57,24495.2,17940
2026-03-16T05:00:00+00:00,24495.2,24514.07,24495.07,24504.07,25381
2026-03-16T05:30:00+00:00,24504.07,24549.45,24498.45,24547.95,24378
2026-03-16T06:00:00+00:00,24547.95,24552.57,24525.07,24528.32,21550
2026-03-16T06:30:00+00:00,24528.32,24553.82,24526.82,24553.07,15864
2026-03-16T07:00:00+00:00,24553.07,24571.45,24516.82,24519.82,27939
2026-03-16T07:30:00+00:00,24519.82,24529.82,24493.07,24501.95,30891
2026-03-16T08:00:00+00:00,24501.95,24557.57,24492.82,24516.32,62015
2026-03-16T08:30:00+00:00,24516.32,24529.7,24485.95,24517.57,45247
2026-03-16T09:00:00+00:00,24517.57,24523.95,24475.2,24500.95,47648
2026-03-16T09:30:00+00:00,24500.95,24503.95,24466.57,24480.57,44385
2026-03-16T10:00:00+00:00,24480.57,24570.2,24476.07,24560.32,40487
2026-03-16T10:30:00+00:00,24560.32,24600.57,24543.7,24592.7,39518
2026-03-16T11:00:00+00:00,24592.7,24594.45,24564.82,24567.2,38734
2026-03-16T11:30:00+00:00,24567.2,24624.2,24565.7,24613.95,35813
2026-03-16T12:00:00+00:00,24613.95,24666.57,24612.7,24651.02,38070
2026-03-16T12:30:00+00:00,24651.02,24676.45,24636.2,24646.2,42805
2026-03-16T13:00:00+00:00,24646.2,24670.07,24638.2,24642.95,43655
2026-03-16T13:30:00+00:00,24642.95,24729.22,24612.85,24724.97,177733
2026-03-16T14:00:00+00:00,24724.97,24752.47,24686.47,24706.6,138846
2026-03-16T14:30:00+00:00,24706.6,24708.6,24609.47,24682.6,154395
2026-03-16T15:00:00+00:00,24682.6,24725.1,24636.85,24704.72,110224
2026-03-16T15:30:00+00:00,24704.72,24726.97,24659.22,24664.22,87353
2026-03-16T16:00:00+00:00,24664.22,24692.22,24610.6,24621.35,117351
2026-03-16T16:30:00+00:00,24621.35,24686.22,24608.35,24663.1,102255
2026-03-16T17:00:00+00:00,24663.1,24711.35,24663.1,24684.85,84132
2026-03-16T17:30:00+00:00,24684.85,24700.6,24641.1,24670.6,69344
2026-03-16T18:00:00+00:00,24670.6,24715.6,24666.1,24708.22,66878
2026-03-16T18:30:00+00:00,24708.22,24722.47,24690.72,24693.1,50011
2026-03-16T19:00:00+00:00,24693.1,24803.72,24648.97,24672.72,140230
2026-03-16T19:30:00+00:00,24672.72,24680.85,24626.72,24658.35,100199
2026-03-16T20:00:00+00:00,24658.35,24673.2,24637.7,24638.45,25426
2026-03-16T20:30:00+00:00,24638.45,24651.32,24634.57,24645.39,15817
2026-03-16T22:00:00+00:00,24645.39,24652.15,24616.7,24639.2,14979
2026-03-16T22:30:00+00:00,24639.2,24642.45,24610.7,24615.2,10731
2026-03-16T23:00:00+00:00,24615.2,24637.95,24612.65,24628.4,12435
2026-03-16T23:30:00+00:00,24628.4,24657.7,24625.2,24656.45,11172
2026-03-17T00:00:00+00:00,24656.45,24657.45,24593.95,24607.08,36284
2026-03-17T00:30:00+00:00,24607.08,24638.08,24581.7,24591.45,34709
2026-03-17T01:00:00+00:00,24591.45,24616.08,24590.08,24603.08,33806
2026-03-17T01:30:00+00:00,24603.08,24624.58,24587.83,24612.95,34892
2026-03-17T02:00:00+00:00,24612.95,24615.95,24592.58,24599.58,24261
2026-03-17T02:30:00+00:00,24599.58,24609.33,24564.45,24569.33,25575
2026-03-17T03:00:00+00:00,24569.33,24588.08,24563.65,24577.9,17768
2026-03-17T03:30:00+00:00,24577.9,24581.9,24558.83,24569.2,20786
2026-03-17T04:00:00+00:00,24569.2,24591.7,24566.58,24588.58,17023
2026-03-17T04:30:00+00:00,24588.58,24625.95,24588.58,24614.2,21115
2026-03-17T05:00:00+00:00,24614.2,24631.2,24607.7,24619.7,23316
2026-03-17T05:30:00+00:00,24619.7,24625.2,24532.2,24534.45,30539
2026-03-17T06:00:00+00:00,24534.45,24552.7,24508.83,24544.95,48195
2026-03-17T06:30:00+00:00,24544.95,24552.7,24521.65,24533.08,28071
2026-03-17T07:00:00+00:00,24533.08,24578.58,24516.2,24572.15,33498
2026-03-17T07:30:00+00:00,24572.15,24594.83,24541.95,24548.9,26205
2026-03-17T08:00:00+00:00,24548.9,24586.58,24533.45,24536.7,63839
2026-03-17T08:30:00+00:00,24536.7,24576.33,24517.33,24546.95,52492
2026-03-17T09:00:00+00:00,24546.95,24621.58,24546.83,24618.33,39240
2026-03-17T09:30:00+00:00,24618.33,24627.58,24599.33,24621.2,38039
2026-03-17T10:00:00+00:00,24621.2,24621.2,24570.83,24584.95,33473
2026-03-17T10:30:00+00:00,24584.95,24611.83,24579.7,24610.2,31153
2026-03-17T11:00:00+00:00,24610.2,24635.83,24594.9,24622.65,20961
2026-03-17T11:30:00+00:00,24622.65,24632.95,24588.15,24590.2,16669
2026-03-17T12:00:00+00:00,24590.2,24689.2,24588.65,24684.7,21815
2026-03-17T12:30:00+00:00,24684.7,24713.7,24684.45,24707.4,20836
2026-03-17T13:00:00+00:00,24707.4,24798.58,24704.9,24773.08,32850
2026-03-17T13:30:00+00:00,24773.08,24902.23,24738.73,24880.4,156570
2026-03-17T14:00:00+00:00,24880.4,24884.9,24786.6,24851.35,65009
2026-03-17T14:30:00+00:00,24851.35,24879.48,24826.73,24865.1,52687
2026-03-17T15:00:00+00:00,24865.1,24877.35,24799.48,24800.1,55220
2026-03-17T15:30:00+00:00,24800.1,24821.6,24742.6,24781.6,56858
2026-03-17T16:00:00+00:00,24781.6,24816.48,24739.23,24802.1,53163
2026-03-17T16:30:00+00:00,24802.1,24816.85,24780.48,24787.85,42821
2026-03-17T17:00:00+00:00,24787.85,24828.1,24786.6,24808.23,31426
2026-03-17T17:30:00+00:00,24808.23,24833.98,24787.1,24825.1,27065
2026-03-17T18:00:00+00:00,24825.1,24847.1,24791.73,24792.35,27306
2026-03-17T18:30:00+00:00,24792.35,24807.23,24780.98,24792.85,26469
2026-03-17T19:00:00+00:00,24792.85,24814.1,24771.48,24796.48,22699
2026-03-17T19:30:00+00:00,24796.48,24816.23,24784.23,24799.48,26125
2026-03-17T20:00:00+00:00,24799.48,24816.7,24792.83,24809.58,9480
2026-03-17T20:30:00+00:00,24809.58,24815.7,24807.7,24812.4,4147
2026-03-17T22:00:00+00:00,24812.4,24814.12,24792.12,24797.17,9277
2026-03-17T22:30:00+00:00,24797.17,24802.55,24781.92,24797.17,8891
2026-03-17T23:00:00+00:00,24797.17,24814.92,24786.67,24797.67,9549
2026-03-17T23:30:00+00:00,24797.67,24807.3,24788.37,24794.8,7505
2026-03-18T00:00:00+00:00,24794.8,24845.42,24788.8,24837.42,21320
2026-03-18T00:30:00+00:00,24837.42,24874.039999999997,24830.42,24870.92,17068
2026-03-18T01:00:00+00:00,24870.92,24888.92,24870.92,24881.67,17736
2026-03-18T01:30:00+00:00,24881.67,24887.92,24872.789999999997,24887.789999999997,14513
2026-03-18T02:00:00+00:00,24887.789999999997,24918.17,24885.67,24914.789999999997,16909
2026-03-18T02:30:00+00:00,24914.789999999997,24919.789999999997,24904.17,24908.789999999997,10067
2026-03-18T03:00:00+00:00,24908.789999999997,24918.17,24898.539999999997,24911.42,10000
2026-03-18T03:30:00+00:00,24911.42,24934.42,24907.42,24927.42,10019
2026-03-18T04:00:00+00:00,24927.42,24936.42,24926.17,24929.789999999997,7535
2026-03-18T04:30:00+00:00,24929.789999999997,24938.289999999997,24921.289999999997,24930.17,8915
2026-03-18T05:00:00+00:00,24930.17,24952.539999999997,24925.92,24950.539999999997,11209
2026-03-18T05:30:00+00:00,24950.539999999997,24960.039999999997,24949.17,24958.539999999997,8744
2026-03-18T06:00:00+00:00,24958.539999999997,24999.92,24956.239999999998,24993.92,14524
2026-03-18T06:30:00+00:00,24993.92,24996.42,24968.289999999997,24971.539999999997,11644
2026-03-18T07:00:00+00:00,24971.539999999997,24976.92,24956.289999999997,24963.67,12718
2026-03-18T07:30:00+00:00,24963.67,24970.42,24949.039999999997,24952.039999999997,12808
2026-03-18T08:00:00+00:00,24952.039999999997,24975.17,24948.92,24952.039999999997,28717
2026-03-18T08:30:00+00:00,24952.039999999997,24973.67,24944.539999999997,24961.789999999997,22020
2026-03-18T09:00:00+00:00,24961.789999999997,24979.92,24949.789999999997,24975.539999999997,19750
2026-03-18T09:30:00+00:00,24975.539999999997,24980.039999999997,24958.539999999997,24959.539999999997,15406
2026-03-18T10:00:00+00:00,24959.539999999997,24986.789999999997,24955.17,24978.42,14234
2026-03-18T10:30:00+00:00,24978.42,24985.42,24949.92,24951.489999999998,15150
2026-03-18T11:00:00+00:00,24951.489999999998,24966.789999999997,24895.92,24897.92,29441
2026-03-18T11:30:00+00:00,24897.92,24939.789999999997,24888.92,24903.17,44523
2026-03-18T12:00:00+00:00,24903.17,24908.67,24792.67,24810.489999999998,51961
2026-03-18T12:30:00+00:00,24810.489999999998,24814.989999999998,24662.489999999998,24674.17,90940
2026-03-18T13:00:00+00:00,24674.17,24729.67,24657.789999999997,24722.17,69645
2026-03-18T13:30:00+00:00,24722.17,24789.57,24698.69,24760.44,185594
2026-03-18T14:00:00+00:00,24760.44,24775.82,24606.19,24615.82,155151
2026-03-18T14:30:00+00:00,24615.82,24676.44,24611.94,24676.44,123690
2026-03-18T15:00:00+00:00,24676.44,24724.07,24653.82,24680.82,105375
2026-03-18T15:30:00+00:00,24680.82,24709.19,24669.32,24691.44,83689
2026-03-18T16:00:00+00:00,24691.44,24702.82,24658.57,24679.57,78216
2026-03-18T16:30:00+00:00,24679.57,24686.94,24623.94,24637.94,74477
2026-03-18T17:00:00+00:00,24637.94,24640.57,24589.57,24624.44,64052
2026-03-18T17:30:00+00:00,24624.44,24674.489999999998,24605.32,24664.489999999998,59721
2026-03-18T18:00:00+00:00,24664.489999999998,24707.07,24618.989999999998,24648.69,92939
2026-03-18T18:30:00+00:00,24648.69,24655.57,24535.44,24537.82,119118
2026-03-18T19:00:00+00:00,24537.82,24594.44,24503.82,24515.57,103403
2026-03-18T19:30:00+00:00,24515.57,24535.94,24436.94,24447.32,90363
2026-03-18T20:00:00+00:00,24447.32,24473.489999999998,24360.039999999997,24373.039999999997,40607
2026-03-18T20:30:00+00:00,24373.039999999997,24424.789999999997,24373.039999999997,24400.989999999998,22602
2026-03-18T22:00:00+00:00,24400.989999999998,24416.329999999998,24375.329999999998,24378.329999999998,11235
2026-03-18T22:30:00+00:00,24378.329999999998,24393.329999999998,24359.829999999998,24391.329999999998,5571
2026-03-18T23:00:00+00:00,24391.329999999998,24419.01,24389.579999999998,24419.01,4387
2026-03-18T23:30:00+00:00,24419.01,24439.76,24393.579999999998,24414.329999999998,11909
2026-03-19T00:00:00+00:00,24414.329999999998,24440.079999999998,24391.829999999998,24420.829999999998,15910
2026-03-19T00:30:00+00:00,24420.829999999998,24429.829999999998,24384.829999999998,24416.079999999998,18982
2026-03-19T01:00:00+00:00,24416.079999999998,24437.51,24402.079999999998,24435.079999999998,15232
2026-03-19T01:30:00+00:00,24435.079999999998,24465.329999999998,24428.079999999998,24437.079999999998,14097
2026-03-19T02:00:00+00:00,24437.079999999998,24501.079999999998,24398.579999999998,24489.079999999998,21706
2026-03-19T02:30:00+00:00,24489.079999999998,24519.329999999998,24483.829999999998,24491.829999999998,11289
2026-03-19T03:00:00+00:00,24491.829999999998,24511.379999999997,24488.829999999998,24490.829999999998,7642
2026-03-19T03:30:00+00:00,24490.829999999998,24490.829999999998,24460.579999999998,24461.329999999998,11157
2026-03-19T04:00:00+00:00,24461.329999999998,24461.329999999998,24432.329999999998,24436.079999999998,11158
2026-03-19T04:30:00+00:00,24436.079999999998,24444.329999999998,24407.829999999998,24427.079999999998,9946
2026-03-19T05:00:00+00:00,24427.079999999998,24445.079999999998,24411.579999999998,24413.329999999998,10669
2026-03-19T05:30:00+00:00,24413.329999999998,24419.829999999998,24373.329999999998,24391.329999999998,16317
2026-03-19T06:00:00+00:00,24391.329999999998,24436.329999999998,24387.329999999998,24401.079999999998,15393
2026-03-19T06:30:00+00:00,24401.079999999998,24407.079999999998,24371.079999999998,24402.829999999998,17688
2026-03-19T07:00:00+00:00,24402.829999999998,24423.329999999998,24357.829999999998,24386.079999999998,26081
2026-03-19T07:30:00+00:00,24386.079999999998,24391.329999999998,24342.079999999998,24355.579999999998,21264
2026-03-19T08:00:00+00:00,24355.579999999998,24391.329999999998,24338.829999999998,24346.579999999998,35129
2026-03-19T08:30:00+00:00,24346.579999999998,24369.579999999998,24305.579999999998,24345.079999999998,30907
2026-03-19T09:00:00+00:00,24345.079999999998,24395.079999999998,24300.329999999998,24315.079999999998,32031
2026-03-19T09:30:00+00:00,24315.079999999998,24447.829999999998,24309.329999999998,24426.829999999998,37623
2026-03-19T10:00:00+00:00,24426.829999999998,24426.829999999998,24389.329999999998,24404.329999999998,21665
2026-03-19T10:30:00+00:00,24404.329999999998,24415.579999999998,24369.079999999998,24388.579999999998,15926
2026-03-19T11:00:00+00:00,24388.579999999998,24410.329999999998,24327.079999999998,24344.079999999998,17910
2026-03-19T11:30:00+00:00,24344.079999999998,24354.329999999998,24307.329999999998,24342.329999999998,18908
2026-03-19T12:00:00+00:00,24342.329999999998,24354.329999999998,24257.329999999998,24272.079999999998,37689
2026-03-19T12:30:00+00:00,24272.079999999998,24312.379999999997,24223.329999999998,24245.579999999998,37859
2026-03-19T13:00:00+00:00,24245.579999999998,24305.579999999998,24204.829999999998,24226.579999999998,46844
2026-03-19T13:30:00+00:00,24226.579999999998,24320.03,24127.579999999998,24296.829999999998,160327
2026-03-19T14:00:00+00:00,24296.829999999998,24345.91,24209.66,24229.03,191736
2026-03-19T14:30:00+00:00,24229.03,24339.91,24224.829999999998,24291.03,171142
2026-03-19T15:00:00+00:00,24291.03,24377.41,24247.079999999998,24262.329999999998,123768
2026-03-19T15:30:00+00:00,24262.329999999998,24276.53,24201.079999999998,24275.329999999998,49413
2026-03-19T16:00:00+00:00,24275.329999999998,24322.53,24235.829999999998,24269.329999999998,45716
2026-03-19T16:30:00+00:00,24269.329999999998,24302.079999999998,24225.16,24256.16,66986
2026-03-19T17:00:00+00:00,24256.16,24264.78,24180.579999999998,24250.079999999998,62346
2026-03-19T17:30:00+00:00,24250.079999999998,24281.03,24212.829999999998,24253.329999999998,25345
2026-03-19T18:00:00+00:00,24253.329999999998,24319.329999999998,24226.829999999998,24268.829999999998,25620
2026-03-19T18:30:00+00:00,24268.829999999998,24322.66,24221.079999999998,24308.079999999998,26900
2026-03-19T19:00:00+00:00,24308.079999999998,24486.079999999998,24305.579999999998,24393.329999999998,65319
2026-03-19T19:30:00+00:00,24393.329999999998,24410.829999999998,24342.579999999998,24374.91,41570
2026-03-19T20:00:00+00:00,24374.91,24428.629999999997,24361.879999999997,24417.079999999998,12781
2026-03-19T20:30:00+00:00,24417.079999999998,24419.079999999998,24395.829999999998,24395.829999999998,5993
2026-03-19T22:00:00+00:00,24395.829999999998,24429.59,24380.129999999997,24425.59,8478.801205400736
2026-03-19T22:30:00+00:00,24425.59,24434.469999999998,24407.84,24421.84,7697
2026-03-19T23:00:00+00:00,24421.84,24443.969999999998,24394.719999999998,24401.969999999998,11059
2026-03-19T23:30:00+00:00,24401.969999999998,24420.469999999998,24391.34,24405.469999999998,11097
2026-03-20T00:00:00+00:00,24405.469999999998,24427.84,24368.34,24380.59,23741
2026-03-20T00:30:00+00:00,24380.59,24396.59,24368.59,24384.34,18908
2026-03-20T01:00:00+00:00,24384.34,24418.719999999998,24377.969999999998,24400.719999999998,27722
2026-03-20T01:30:00+00:00,24400.719999999998,24446.219999999998,24394.219999999998,24403.719999999998,24075
2026-03-20T02:00:00+00:00,24403.719999999998,24423.09,24397.59,24409.09,19487
2026-03-20T02:30:00+00:00,24409.09,24427.59,24397.969999999998,24406.469999999998,15380
2026-03-20T03:00:00+00:00,24406.469999999998,24410.219999999998,24383.469999999998,24396.219999999998,13880
2026-03-20T03:30:00+00:00,24396.219999999998,24414.34,24389.09,24396.469999999998,11850
2026-03-20T04:00:00+00:00,24396.469999999998,24408.219999999998,24375.469999999998,24386.969999999998,10403
2026-03-20T04:30:00+00:00,24386.969999999998,24390.719999999998,24370.84,24371.84,10046
2026-03-20T05:00:00+00:00,24371.84,24386.84,24345.469999999998,24381.219999999998,19192
2026-03-20T05:30:00+00:00,24381.219999999998,24388.969999999998,24367.469999999998,24378.469999999998,14008
2026-03-20T06:00:00+00:00,24378.469999999998,24389.84,24337.34,24343.469999999998,16887
2026-03-20T06:30:00+00:00,24343.469999999998,24356.34,24305.09,24315.219999999998,16297
2026-03-20T07:00:00+00:00,24315.219999999998,24348.719999999998,24269.469999999998,24340.34,28593
2026-03-20T07:30:00+00:00,24340.34,24392.969999999998,24338.09,24379.469999999998,22916
2026-03-20T08:00:00+00:00,24379.469999999998,24400.969999999998,24351.469999999998,24351.469999999998,36536
2026-03-20T08:30:00+00:00,24351.469999999998,24389.09,24339.469999999998,24344.719999999998,33471
2026-03-20T09:00:00+00:00,24344.719999999998,24370.969999999998,24281.34,24285.59,42670
2026-03-20T09:30:00+00:00,24285.59,24305.969999999998,24194.469999999998,24217.469999999998,52262
2026-03-20T10:00:00+00:00,24217.469999999998,24225.469999999998,24106.219999999998,24148.34,61679
2026-03-20T10:30:00+00:00,24148.34,24215.969999999998,24146.84,24192.34,47452
2026-03-20T11:00:00+00:00,24192.34,24253.719999999998,24186.34,24238.469999999998,46047
2026-03-20T11:30:00+00:00,24238.469999999998,24249.219999999998,24196.719999999998,24229.719999999998,41646
2026-03-20T12:00:00+00:00,24229.719999999998,24283.469999999998,24212.219999999998,24278.969999999998,50507
2026-03-20T12:30:00+00:00,24278.969999999998,24287.09,24226.34,24282.469999999998,48074
2026-03-20T13:00:00+00:00,24282.469999999998,24312.969999999998,24244.719999999998,24277.219999999998,56687
2026-03-20T13:30:00+00:00,24277.219999999998,24277.219999999998,24066.62,24071.989999999998,227145
2026-03-20T14:00:00+00:00,24071.989999999998,24113.989999999998,24026.989999999998,24057.239999999998,167113
2026-03-20T14:30:00+00:00,24057.239999999998,24112.489999999998,24018.37,24057.239999999998,135933
2026-03-20T15:00:00+00:00,24057.239999999998,24125.489999999998,24023.489999999998,24051.37,142410
2026-03-20T15:30:00+00:00,24051.37,24107.62,24041.37,24097.989999999998,107211
2026-03-20T16:00:00+00:00,24097.989999999998,24142.489999999998,24088.239999999998,24091.62,88319
2026-03-20T16:30:00+00:00,24091.62,24091.739999999998,24022.489999999998,24058.489999999998,84029
2026-03-20T17:00:00+00:00,24058.489999999998,24077.989999999998,24012.739999999998,24022.12,92951
2026-03-20T17:30:00+00:00,24022.12,24028.739999999998,23954.739999999998,23998.239999999998,71569
2026-03-20T18:00:00+00:00,23998.239999999998,24007.37,23901.62,23932.62,87547
2026-03-20T18:30:00+00:00,23932.62,23939.87,23860.37,23879.87,81419
2026-03-20T19:00:00+00:00,23879.87,23903.989999999998,23835.739999999998,23845.489999999998,80915
2026-03-20T19:30:00+00:00,23845.489999999998,23899.37,23758.989999999998,23899.37,117731
2026-03-20T20:00:00+00:00,23899.37,23936.969999999998,23882.09,23916.97,35698
2026-03-20T20:30:00+00:00,23916.97,23960.72,23913.72,23955.67,9566
2026-03-22T22:00:00+00:00,23955.67,23955.67,23683.42,23857.97,37097
2026-03-22T22:30:00+00:00,23857.97,23882.85,23810.97,23834.22,31527
2026-03-22T23:00:00+00:00,23834.22,23872.6,23820.85,23825.47,24286
2026-03-22T23:30:00+00:00,23825.47,23840.1,23765.22,23795.6,34334
2026-03-23T00:00:00+00:00,23795.6,23879.6,23763.1,23839.97,58784
2026-03-23T00:30:00+00:00,23839.97,23846.1,23730.1,23739.22,66289
2026-03-23T01:00:00+00:00,23739.22,23825.47,23726.6,23817.97,63609
2026-03-23T01:30:00+00:00,23817.97,23861.85,23803.1,23833.35,64586
2026-03-23T02:00:00+00:00,23833.35,23857.72,23812.35,23833.97,53550
2026-03-23T02:30:00+00:00,23833.97,23836.1,23779.35,23798.6,38047
2026-03-23T03:00:00+00:00,23798.6,23816.22,23762.72,23783.6,34238
2026-03-23T03:30:00+00:00,23783.6,23791.97,23739.72,23743.1,26869
2026-03-23T04:00:00+00:00,23743.1,23784.6,23735.47,23779.72,32026
2026-03-23T04:30:00+00:00,23779.72,23793.22,23765.97,23785.97,26050
2026-03-23T05:00:00+00:00,23785.97,23822.97,23768.6,23773.97,35694
2026-03-23T05:30:00+00:00,23773.97,23791.85,23724.6,23763.35,41228
2026-03-23T06:00:00+00:00,23763.35,23765.72,23705.72,23717.6,45859
2026-03-23T06:30:00+00:00,23717.6,23718.22,23616.6,23644.97,38981
2026-03-23T07:00:00+00:00,23644.97,23702.97,23562.97,23588.72,53423
2026-03-23T07:30:00+00:00,23588.72,23668.35,23580.6,23631.35,54192
2026-03-23T08:00:00+00:00,23631.35,23716.47,23631.35,23686.35,92644
2026-03-23T08:30:00+00:00,23686.35,23744.6,23680.97,23721.1,67081
2026-03-23T09:00:00+00:00,23721.1,23760.22,23686.22,23721.47,64501
2026-03-23T09:30:00+00:00,23721.47,23724.72,23634.72,23672.6,62340
2026-03-23T10:00:00+00:00,23672.6,23718.22,23633.1,23642.22,53903
2026-03-23T10:30:00+00:00,23642.22,23713.97,23605.35,23669.85,57045
2026-03-23T11:00:00+00:00,23669.85,24550.17,23666.1,24302.17,80722
2026-03-23T11:30:00+00:00,24302.17,24482.72,24160.92,24180.42,67767
2026-03-23T12:00:00+00:00,24180.42,24310.97,24134.92,24288.35,68331
2026-03-23T12:30:00+00:00,24288.35,24409.1,24242.85,24398.47,107797
2026-03-23T13:00:00+00:00,24398.47,24431.1,24273.92,24280.97,97020
2026-03-23T13:30:00+00:00,24280.97,24396.87,24224.5,24391.25,187209
2026-03-23T14:00:00+00:00,24391.25,24477.62,24318.37,24427.12,145273
2026-03-23T14:30:00+00:00,24427.12,24443.87,24371,24400,146730
2026-03-23T15:00:00+00:00,24400,24476.62,24388,24400.75,114517
2026-03-23T15:30:00+00:00,24400.75,24421,24161,24170.87,135242
2026-03-23T16:00:00+00:00,24170.87,24254.75,24099.25,24108.25,153916
2026-03-23T16:30:00+00:00,24108.25,24215.37,24102.75,24158.5,137365
2026-03-23T17:00:00+00:00,24158.5,24182.25,24101.37,24148.25,117312
2026-03-23T17:30:00+00:00,24148.25,24261.25,24145,24258.25,102012
2026-03-23T18:00:00+00:00,24258.25,24275,24207.37,24236.25,95236
2026-03-23T18:30:00+00:00,24236.25,24326.12,24235.87,24304.5,78200
2026-03-23T19:00:00+00:00,24304.5,24306.87,24249.62,24264.37,63020
2026-03-23T19:30:00+00:00,24264.37,24303.62,24189.62,24189.62,73149
2026-03-23T20:00:00+00:00,24189.62,24213.1,24149.1,24201.97,33777
2026-03-23T20:30:00+00:00,24201.97,24223.22,24181.67,24190.67,14218
2026-03-23T22:00:00+00:00,24190.67,24237.1,24178.47,24231.72,15507
2026-03-23T22:30:00+00:00,24231.72,24288.72,24213.85,24281.72,14892
2026-03-23T23:00:00+00:00,24281.72,24281.97,24260.1,24265.47,13888
2026-03-23T23:30:00+00:00,24265.47,24273.72,24227.22,24256.22,18179
2026-03-24T00:00:00+00:00,24256.22,24257.35,24101.72,24188.6,43676
2026-03-24T00:30:00+00:00,24188.6,24198.97,24068.92,24123.47,42900
2026-03-24T01:00:00+00:00,24123.47,24125.22,24056.47,24102.35,61534
2026-03-24T01:30:00+00:00,24102.35,24102.35,24032.72,24063.72,57691
2026-03-24T02:00:00+00:00,24063.72,24093.35,24022.72,24074.85,55096
2026-03-24T02:30:00+00:00,24074.85,24089.85,24045.35,24048.97,36990
2026-03-24T03:00:00+00:00,24048.97,24081.47,24034.1,24072.97,29307
2026-03-24T03:30:00+00:00,24072.97,24076.85,24030.85,24075.97,35180
2026-03-24T04:00:00+00:00,24075.97,24102.6,24056.72,24059.22,28289
2026-03-24T04:30:00+00:00,24059.22,24071.72,24040.72,24057.22,25082
2026-03-24T05:00:00+00:00,24057.22,24103.85,23993.35,23997.6,43436
2026-03-24T05:30:00+00:00,23997.6,24068.85,23994.6,24061.6,33402
2026-03-24T06:00:00+00:00,24061.6,24143.72,24059.35,24122.85,32069
2026-03-24T06:30:00+00:00,24122.85,24195.22,24122.85,24176.72,29902
2026-03-24T07:00:00+00:00,24176.72,24305.85,24171.22,24266.85,53816
2026-03-24T07:30:00+00:00,24266.85,24272.6,24233.6,24266.22,40559
2026-03-24T08:00:00+00:00,24266.22,24290.72,24191.22,24195.97,74234
2026-03-24T08:30:00+00:00,24195.97,24222.97,24161.47,24177.47,75282
2026-03-24T09:00:00+00:00,24177.47,24198.85,24103.97,24158.85,65581
2026-03-24T09:30:00+00:00,24158.85,24229.1,24143.97,24219.97,55978
2026-03-24T10:00:00+00:00,24219.97,24233.72,24174.47,24188.6,50382
2026-03-24T10:30:00+00:00,24188.6,24227.72,24168.1,24205.72,52589
2026-03-24T11:00:00+00:00,24205.72,24223.1,24168.22,24184.47,54520
2026-03-24T11:30:00+00:00,24184.47,24214.85,24097.47,24182.72,56554
2026-03-24T12:00:00+00:00,24182.72,24196.22,24120.22,24155.1,54363
2026-03-24T12:30:00+00:00,24155.1,24158.6,24064.97,24079.22,67121
2026-03-24T13:00:00+00:00,24079.22,24094.1,24006.35,24054.22,78444
2026-03-24T13:30:00+00:00,24054.22,24116,23935.87,24016,233808
2026-03-24T14:00:00+00:00,24016,24080.62,23976.25,24004.37,202808
2026-03-24T14:30:00+00:00,24004.37,24141.87,23983.37,24043.5,183352
2026-03-24T15:00:00+00:00,24043.5,24184.25,24043.12,24140.75,169692
2026-03-24T15:30:00+00:00,24140.75,24177.75,24085.62,24095.12,106791
2026-03-24T16:00:00+00:00,24095.12,24145.75,24066.75,24131,110053
2026-03-24T16:30:00+00:00,24131,24137.5,24044.37,24081.25,96024
2026-03-24T17:00:00+00:00,24081.25,24094.62,23965.75,23999,127576
2026-03-24T17:30:00+00:00,23999,24050.87,23960.62,24042,106329
2026-03-24T18:00:00+00:00,24042,24074.37,24009,24059.62,107853
2026-03-24T18:30:00+00:00,24059.62,24147.25,24048.75,24075.25,90883
2026-03-24T19:00:00+00:00,24075.25,24119,24065.25,24066.62,67107
2026-03-24T19:30:00+00:00,24066.62,24080,23991.12,24018.12,74729
2026-03-24T20:00:00+00:00,24018.12,24343.17,24013.72,24221.67,62593
2026-03-24T20:30:00+00:00,24221.67,24333.42,24174.72,24203.05,81142
2026-03-24T22:00:00+00:00,24203.05,24265.91,24190.41,24207.04,19288
2026-03-24T22:30:00+00:00,24207.04,24239.16,24207.04,24235.79,12750
2026-03-24T23:00:00+00:00,24235.79,24251.41,24211.54,24238.79,14419
2026-03-24T23:30:00+00:00,24238.79,24247.54,24217.54,24222.04,14188
2026-03-25T00:00:00+00:00,24222.04,24263.29,24193.04,24234.79,29638
2026-03-25T00:30:00+00:00,24234.79,24302.29,24198.11,24257.79,30829
2026-03-25T01:00:00+00:00,24257.79,24276.79,24237.66,24251.54,35764
2026-03-25T01:30:00+00:00,24251.54,24256.79,24202.29,24205.29,28179
2026-03-25T02:00:00+00:00,24205.29,24209.16,24159.41,24180.29,31802
2026-03-25T02:30:00+00:00,24180.29,24187.04,24143.04,24146.04,25352
2026-03-25T03:00:00+00:00,24146.04,24165.79,24129.79,24149.04,25691
2026-03-25T03:30:00+00:00,24149.04,24197.79,24143.79,24189.54,21433
2026-03-25T04:00:00+00:00,24189.54,24228.41,24184.79,24222.91,19760
2026-03-25T04:30:00+00:00,24222.91,24229.41,24202.04,24227.66,16964
2026-03-25T05:00:00+00:00,24227.66,24237.66,24211.16,24217.04,25786
2026-03-25T05:30:00+00:00,24217.04,24233.54,24182.79,24190.41,26422
2026-03-25T06:00:00+00:00,24190.41,24191.91,24150.16,24153.41,26379
2026-03-25T06:30:00+00:00,24153.41,24198.41,24134.04,24186.54,23776
2026-03-25T07:00:00+00:00,24186.54,24211.16,24161.16,24173.04,27948
2026-03-25T07:30:00+00:00,24173.04,24228.41,24169.41,24216.66,30263
2026-03-25T08:00:00+00:00,24216.66,24343.04,24216.66,24312.91,52895
2026-03-25T08:30:00+00:00,24312.91,24333.41,24233.91,24248.54,47481
2026-03-25T09:00:00+00:00,24248.54,24289.54,24231.54,24257.16,34619
2026-03-25T09:30:00+00:00,24257.16,24287.54,24221.54,24263.04,35064
2026-03-25T10:00:00+00:00,24263.04,24295.79,24251.29,24252.29,32639
2026-03-25T10:30:00+00:00,24252.29,24271.04,24235.41,24256.54,30250
2026-03-25T11:00:00+00:00,24256.54,24309.04,24255.04,24296.16,33284
2026-03-25T11:30:00+00:00,24296.16,24331.04,24250.91,24304.16,38743
2026-03-25T12:00:00+00:00,24304.16,24348.54,24205.86,24240.04,70695
2026-03-25T12:30:00+00:00,24240.04,24284.29,24182.66,24257.29,64067
2026-03-25T13:00:00+00:00,24257.29,24293.79,24230.79,24239.54,56266
2026-03-25T13:30:00+00:00,24239.54,24334.94,24173.19,24176.94,208353
2026-03-25T14:00:00+00:00,24176.94,24314.81,24138.56,24287.56,163317
2026-03-25T14:30:00+00:00,24287.56,24328.19,24266.56,24293.56,121478
2026-03-25T15:00:00+00:00,24293.56,24303.19,24097.19,24236.19,133874
2026-03-25T15:30:00+00:00,24236.19,24254.06,24152.94,24187.44,108971
2026-03-25T16:00:00+00:00,24187.44,24248.06,24141.19,24222.19,115710
2026-03-25T16:30:00+00:00,24222.19,24258.69,24203.94,24231.19,82989
2026-03-25T17:00:00+00:00,24231.19,24255.06,24187.31,24240.06,80082
2026-03-25T17:30:00+00:00,24240.06,24301.56,24212.19,24235.31,74471
2026-03-25T18:00:00+00:00,24235.31,24260.56,24216.44,24222.56,61501
2026-03-25T18:30:00+00:00,24222.56,24231.44,24133.31,24164.94,62310
2026-03-25T19:00:00+00:00,24164.94,24201.31,24121.94,24163.94,69122
2026-03-25T19:30:00+00:00,24163.94,24200.56,24136.06,24182.44,64465
2026-03-25T20:00:00+00:00,24182.44,24201.66,24160.04,24161.41,18693
2026-03-25T20:30:00+00:00,24161.41,24182.41,24159.29,24177.49,7732
2026-03-25T22:00:00+00:00,24177.49,24184.61,24139.91,24142.66,11762
2026-03-25T22:30:00+00:00,24142.66,24164.04,24131.41,24132.66,9521
2026-03-25T23:00:00+00:00,24132.66,24148.16,24112.04,24129.79,12653
2026-03-25T23:30:00+00:00,24129.79,24150.66,24103.16,24141.54,15535
2026-03-26T00:00:00+00:00,24141.54,24228.66,24137.79,24210.04,26280
2026-03-26T00:30:00+00:00,24210.04,24224.66,24162.04,24173.91,23788
2026-03-26T01:00:00+00:00,24173.91,24200.41,24149.79,24164.91,31311
2026-03-26T01:30:00+00:00,24164.91,24184.04,24158.16,24180.04,30460
2026-03-26T02:00:00+00:00,24180.04,24197.29,24135.54,24140.54,31807
2026-03-26T02:30:00+00:00,24140.54,24147.66,24069.16,24103.41,38472
2026-03-26T03:00:00+00:00,24103.41,24164.29,24101.16,24155.29,24759
2026-03-26T03:30:00+00:00,24155.29,24239.29,24153.41,24198.29,26551
2026-03-26T04:00:00+00:00,24198.29,24203.66,24173.66,24179.79,19330
2026-03-26T04:30:00+00:00,24179.79,24186.16,24136.79,24143.66,15894
2026-03-26T05:00:00+00:00,24143.66,24159.04,24079.66,24096.04,32273
2026-03-26T05:30:00+00:00,24096.04,24112.91,24070.04,24074.04,30331
2026-03-26T06:00:00+00:00,24074.04,24105.29,24051.54,24100.29,32313
2026-03-26T06:30:00+00:00,24100.29,24113.91,24084.79,24108.91,22454
2026-03-26T07:00:00+00:00,24108.91,24115.29,24023.66,24073.41,32223
2026-03-26T07:30:00+00:00,24073.41,24093.04,24055.41,24078.41,23826
2026-03-26T08:00:00+00:00,24078.41,24105.16,24007.66,24011.41,50120
2026-03-26T08:30:00+00:00,24011.41,24037.04,23973.86,24012.66,40703
2026-03-26T09:00:00+00:00,24012.66,24015.79,23967.91,23971.91,44319
2026-03-26T09:30:00+00:00,23971.91,23983.66,23929.16,23974.16,39902
2026-03-26T10:00:00+00:00,23974.16,24020.91,23951.66,24014.79,30767
2026-03-26T10:30:00+00:00,24014.79,24020.79,23967.11,23995.91,33530
2026-03-26T11:00:00+00:00,23995.91,24007.29,23944.79,23962.79,33326
2026-03-26T11:30:00+00:00,23962.79,23970.04,23918.29,23921.66,38184
2026-03-26T12:00:00+00:00,23921.66,23966.41,23900.54,23950.86,37544
2026-03-26T12:30:00+00:00,23950.86,23950.86,23893.54,23937.04,44186
2026-03-26T13:00:00+00:00,23937.04,23977.79,23929.91,23975.54,44142
2026-03-26T13:30:00+00:00,23975.54,24050.94,23886.81,24036.81,201854
2026-03-26T14:00:00+00:00,24036.81,24055.69,23988.56,23990.69,158130
2026-03-26T14:30:00+00:00,23990.69,24043.69,23851.11,23921.81,168401
2026-03-26T15:00:00+00:00,23921.81,23948.56,23887.56,23904.69,130027
2026-03-26T15:30:00+00:00,23904.69,23944.44,23870.94,23912.06,98352
2026-03-26T16:00:00+00:00,23912.06,23920.44,23820.31,23826.44,80642
2026-03-26T16:30:00+00:00,23826.44,23833.44,23789.94,23817.19,76538
2026-03-26T17:00:00+00:00,23817.19,23836.94,23752.44,23774.19,64860
2026-03-26T17:30:00+00:00,23774.19,23791.94,23671.31,23680.81,64861
2026-03-26T18:00:00+00:00,23680.81,23719.94,23665.06,23668.06,79613
2026-03-26T18:30:00+00:00,23668.06,23709.06,23668.06,23702.06,64896
2026-03-26T19:00:00+00:00,23702.06,23705.31,23640.56,23661.06,64675
2026-03-26T19:30:00+00:00,23661.06,23665.06,23594.94,23605.81,73226
2026-03-26T20:00:00+00:00,23605.81,23837.36,23582.54,23684.54,50565
2026-03-26T20:30:00+00:00,23684.54,23720.41,23632.36,23638.36,34274
2026-03-26T22:00:00+00:00,23638.36,23710.24,23638.36,23692.62,22205
2026-03-26T22:30:00+00:00,23692.62,23717.24,23676.62,23698.24,18781
2026-03-26T23:00:00+00:00,23698.24,23707.62,23670.49,23678.24,15046
2026-03-26T23:30:00+00:00,23678.24,23719.99,23677.74,23705.12,16145
2026-03-27T00:00:00+00:00,23705.12,23733.87,23651.12,23665.87,36211
2026-03-27T00:30:00+00:00,23665.87,23677.37,23635.37,23646.49,31897
2026-03-27T01:00:00+00:00,23646.49,23693.49,23635.37,23692.99,32719
2026-03-27T01:30:00+00:00,23692.99,23702.87,23679.12,23699.99,30249
2026-03-27T02:00:00+00:00,23699.99,23714.12,23673.87,23689.24,26624
2026-03-27T02:30:00+00:00,23689.24,23710.12,23679.87,23682.49,22673
2026-03-27T03:00:00+00:00,23682.49,23696.24,23667.87,23676.74,23325
2026-03-27T03:30:00+00:00,23676.74,23726.12,23676.74,23724.12,20701
2026-03-27T04:00:00+00:00,23724.12,23730.99,23710.62,23721.87,17751
2026-03-27T04:30:00+00:00,23721.87,23748.87,23719.12,23744.87,16377
2026-03-27T05:00:00+00:00,23744.87,23803.62,23743.62,23769.24,26316
2026-03-27T05:30:00+00:00,23769.24,23774.37,23753.12,23755.37,23884
2026-03-27T06:00:00+00:00,23755.37,23783.24,23739.62,23774.49,27075
2026-03-27T06:30:00+00:00,23774.49,23774.49,23723.62,23733.87,20022
2026-03-27T07:00:00+00:00,23733.87,23735.12,23684.87,23688.12,22615
2026-03-27T07:30:00+00:00,23688.12,23722.12,23683.12,23700.24,26264
2026-03-27T08:00:00+00:00,23700.24,23720.24,23620.74,23624.74,53542
2026-03-27T08:30:00+00:00,23624.74,23650.87,23599.87,23606.74,41863
2026-03-27T09:00:00+00:00,23606.74,23626.74,23538.62,23617.99,46052
2026-03-27T09:30:00+00:00,23617.99,23639.49,23560.37,23567.62,35767
2026-03-27T10:00:00+00:00,23567.62,23594.99,23550.24,23558.99,37878
2026-03-27T10:30:00+00:00,23558.99,23570.87,23461.12,23477.74,36447
2026-03-27T11:00:00+00:00,23477.74,23484.37,23441.74,23481.24,42856
2026-03-27T11:30:00+00:00,23481.24,23517.49,23467.24,23492.12,34954
2026-03-27T12:00:00+00:00,23492.12,23495.37,23438.99,23478.24,42152
2026-03-27T12:30:00+00:00,23478.24,23483.24,23426.24,23442.12,43556
2026-03-27T13:00:00+00:00,23442.12,23488.37,23404.74,23482.62,58651
2026-03-27T13:30:00+00:00,23482.62,23490.64,23301.64,23309.19,208640
2026-03-27T14:00:00+00:00,23309.19,23387.02,23289.19,23306.27,171695
2026-03-27T14:30:00+00:00,23306.27,23365.02,23270.77,23340.52,137489
2026-03-27T15:00:00+00:00,23340.52,23394.27,23287.77,23386.02,125580
2026-03-27T15:30:00+00:00,23386.02,23437.64,23349.14,23378.77,112677
2026-03-27T16:00:00+00:00,23378.77,23385.14,23303.52,23311.14,79443
2026-03-27T16:30:00+00:00,23311.14,23342.64,23273.27,23303.27,78001
2026-03-27T17:00:00+00:00,23303.27,23355.64,23207.52,23209.14,80183
2026-03-27T17:30:00+00:00,23209.14,23237.64,23175.39,23189.27,63557
2026-03-27T18:00:00+00:00,23189.27,23204.14,23157.02,23191.27,67624
2026-03-27T18:30:00+00:00,23191.27,23222.77,23158.27,23168.64,60802
2026-03-27T19:00:00+00:00,23168.64,23189.14,23139.14,23159.64,59374
2026-03-27T19:30:00+00:00,23159.64,23178.39,23098.52,23140.64,89020
2026-03-27T20:00:00+00:00,23140.64,23157.24,23061.99,23085.87,43514
2026-03-27T20:30:00+00:00,23085.87,23102.74,23071.49,23087.82,12499
2026-03-29T22:00:00+00:00,23087.82,23087.82,22973.870000000003,23056.74,28351
2026-03-29T22:30:00+00:00,23056.74,23076.49,22993.74,23046.620000000003,29081
2026-03-29T23:00:00+00:00,23046.620000000003,23061.99,22995.690000000002,23004.870000000003,24791
2026-03-29T23:30:00+00:00,23004.870000000003,23007.49,22947.120000000003,22965.620000000003,36626
2026-03-30T00:00:00+00:00,22965.620000000003,23101.370000000003,22931.99,23059.870000000003,86131
2026-03-30T00:30:00+00:00,23059.870000000003,23077.370000000003,22965.190000000002,22989.120000000003,60597
2026-03-30T01:00:00+00:00,22989.120000000003,23025.620000000003,22974.120000000003,23000.99,58005
2026-03-30T01:30:00+00:00,23000.99,23048.120000000003,22997.120000000003,23039.99,46068
2026-03-30T02:00:00+00:00,23039.99,23069.870000000003,23033.190000000002,23038.870000000003,40267
2026-03-30T02:30:00+00:00,23038.870000000003,23112.99,23034.190000000002,23090.49,34478
2026-03-30T03:00:00+00:00,23090.49,23144.370000000003,23089.120000000003,23132.120000000003,28776
2026-03-30T03:30:00+00:00,23132.120000000003,23138.24,23116.99,23133.99,27262
2026-03-30T04:00:00+00:00,23133.99,23190.74,23126.620000000003,23176.870000000003,23274
2026-03-30T04:30:00+00:00,23176.870000000003,23194.620000000003,23152.870000000003,23158.99,21018
2026-03-30T05:00:00+00:00,23158.99,23200.24,23157.870000000003,23179.620000000003,27444
2026-03-30T05:30:00+00:00,23179.620000000003,23195.870000000003,23160.870000000003,23184.370000000003,27457
2026-03-30T06:00:00+00:00,23184.370000000003,23222.870000000003,23175.99,23207.74,34058
2026-03-30T06:30:00+00:00,23207.74,23253.620000000003,23206.870000000003,23228.620000000003,30134
2026-03-30T07:00:00+00:00,23228.620000000003,23243.24,23202.370000000003,23220.120000000003,35635
2026-03-30T07:30:00+00:00,23220.120000000003,23252.370000000003,23198.24,23235.620000000003,35596
2026-03-30T08:00:00+00:00,23235.620000000003,23272.870000000003,23212.24,23265.24,39394
2026-03-30T08:30:00+00:00,23265.24,23287.870000000003,23256.620000000003,23281.620000000003,31223
2026-03-30T09:00:00+00:00,23281.620000000003,23289.370000000003,23233.620000000003,23247.870000000003,32784
2026-03-30T09:30:00+00:00,23247.870000000003,23260.620000000003,23228.49,23241.870000000003,31617
2026-03-30T10:00:00+00:00,23241.870000000003,23254.870000000003,23230.99,23243.870000000003,25537
2026-03-30T10:30:00+00:00,23243.870000000003,23254.620000000003,23212.24,23249.870000000003,28500
2026-03-30T11:00:00+00:00,23249.870000000003,23408.940000000002,23245.24,23325.190000000002,41727
2026-03-30T11:30:00+00:00,23325.190000000002,23343.370000000003,23286.99,23297.49,51798
2026-03-30T12:00:00+00:00,23297.49,23348.120000000003,23275.120000000003,23339.24,39547
2026-03-30T12:30:00+00:00,23339.24,23361.99,23329.120000000003,23344.620000000003,35909
2026-03-30T13:00:00+00:00,23344.620000000003,23361.74,23320.120000000003,23346.870000000003,46048
2026-03-30T13:30:00+00:00,23346.870000000003,23376.77,23131.890000000003,23141.27,262625
2026-03-30T14:00:00+00:00,23141.27,23221.27,23137.52,23164.27,200280
2026-03-30T14:30:00+00:00,23164.27,23218.52,23101.27,23216.77,192230
2026-03-30T15:00:00+00:00,23216.77,23275.140000000003,23121.140000000003,23168.52,138013
2026-03-30T15:30:00+00:00,23168.52,23273.27,23152.140000000003,23213.27,118411
2026-03-30T16:00:00+00:00,23213.27,23219.27,23112.02,23114.02,94316
2026-03-30T16:30:00+00:00,23114.02,23154.27,23106.140000000003,23127.140000000003,80084
2026-03-30T17:00:00+00:00,23127.140000000003,23145.640000000003,23030.640000000003,23035.640000000003,91574
2026-03-30T17:30:00+00:00,23035.640000000003,23092.890000000003,23008.52,23049.77,90685
2026-03-30T18:00:00+00:00,23049.77,23051.640000000003,22992.72,22994.1,77244.95296576477
2026-03-30T18:30:00+00:00,22994.1,23033.85,22954.1,22959.6,64092
2026-03-30T19:00:00+00:00,22959.6,22969.1,22863.47,22875.97,88356
2026-03-30T19:30:00+00:00,22875.97,23003.85,22864.1,22974.85,107159
2026-03-30T20:00:00+00:00,22974.85,22982.82,22930.2,22938.32,28901
2026-03-30T20:30:00+00:00,22938.32,22946.7,22932.2,22944.649999999998,11518
2026-03-30T22:00:00+00:00,22944.649999999998,22997.829999999998,22944.649999999998,22973.21,15476
2026-03-30T22:30:00+00:00,22973.21,22977.329999999998,22949.21,22951.71,11836
2026-03-30T23:00:00+00:00,22951.71,22951.71,22872.78,22907.079999999998,27964
2026-03-30T23:30:00+00:00,22907.079999999998,22911.079999999998,22874.71,22896.829999999998,20638
2026-03-31T00:00:00+00:00,22896.829999999998,22934.579999999998,22812.96,22864.079999999998,50070
2026-03-31T00:30:00+00:00,22864.079999999998,23135.079999999998,22842.71,23052.829999999998,100631
2026-03-31T01:00:00+00:00,23052.829999999998,23177.829999999998,23011.46,23166.21,74262
2026-03-31T01:30:00+00:00,23166.21,23248.21,23164.079999999998,23190.579999999998,79727
2026-03-31T02:00:00+00:00,23190.579999999998,23215.71,23173.829999999998,23199.21,52510
2026-03-31T02:30:00+00:00,23199.21,23256.329999999998,23176.46,23196.71,43164
2026-03-31T03:00:00+00:00,23196.71,23248.71,23191.579999999998,23202.71,31826
2026-03-31T03:30:00+00:00,23202.71,23211.71,23161.78,23169.829999999998,29781
2026-03-31T04:00:00+00:00,23169.829999999998,23193.329999999998,23146.329999999998,23153.079999999998,27884
2026-03-31T04:30:00+00:00,23153.079999999998,23171.579999999998,23128.579999999998,23134.829999999998,27818
2026-03-31T05:00:00+00:00,23134.829999999998,23155.21,23085.329999999998,23139.329999999998,36236
2026-03-31T05:30:00+00:00,23139.329999999998,23189.71,23130.71,23161.079999999998,35987
2026-03-31T06:00:00+00:00,23161.079999999998,23169.829999999998,23117.46,23140.21,41317
2026-03-31T06:30:00+00:00,23140.21,23159.829999999998,23116.579999999998,23142.71,36583
2026-03-31T07:00:00+00:00,23142.71,23160.579999999998,23089.46,23125.46,49887
2026-03-31T07:30:00+00:00,23125.46,23222.329999999998,23125.46,23220.96,39046
2026-03-31T08:00:00+00:00,23220.96,23241.579999999998,23173.079999999998,23178.329999999998,45630
2026-03-31T08:30:00+00:00,23178.329999999998,23188.96,23144.53,23163.329999999998,37723
2026-03-31T09:00:00+00:00,23163.329999999998,23202.21,23160.079999999998,23174.079999999998,32969
2026-03-31T09:30:00+00:00,23174.079999999998,23187.46,23144.829999999998,23156.46,34749
2026-03-31T10:00:00+00:00,23156.46,23183.46,23146.71,23165.96,31218
2026-03-31T10:30:00+00:00,23165.96,23172.21,23089.329999999998,23135.579999999998,34746
2026-03-31T11:00:00+00:00,23135.579999999998,23249.21,23114.46,23198.96,83701
2026-03-31T11:30:00+00:00,23198.96,23233.579999999998,23176.96,23210.579999999998,52339
2026-03-31T12:00:00+00:00,23210.579999999998,23278.579999999998,23162.829999999998,23251.78,73699
2026-03-31T12:30:00+00:00,23251.78,23287.079999999998,23219.78,23221.21,52461
2026-03-31T13:00:00+00:00,23221.21,23256.71,23208.96,23233.46,50097
2026-03-31T13:30:00+00:00,23233.46,23425.48,23232.23,23416.78,233985
2026-03-31T14:00:00+00:00,23416.78,23431.98,23347.36,23418.86,190238
2026-03-31T14:30:00+00:00,23418.86,23438.23,23228.86,23260.61,151893
2026-03-31T15:00:00+00:00,23260.61,23410.73,23259.36,23343.86,158153
2026-03-31T15:30:00+00:00,23343.86,23372.23,23293.86,23297.86,139985
2026-03-31T16:00:00+00:00,23297.86,23419.11,23287.36,23401.48,100842
2026-03-31T16:30:00+00:00,23401.48,23707.98,23382.61,23626.36,340707
2026-03-31T17:00:00+00:00,23626.36,23727.61,23611.78,23656.36,233464
2026-03-31T17:30:00+00:00,23656.36,23723.48,23598.98,23611.86,181318
2026-03-31T18:00:00+00:00,23611.86,23700.23,23611.36,23677.73,121549
2026-03-31T18:30:00+00:00,23677.73,23723.23,23656.11,23707.36,87681
2026-03-31T19:00:00+00:00,23707.36,23759.23,23685.48,23733.48,82569
2026-03-31T19:30:00+00:00,23733.48,23826.11,23726.73,23762.86,122385
2026-03-31T20:00:00+00:00,23762.86,23795.71,23719.829999999998,23793.46,47425
2026-03-31T20:30:00+00:00,23793.46,23796.579999999998,23745.21,23756.66,18089
2026-03-31T22:00:00+00:00,23756.66,23819.399999999998,23726.47,23804.149999999998,20918
2026-03-31T22:30:00+00:00,23804.149999999998,23818.899999999998,23783.77,23803.649999999998,13968
2026-03-31T23:00:00+00:00,23803.649999999998,23830.02,23789.149999999998,23823.399999999998,14926
2026-03-31T23:30:00+00:00,23823.399999999998,23891.399999999998,23819.77,23882.399999999998,23624
2026-04-01T00:00:00+00:00,23882.399999999998,23894.02,23851.399999999998,23867.399999999998,40692
2026-04-01T00:30:00+00:00,23867.399999999998,23882.399999999998,23838.27,23881.77,30581
2026-04-01T01:00:00+00:00,23881.77,23888.149999999998,23821.02,23856.649999999998,44429
2026-04-01T01:30:00+00:00,23856.649999999998,23859.02,23813.02,23823.52,30485
2026-04-01T02:00:00+00:00,23823.52,23841.52,23811.27,23814.27,23567
2026-04-01T02:30:00+00:00,23814.27,23828.77,23802.149999999998,23812.77,21473
2026-04-01T03:00:00+00:00,23812.77,23833.649999999998,23809.47,23821.27,19346
2026-04-01T03:30:00+00:00,23821.27,23838.649999999998,23820.77,23827.77,17251
2026-04-01T04:00:00+00:00,23827.77,23853.77,23824.52,23853.149999999998,15734
2026-04-01T04:30:00+00:00,23853.149999999998,23867.899999999998,23844.649999999998,23858.399999999998,15331
2026-04-01T05:00:00+00:00,23858.399999999998,23919.399999999998,23853.149999999998,23898.02,21739
2026-04-01T05:30:00+00:00,23898.02,23910.899999999998,23876.149999999998,23886.77,24158
2026-04-01T06:00:00+00:00,23886.77,23972.149999999998,23884.77,23965.149999999998,34444
2026-04-01T06:30:00+00:00,23965.149999999998,24023.02,23959.02,24014.899999999998,40614
2026-04-01T07:00:00+00:00,24014.899999999998,24026.899999999998,23976.899999999998,23992.77,38116
2026-04-01T07:30:00+00:00,23992.77,24025.149999999998,23918.47,23923.77,40960
2026-04-01T08:00:00+00:00,23923.77,23952.649999999998,23879.27,23926.27,52009
2026-04-01T08:30:00+00:00,23926.27,23948.27,23872.47,23916.77,39282
2026-04-01T09:00:00+00:00,23916.77,23929.27,23849.649999999998,23875.649999999998,36034
2026-04-01T09:30:00+00:00,23875.649999999998,23936.899999999998,23874.52,23915.149999999998,33870
2026-04-01T10:00:00+00:00,23915.149999999998,23933.149999999998,23896.399999999998,23912.899999999998,28735
2026-04-01T10:30:00+00:00,23912.899999999998,23985.399999999998,23908.97,23973.27,30812
2026-04-01T11:00:00+00:00,23973.27,24011.399999999998,23968.52,23996.52,29461
2026-04-01T11:30:00+00:00,23996.52,24051.27,23992.27,24036.27,32646
2026-04-01T12:00:00+00:00,24036.27,24041.899999999998,23969.02,23988.22,38176
2026-04-01T12:30:00+00:00,23988.22,24084.22,23895.649999999998,23907.27,78621
2026-04-01T13:00:00+00:00,23907.27,23947.149999999998,23882.47,23934.399999999998,77984
2026-04-01T13:30:00+00:00,23934.399999999998,24040.3,23889.67,23963.22,286352
2026-04-01T14:00:00+00:00,23963.22,24056.55,23953.97,24032.8,225441
2026-04-01T14:30:00+00:00,24032.8,24116.05,23977.8,24106.42,167934
2026-04-01T15:00:00+00:00,24106.42,24132.92,24094.8,24095.92,89277
2026-04-01T15:30:00+00:00,24095.92,24172.67,24076.17,24160.05,73619
2026-04-01T16:00:00+00:00,24160.05,24175.67,24140.92,24150.92,59669
2026-04-01T16:30:00+00:00,24150.92,24177.05,24134.3,24165.17,45799
2026-04-01T17:00:00+00:00,24165.17,24194.05,24160.67,24177.42,38444
2026-04-01T17:30:00+00:00,24177.42,24187.05,24111.8,24112.8,50301
2026-04-01T18:00:00+00:00,24112.8,24119.67,23986.42,24000.05,115965
2026-04-01T18:30:00+00:00,24000.05,24050.92,23970.67,24005.3,104317
2026-04-01T19:00:00+00:00,24005.3,24091.92,24000.3,24080.05,73789
2026-04-01T19:30:00+00:00,24080.05,24099.92,24017.72,24046.05,94317
2026-04-01T20:00:00+00:00,24046.05,24061.52,24022.149999999998,24026.649999999998,26304
2026-04-01T20:30:00+00:00,24026.649999999998,24048.399999999998,24023.02,24033.6,11855
2026-04-01T22:00:00+00:00,24033.6,24048.95,24011.649999999998,24037.95,16245
2026-04-01T22:30:00+00:00,24037.95,24044.95,24001.7,24013.7,15917
2026-04-01T23:00:00+00:00,24013.7,24046.45,24006.579999999998,24045.579999999998,13039
2026-04-01T23:30:00+00:00,24045.579999999998,24045.579999999998,24002.649999999998,24027.329999999998,14195
2026-04-02T00:00:00+00:00,24027.329999999998,24030.079999999998,24001.079999999998,24008.079999999998,43014
2026-04-02T00:30:00+00:00,24008.079999999998,24089.329999999998,23998.329999999998,24080.45,45190
2026-04-02T01:00:00+00:00,24080.45,24080.829999999998,23806.649999999998,23817.149999999998,64717
2026-04-02T01:30:00+00:00,23817.149999999998,23823.649999999998,23756.399999999998,23782.7,59640
2026-04-02T02:00:00+00:00,23782.7,23810.329999999998,23705.7,23711.45,66890
2026-04-02T02:30:00+00:00,23711.45,23738.329999999998,23700.329999999998,23728.829999999998,41713
2026-04-02T03:00:00+00:00,23728.829999999998,23737.7,23695.579999999998,23723.95,31063
2026-04-02T03:30:00+00:00,23723.95,23728.829999999998,23658.95,23665.2,35962
2026-04-02T04:00:00+00:00,23665.2,23685.329999999998,23653.329999999998,23661.95,29620
2026-04-02T04:30:00+00:00,23661.95,23671.95,23638.95,23647.829999999998,23807
2026-04-02T05:00:00+00:00,23647.829999999998,23669.45,23637.45,23658.579999999998,26976
2026-04-02T05:30:00+00:00,23658.579999999998,23670.579999999998,23598.079999999998,23600.7,32273
2026-04-02T06:00:00+00:00,23600.7,23639.329999999998,23596.079999999998,23633.829999999998,35024
2026-04-02T06:30:00+00:00,23633.829999999998,23662.329999999998,23626.95,23659.579999999998,25900
2026-04-02T07:00:00+00:00,23659.579999999998,23682.329999999998,23639.2,23666.829999999998,41218
2026-04-02T07:30:00+00:00,23666.829999999998,23725.2,23662.829999999998,23722.45,31439
2026-04-02T08:00:00+00:00,23722.45,23725.7,23666.329999999998,23681.7,31800
2026-04-02T08:30:00+00:00,23681.7,23713.579999999998,23674.829999999998,23678.329999999998,28559
2026-04-02T09:00:00+00:00,23678.329999999998,23703.45,23667.579999999998,23693.829999999998,26380
2026-04-02T09:30:00+00:00,23693.829999999998,23694.079999999998,23662.579999999998,23674.079999999998,23180
2026-04-02T10:00:00+00:00,23674.079999999998,23684.329999999998,23620.45,23624.7,27288
2026-04-02T10:30:00+00:00,23624.7,23663.2,23618.829999999998,23656.079999999998,28882
2026-04-02T11:00:00+00:00,23656.079999999998,23665.579999999998,23567.2,23570.45,38345
2026-04-02T11:30:00+00:00,23570.45,23594.45,23526.149999999998,23526.95,34605
2026-04-02T12:00:00+00:00,23526.95,23577.829999999998,23510.45,23570.149999999998,43740
2026-04-02T12:30:00+00:00,23570.149999999998,23601.45,23555.95,23569.329999999998,43259
2026-04-02T13:00:00+00:00,23569.329999999998,23611.2,23551.649999999998,23606.45,64154
2026-04-02T13:30:00+00:00,23606.45,23752.23,23522.48,23742.23,290340
2026-04-02T14:00:00+00:00,23742.23,23846.73,23703.23,23786.23,219321
2026-04-02T14:30:00+00:00,23786.23,24106.23,23775.85,24019.35,332317
2026-04-02T15:00:00+00:00,24019.35,24058.48,23948.85,24025.1,218763
2026-04-02T15:30:00+00:00,24025.1,24056.48,23933.35,23979.73,159817
2026-04-02T16:00:00+00:00,23979.73,24010.6,23901.73,23930.6,133846
2026-04-02T16:30:00+00:00,23930.6,24020.1,23912.98,23965.23,132387
2026-04-02T17:00:00+00:00,23965.23,24026.23,23942.1,24008.48,90813
2026-04-02T17:30:00+00:00,24008.48,24013.23,23907.6,23934.73,78536
2026-04-02T18:00:00+00:00,23934.73,23988.85,23934.6,23951.6,74183
2026-04-02T18:30:00+00:00,23951.6,24009.1,23945.23,23984.48,59091
2026-04-02T19:00:00+00:00,23984.48,24025.85,23978.85,23990.85,60245
2026-04-02T19:30:00+00:00,23990.85,24069.6,23980.6,24065.35,70701
2026-04-02T20:00:00+00:00,24065.35,24077.579999999998,24043.079999999998,24069.7,23297
2026-04-02T20:30:00+00:00,24069.7,24072.2,24047.2,24063.03,14834
2026-04-02T22:00:00+00:00,24063.03,24063.54,24024.239999999998,24052.29,9856
2026-04-02T22:30:00+00:00,24052.29,24064.29,24045.79,24049.54,5287
2026-04-02T23:00:00+00:00,24049.54,24058.34,24035.42,24054.34,5531.981621266819
2026-04-02T23:30:00+00:00,24054.34,24062.34,24050.09,24059.09,5753
2026-04-03T00:00:00+00:00,24059.09,24100.710000000003,24059.09,24082.84,16131
2026-04-03T00:30:00+00:00,24082.84,24085.460000000003,24058.91,24071.59,12461
2026-04-03T01:00:00+00:00,24071.59,24077.34,24053.34,24063.84,10530
2026-04-03T01:30:00+00:00,24063.84,24066.09,24041.960000000003,24043.460000000003,9261
2026-04-03T02:00:00+00:00,24043.460000000003,24051.59,24008.91,24014.460000000003,9599
2026-04-03T02:30:00+00:00,24014.460000000003,24043.460000000003,23997.16,24026.84,12593
2026-04-03T03:00:00+00:00,24026.84,24037.960000000003,24016.460000000003,24017.960000000003,7334
2026-04-03T03:30:00+00:00,24017.960000000003,24025.460000000003,24007.210000000003,24012.710000000003,7411
2026-04-03T04:00:00+00:00,24012.710000000003,24028.84,24009.84,24022.960000000003,6703
2026-04-03T04:30:00+00:00,24022.960000000003,24025.960000000003,24003.09,24013.210000000003,7039
2026-04-03T05:00:00+00:00,24013.210000000003,24034.84,24005.34,24015.460000000003,7228
2026-04-03T05:30:00+00:00,24015.460000000003,24039.210000000003,24015.460000000003,24027.09,7286
2026-04-03T06:00:00+00:00,24027.09,24029.84,24013.59,24017.960000000003,6452
2026-04-03T06:30:00+00:00,24017.960000000003,24018.710000000003,23985.59,23999.09,8768
2026-04-03T07:00:00+00:00,23999.09,24000.210000000003,23966.210000000003,23995.34,8253
2026-04-03T07:30:00+00:00,23995.34,24009.210000000003,23995.09,24000.34,5882
2026-04-03T08:00:00+00:00,24000.34,24013.210000000003,23988.66,23992.34,5815
2026-04-03T08:30:00+00:00,23992.34,24003.960000000003,23988.710000000003,23995.59,4357
2026-04-03T09:00:00+00:00,23995.59,23999.960000000003,23977.59,23990.09,5728
2026-04-03T09:30:00+00:00,23990.09,23994.59,23984.59,23985.59,3303
2026-04-03T10:00:00+00:00,23985.59,23990.460000000003,23972.41,23980.34,5133
2026-04-03T10:30:00+00:00,23980.34,23990.34,23975.210000000003,23984.210000000003,4225
2026-04-03T11:00:00+00:00,23984.210000000003,23999.59,23959.59,23997.710000000003,8905
2026-04-03T11:30:00+00:00,23997.710000000003,24005.460000000003,23992.460000000003,23996.59,7770
2026-04-03T12:00:00+00:00,23996.59,24025.960000000003,23974.34,24007.91,15408
2026-04-03T12:30:00+00:00,24007.91,24084.16,23958.66,23962.66,17999
2026-04-03T13:00:00+00:00,23962.66,23983.09,23951.91,23976.16,6439
2026-04-05T22:00:00+00:00,23976.16,23976.16,23834.54,23915.41,40370
2026-04-05T22:30:00+00:00,23915.41,23950.54,23887.79,23932.29,23463
2026-04-05T23:00:00+00:00,23932.29,23947.41,23894.29,23923.16,30902
2026-04-05T23:30:00+00:00,23923.16,23945.54,23921.79,23944.91,11195
2026-04-06T00:00:00+00:00,23944.91,24056.79,23940.11,24025.16,37318
2026-04-06T00:30:00+00:00,24025.16,24068.41,24024.86,24062.29,22299
2026-04-06T01:00:00+00:00,24062.29,24092.79,24049.79,24087.66,20585
2026-04-06T01:30:00+00:00,24087.66,24088.41,24037.66,24046.29,17786
2026-04-06T02:00:00+00:00,24046.29,24179.79,24041.41,24164.16,32515
2026-04-06T02:30:00+00:00,24164.16,24169.29,24075.66,24076.54,24864
2026-04-06T03:00:00+00:00,24076.54,24083.59,23977.66,24039.84,27520.74548019278
2026-04-06T03:30:00+00:00,24039.84,24070.34,24030.21,24066.34,18499
2026-04-06T04:00:00+00:00,24066.34,24091.59,24061.71,24080.96,15781
2026-04-06T04:30:00+00:00,24080.96,24115.09,24075.71,24106.96,14355
2026-04-06T05:00:00+00:00,24106.96,24122.21,24104.46,24105.46,13819
2026-04-06T05:30:00+00:00,24105.46,24107.96,24066.84,24086.71,17367
2026-04-06T06:00:00+00:00,24086.71,24130.84,24073.84,24080.34,19267
2026-04-06T06:30:00+00:00,24080.34,24144.46,24070.21,24110.34,21616
2026-04-06T07:00:00+00:00,24110.34,24115.34,24062.34,24092.21,18950
2026-04-06T07:30:00+00:00,24092.21,24179.21,24089.71,24162.84,19574
2026-04-06T08:00:00+00:00,24162.84,24214.34,24162.84,24204.34,23904
2026-04-06T08:30:00+00:00,24204.34,24246.34,24198.84,24223.71,18157
2026-04-06T09:00:00+00:00,24223.71,24251.21,24221.21,24235.21,17256
2026-04-06T09:30:00+00:00,24235.21,24242.59,24185.96,24190.34,16883
2026-04-06T10:00:00+00:00,24190.34,24213.09,24181.09,24197.96,15392
2026-04-06T10:30:00+00:00,24197.96,24209.21,24124.41,24168.71,22517
2026-04-06T11:00:00+00:00,24168.71,24168.71,24136.84,24155.84,23321
2026-04-06T11:30:00+00:00,24155.84,24170.46,24146.59,24160.46,17776
2026-04-06T12:00:00+00:00,24160.46,24170.71,24142.59,24164.46,19419
2026-04-06T12:30:00+00:00,24164.46,24191.34,24154.09,24160.46,25225
2026-04-06T13:00:00+00:00,24160.46,24167.34,24111.71,24117.84,39149
2026-04-06T13:30:00+00:00,24117.84,24264.41,24102.11,24264.41,175550
2026-04-06T14:00:00+00:00,24264.41,24302.239999999998,24126.489999999998,24219.489999999998,145210
2026-04-06T14:30:00+00:00,24219.489999999998,24243.489999999998,24117.11,24160.739999999998,116495
2026-04-06T15:00:00+00:00,24160.739999999998,24191.489999999998,24122.11,24135.489999999998,89764
2026-04-06T15:30:00+00:00,24135.489999999998,24185.989999999998,24107.989999999998,24177.989999999998,62180
2026-04-06T16:00:00+00:00,24177.989999999998,24182.989999999998,24137.739999999998,24167.11,48550
2026-04-06T16:30:00+00:00,24167.11,24200.739999999998,24156.36,24162.239999999998,45283
2026-04-06T17:00:00+00:00,24162.239999999998,24166.11,24058.36,24160.239999999998,61270
2026-04-06T17:30:00+00:00,24160.239999999998,24186.489999999998,24116.36,24118.36,44037
2026-04-06T18:00:00+00:00,24118.36,24214.86,24100.489999999998,24196.36,50042
2026-04-06T18:30:00+00:00,24196.36,24211.739999999998,24178.36,24205.739999999998,41114
2026-04-06T19:00:00+00:00,24205.739999999998,24209.489999999998,24185.11,24190.36,35772
2026-04-06T19:30:00+00:00,24190.36,24224.11,24180.86,24217.239999999998,41281
2026-04-06T20:00:00+00:00,24217.239999999998,24223.34,24188.21,24198.09,18164
2026-04-06T20:30:00+00:00,24198.09,24210.59,24193.71,24203.29,8513
2026-04-06T22:00:00+00:00,24203.29,24248.219999999998,24169.09,24187.469999999998,13774
2026-04-06T22:30:00+00:00,24187.469999999998,24193.719999999998,24168.59,24168.969999999998,8707
2026-04-06T23:00:00+00:00,24168.969999999998,24197.469999999998,24168.469999999998,24179.469999999998,7835
2026-04-06T23:30:00+00:00,24179.469999999998,24190.969999999998,24165.09,24165.969999999998,7287
2026-04-07T00:00:00+00:00,24165.969999999998,24224.09,24144.59,24196.84,26119
2026-04-07T00:30:00+00:00,24196.84,24201.09,24157.84,24168.719999999998,17446
2026-04-07T01:00:00+00:00,24168.719999999998,24176.719999999998,24114.969999999998,24144.719999999998,26228
2026-04-07T01:30:00+00:00,24144.719999999998,24148.469999999998,24035.34,24043.59,30005
2026-04-07T02:00:00+00:00,24043.59,24062.969999999998,24019.59,24059.469999999998,26432
2026-04-07T02:30:00+00:00,24059.469999999998,24086.34,24057.84,24077.969999999998,16623
2026-04-07T03:00:00+00:00,24077.969999999998,24084.84,24059.219999999998,24081.34,15508
2026-04-07T03:30:00+00:00,24081.34,24096.969999999998,24079.219999999998,24086.969999999998,12858
2026-04-07T04:00:00+00:00,24086.969999999998,24106.219999999998,24064.969999999998,24092.219999999998,16633
2026-04-07T04:30:00+00:00,24092.219999999998,24128.59,24092.219999999998,24113.09,14969
2026-04-07T05:00:00+00:00,24113.09,24125.09,24087.34,24090.719999999998,13335
2026-04-07T05:30:00+00:00,24090.719999999998,24098.219999999998,24071.34,24093.84,18424
2026-04-07T06:00:00+00:00,24093.84,24107.469999999998,24073.59,24104.84,21476
2026-04-07T06:30:00+00:00,24104.84,24110.59,24085.84,24108.469999999998,18362
2026-04-07T07:00:00+00:00,24108.469999999998,24121.469999999998,24075.84,24085.09,28975
2026-04-07T07:30:00+00:00,24085.09,24117.219999999998,24083.719999999998,24113.09,20713
2026-04-07T08:00:00+00:00,24113.09,24233.719999999998,24113.09,24203.79,43259
2026-04-07T08:30:00+00:00,24203.79,24248.469999999998,24199.719999999998,24226.469999999998,31347
2026-04-07T09:00:00+00:00,24226.469999999998,24276.719999999998,24219.09,24268.59,26207
2026-04-07T09:30:00+00:00,24268.59,24286.59,24237.969999999998,24251.84,22310
2026-04-07T10:00:00+00:00,24251.84,24265.59,24162.04,24214.04,30545
2026-04-07T10:30:00+00:00,24214.04,24216.04,24051.79,24069.79,25347
2026-04-07T11:00:00+00:00,24069.79,24123.219999999998,24062.219999999998,24090.719999999998,33583
2026-04-07T11:30:00+00:00,24090.719999999998,24094.34,24044.719999999998,24077.09,33011
2026-04-07T12:00:00+00:00,24077.09,24108.969999999998,24005.04,24108.09,45333
2026-04-07T12:30:00+00:00,24108.09,24143.719999999998,24045.719999999998,24081.59,37961
2026-04-07T13:00:00+00:00,24081.59,24115.719999999998,24070.34,24108.84,43224
2026-04-07T13:30:00+00:00,24108.84,24165.989999999998,23985.489999999998,23988.489999999998,165877
2026-04-07T14:00:00+00:00,23988.489999999998,23997.62,23861.12,23974.489999999998,133187
2026-04-07T14:30:00+00:00,23974.489999999998,24010.739999999998,23874.87,23876.12,104274
2026-04-07T15:00:00+00:00,23876.12,23950.37,23808.62,23933.37,103176
2026-04-07T15:30:00+00:00,23933.37,23998.239999999998,23909.37,23974.37,76494
2026-04-07T16:00:00+00:00,23974.37,24101.87,23973.12,24057.62,96901
2026-04-07T16:30:00+00:00,24057.62,24105.37,24042.87,24068.37,65967
2026-04-07T17:00:00+00:00,24068.37,24101.62,24036.739999999998,24054.739999999998,56656
2026-04-07T17:30:00+00:00,24054.739999999998,24165.87,24050.37,24092.12,67341
2026-04-07T18:00:00+00:00,24092.12,24104.489999999998,24053.62,24060.87,52111
2026-04-07T18:30:00+00:00,24060.87,24068.87,23943.37,23969.12,61582
2026-04-07T19:00:00+00:00,23969.12,24161.239999999998,23949.739999999998,24084.239999999998,97061
2026-04-07T19:30:00+00:00,24084.239999999998,24247.37,24058.37,24235.989999999998,95869
2026-04-07T20:00:00+00:00,24235.989999999998,24272.219999999998,24212.09,24233.469999999998,40366
2026-04-07T20:30:00+00:00,24233.469999999998,24316.59,24229.469999999998,24264.79,30023
2026-04-07T22:00:00+00:00,24264.79,24511,24264.79,24462.55,34457
2026-04-07T22:30:00+00:00,24462.55,24780.75,24222.25,24771.25,54258
2026-04-07T23:00:00+00:00,24771.25,24943.8,24771.25,24904.3,38951
2026-04-07T23:30:00+00:00,24904.3,24919.8,24868.8,24908.68,34507
2026-04-08T00:00:00+00:00,24908.68,24948.68,24886.93,24899.05,48689
2026-04-08T00:30:00+00:00,24899.05,24959.3,24866.18,24939.05,32282
2026-04-08T01:00:00+00:00,24939.05,24963.43,24900.75,24925.18,29568
2026-04-08T01:30:00+00:00,24925.18,24966.68,24923.18,24952.05,26385
2026-04-08T02:00:00+00:00,24952.05,24967.18,24951.93,24955.3,19127
2026-04-08T02:30:00+00:00,24955.3,24969.18,24949.55,24968.93,14391
2026-04-08T03:00:00+00:00,24968.93,24976.18,24944.55,24951.43,14665
2026-04-08T03:30:00+00:00,24951.43,24961.68,24947.43,24960.43,13565
2026-04-08T04:00:00+00:00,24960.43,25013.18,24960.43,25005.18,15177
2026-04-08T04:30:00+00:00,25005.18,25010.68,24979.3,24982.68,14207
2026-04-08T05:00:00+00:00,24982.68,25020.55,24976.55,25016.8,18636
2026-04-08T05:30:00+00:00,25016.8,25052.3,24998.3,25049.18,21190
2026-04-08T06:00:00+00:00,25049.18,25059.3,25019.93,25030.93,27247
2026-04-08T06:30:00+00:00,25030.93,25045.93,25022.18,25028.55,23485
2026-04-08T07:00:00+00:00,25028.55,25047.8,25000.43,25025.68,34506
2026-04-08T07:30:00+00:00,25025.68,25025.68,24994.18,25000.18,29183
2026-04-08T08:00:00+00:00,25000.18,25034.3,24992.55,25030.3,30171
2026-04-08T08:30:00+00:00,25030.3,25080.75,25005,25073.18,27023
2026-04-08T09:00:00+00:00,25073.18,25103.43,25062.5,25073.8,22093
2026-04-08T09:30:00+00:00,25073.8,25078.93,25042.18,25058.18,23662
2026-04-08T10:00:00+00:00,25058.18,25079.18,25043.68,25078.43,22085
2026-04-08T10:30:00+00:00,25078.43,25090.05,25061.05,25062.43,18298
2026-04-08T11:00:00+00:00,25062.43,25090.93,25038.55,25084.43,28311
2026-04-08T11:30:00+00:00,25084.43,25092.93,25063.43,25067.3,28266
2026-04-08T12:00:00+00:00,25067.3,25114.68,25013.55,25047.8,46391
2026-04-08T12:30:00+00:00,25047.8,25079.18,25034.55,25071.3,34582
2026-04-08T13:00:00+00:00,25071.3,25095.05,25045.05,25057.05,40913
2026-04-08T13:30:00+00:00,25057.05,25107.83,24922.75,24940.45,221876
2026-04-08T14:00:00+00:00,24940.45,24963.08,24901.33,24913.58,153419
2026-04-08T14:30:00+00:00,24913.58,24925.08,24785,24851.33,146926
2026-04-08T15:00:00+00:00,24851.33,24902.08,24837.33,24869.58,103437
2026-04-08T15:30:00+00:00,24869.58,24947.58,24863.33,24936.95,66035
2026-04-08T16:00:00+00:00,24936.95,24974.58,24920.08,24953.08,60370
2026-04-08T16:30:00+00:00,24953.08,25015.83,24945.7,25000.45,44861
2026-04-08T17:00:00+00:00,25000.45,25014.95,24930.7,24941.2,54907
2026-04-08T17:30:00+00:00,24941.2,24959.58,24923.75,24952.58,52313
2026-04-08T18:00:00+00:00,24952.58,24989.95,24891.2,24912.58,88141
2026-04-08T18:30:00+00:00,24912.58,24930.95,24807.45,24811.95,68551
2026-04-08T19:00:00+00:00,24811.95,24870.08,24801.7,24816.2,75487
2026-04-08T19:30:00+00:00,24816.2,24955.2,24814.58,24938.2,75121
2026-04-08T20:00:00+00:00,24938.2,24953.05,24906.55,24907.93,23262
2026-04-08T20:30:00+00:00,24907.93,24910.18,24891.43,24896.25,10705
2026-04-08T22:00:00+00:00,24896.25,24919.690000000002,24866.56,24883.440000000002,17160
2026-04-08T22:30:00+00:00,24883.440000000002,24904.81,24881.81,24889.940000000002,11083
2026-04-08T23:00:00+00:00,24889.940000000002,24910.56,24879.190000000002,24888.56,12607
2026-04-08T23:30:00+00:00,24888.56,24893.06,24878.190000000002,24881.31,13677
2026-04-09T00:00:00+00:00,24881.31,24890.06,24854.760000000002,24867.440000000002,32608
2026-04-09T00:30:00+00:00,24867.440000000002,24888.81,24862.440000000002,24867.06,27931
2026-04-09T01:00:00+00:00,24867.06,24876.440000000002,24836.190000000002,24843.31,24399
2026-04-09T01:30:00+00:00,24843.31,24880.690000000002,24839.440000000002,24878.31,23871
2026-04-09T02:00:00+00:00,24878.31,24896.31,24877.56,24882.440000000002,18656
2026-04-09T02:30:00+00:00,24882.440000000002,24904.81,24881.690000000002,24886.06,14514
2026-04-09T03:00:00+00:00,24886.06,24892.690000000002,24871.690000000002,24874.940000000002,11847
2026-04-09T03:30:00+00:00,24874.940000000002,24889.56,24864.06,24874.190000000002,13037
2026-04-09T04:00:00+00:00,24874.190000000002,24877.690000000002,24863.31,24868.940000000002,10592
2026-04-09T04:30:00+00:00,24868.940000000002,24879.06,24862.010000000002,24869.440000000002,10478
2026-04-09T05:00:00+00:00,24869.440000000002,24888.06,24849.56,24887.81,18379
2026-04-09T05:30:00+00:00,24887.81,24902.190000000002,24877.31,24884.56,16661
2026-04-09T06:00:00+00:00,24884.56,24913.56,24880.190000000002,24892.690000000002,23611
2026-04-09T06:30:00+00:00,24892.690000000002,24897.940000000002,24872.56,24894.690000000002,21372
2026-04-09T07:00:00+00:00,24894.690000000002,24903.81,24852.190000000002,24867.81,28533
2026-04-09T07:30:00+00:00,24867.81,24873.190000000002,24820.440000000002,24841.06,22956
2026-04-09T08:00:00+00:00,24841.06,24846.440000000002,24808.06,24816.56,28398
2026-04-09T08:30:00+00:00,24816.56,24859.31,24815.940000000002,24827.940000000002,22119
2026-04-09T09:00:00+00:00,24827.940000000002,24871.31,24819.440000000002,24867.690000000002,19146
2026-04-09T09:30:00+00:00,24867.690000000002,24873.690000000002,24848.440000000002,24872.06,15458
2026-04-09T10:00:00+00:00,24872.06,24882.31,24857.56,24877.440000000002,19566
2026-04-09T10:30:00+00:00,24877.440000000002,24879.81,24836.440000000002,24839.440000000002,20488
2026-04-09T11:00:00+00:00,24839.440000000002,24854.06,24832.31,24839.56,20900
2026-04-09T11:30:00+00:00,24839.56,24893.81,24838.760000000002,24885.190000000002,24211
2026-04-09T12:00:00+00:00,24885.190000000002,24905.940000000002,24882.06,24887.510000000002,20471
2026-04-09T12:30:00+00:00,24887.510000000002,24918.440000000002,24871.940000000002,24884.190000000002,36929
2026-04-09T13:00:00+00:00,24884.190000000002,24937.940000000002,24881.81,24935.440000000002,32654
2026-04-09T13:30:00+00:00,24935.440000000002,24966.71,24861.46,24888.84,186947
2026-04-09T14:00:00+00:00,24888.84,24911.46,24819.46,24837.59,117691
2026-04-09T14:30:00+00:00,24837.59,24908.59,24816.34,24896.59,92045
2026-04-09T15:00:00+00:00,24896.59,24961.09,24871.71,24914.09,79641
2026-04-09T15:30:00+00:00,24914.09,25052.84,24904.09,25044.96,136275
2026-04-09T16:00:00+00:00,25044.96,25119.96,25044.34,25072.09,82934
2026-04-09T16:30:00+00:00,25072.09,25075.71,25017.46,25052.46,64376
2026-04-09T17:00:00+00:00,25052.46,25108.96,25043.71,25079.34,52407
2026-04-09T17:30:00+00:00,25079.34,25112.21,25045.010000000002,25082.34,53387
2026-04-09T18:00:00+00:00,25082.34,25086.96,25001.510000000002,25018.34,89242
2026-04-09T18:30:00+00:00,25018.34,25047.09,25001.59,25035.71,54177
2026-04-09T19:00:00+00:00,25035.71,25085.84,25031.21,25078.46,45155
2026-04-09T19:30:00+00:00,25078.46,25125.21,25076.34,25104.71,53980
2026-04-09T20:00:00+00:00,25104.71,25109.31,25075.56,25095.31,18622
2026-04-09T20:30:00+00:00,25095.31,25109.06,25090.940000000002,25099.510000000002,7532
2026-04-09T22:00:00+00:00,25099.510000000002,25111.09,25069.04,25073.04,12245
2026-04-09T22:30:00+00:00,25073.04,25089.72,25059.84,25063.84,12991
2026-04-09T23:00:00+00:00,25063.84,25071.09,25049.84,25066.34,8198
2026-04-09T23:30:00+00:00,25066.34,25092.09,25064.34,25080.97,9882
2026-04-10T00:00:00+00:00,25080.97,25093.22,25062.22,25091.22,22927
2026-04-10T00:30:00+00:00,25091.22,25133.84,25088.09,25127.72,17151
2026-04-10T01:00:00+00:00,25127.72,25135.72,25112.22,25135.47,16597
2026-04-10T01:30:00+00:00,25135.47,25155.34,25131.29,25141.09,18941
2026-04-10T02:00:00+00:00,25141.09,25146.97,25110.84,25118.34,17237
2026-04-10T02:30:00+00:00,25118.34,25134.97,25116.97,25130.47,10656
2026-04-10T03:00:00+00:00,25130.47,25144.34,25127.72,25128.97,8883
2026-04-10T03:30:00+00:00,25128.97,25159.34,25128.72,25147.72,12577
2026-04-10T04:00:00+00:00,25147.72,25150.22,25129.79,25133.72,9468
2026-04-10T04:30:00+00:00,25133.72,25136.72,25122.09,25126.22,9659
2026-04-10T05:00:00+00:00,25126.22,25141.47,25125.09,25125.84,11910
2026-04-10T05:30:00+00:00,25125.84,25134.72,25114.79,25118.84,14077
2026-04-10T06:00:00+00:00,25118.84,25124.22,25092.59,25094.47,16469
2026-04-10T06:30:00+00:00,25094.47,25099.09,25076.04,25085.22,17310
2026-04-10T07:00:00+00:00,25085.22,25104.22,25079.72,25102.72,20978
2026-04-10T07:30:00+00:00,25102.72,25111.47,25085.09,25098.72,19223
2026-04-10T08:00:00+00:00,25098.72,25100.34,25059.79,25084.47,23076
2026-04-10T08:30:00+00:00,25084.47,25092.47,25059.84,25065.59,19580
2026-04-10T09:00:00+00:00,25065.59,25130.97,25062.59,25094.59,31966
2026-04-10T09:30:00+00:00,25094.59,25118.47,25078.22,25115.22,24613
2026-04-10T10:00:00+00:00,25115.22,25138.22,25097.22,25127.34,19103
2026-04-10T10:30:00+00:00,25127.34,25140.22,25111.72,25128.34,17015
2026-04-10T11:00:00+00:00,25128.34,25155.72,25126.47,25148.22,20034
2026-04-10T11:30:00+00:00,25148.22,25157.72,25118.34,25125.09,19661
2026-04-10T12:00:00+00:00,25125.09,25207.59,25120.22,25168.54,22420
2026-04-10T12:30:00+00:00,25168.54,25228.79,25148.72,25160.72,36502
2026-04-10T13:00:00+00:00,25160.72,25178.72,25149.29,25171.22,30452
2026-04-10T13:30:00+00:00,25171.22,25225.99,25147.99,25176.99,170644
2026-04-10T14:00:00+00:00,25176.99,25209.49,25125.62,25197.99,107988
2026-04-10T14:30:00+00:00,25197.99,25230.12,25163.24,25209.24,90725
2026-04-10T15:00:00+00:00,25209.24,25249.99,25185.37,25204.99,66277
2026-04-10T15:30:00+00:00,25204.99,25214.49,25102.12,25121.49,89076
2026-04-10T16:00:00+00:00,25121.49,25158.62,25105.49,25132.87,65182
2026-04-10T16:30:00+00:00,25132.87,25140.87,25079.12,25122.12,68300
2026-04-10T17:00:00+00:00,25122.12,25123.24,25084.87,25090.37,55239
2026-04-10T17:30:00+00:00,25090.37,25132.37,25080.24,25128.79,45379.799554941324
2026-04-10T18:00:00+00:00,25128.79,25137.79,25097.04,25124.29,43424
2026-04-10T18:30:00+00:00,25124.29,25127.54,25096.17,25117.79,34473
2026-04-10T19:00:00+00:00,25117.79,25158.67,25115.79,25151.67,30230
2026-04-10T19:30:00+00:00,25151.67,25151.92,25116.42,25140.79,46849
2026-04-10T20:00:00+00:00,25140.79,25165.920000000002,25133.14,25160.54,15325
2026-04-10T20:30:00+00:00,25160.54,25175.54,25156.54,25175.24,4178
2026-04-12T22:00:00+00:00,25175.24,25175.24,24768.030000000002,24816.83,60856
2026-04-12T22:30:00+00:00,24816.83,24827.960000000003,24791.33,24819.960000000003,31329
2026-04-12T23:00:00+00:00,24819.960000000003,24820.710000000003,24792.58,24807.33,18656
2026-04-12T23:30:00+00:00,24807.33,24848.960000000003,24785.530000000002,24846.08,23734
2026-04-13T00:00:00+00:00,24846.08,24872.210000000003,24812.08,24859.33,44276
2026-04-13T00:30:00+00:00,24859.33,24918.83,24851.08,24918.58,30178
2026-04-13T01:00:00+00:00,24918.58,24945.83,24914.83,24936.960000000003,29899
2026-04-13T01:30:00+00:00,24936.960000000003,24952.960000000003,24922.08,24946.08,24832
2026-04-13T02:00:00+00:00,24946.08,24948.210000000003,24919.710000000003,24924.33,15887
2026-04-13T02:30:00+00:00,24924.33,24943.460000000003,24919.83,24940.210000000003,14369
2026-04-13T03:00:00+00:00,24940.210000000003,24947.210000000003,24916.960000000003,24934.58,14531
2026-04-13T03:30:00+00:00,24934.58,24936.710000000003,24919.960000000003,24922.960000000003,13759
2026-04-13T04:00:00+00:00,24922.960000000003,24938.710000000003,24912.780000000002,24933.460000000003,13604
2026-04-13T04:30:00+00:00,24933.460000000003,24957.960000000003,24926.33,24943.58,15014
2026-04-13T05:00:00+00:00,24943.58,24953.210000000003,24922.83,24942.460000000003,17106
2026-04-13T05:30:00+00:00,24942.460000000003,24947.960000000003,24926.83,24942.08,16675
2026-04-13T06:00:00+00:00,24942.08,24982.210000000003,24940.960000000003,24971.710000000003,24522
2026-04-13T06:30:00+00:00,24971.710000000003,24978.33,24960.210000000003,24977.960000000003,17027
2026-04-13T07:00:00+00:00,24977.960000000003,24990.710000000003,24950.83,24972.710000000003,25826
2026-04-13T07:30:00+00:00,24972.710000000003,24980.08,24955.960000000003,24964.33,18935
2026-04-13T08:00:00+00:00,24964.33,24993.460000000003,24962.33,24981.33,29153
2026-04-13T08:30:00+00:00,24981.33,24986.710000000003,24952.210000000003,24960.710000000003,23143
2026-04-13T09:00:00+00:00,24960.710000000003,24992.210000000003,24960.710000000003,24984.960000000003,20915
2026-04-13T09:30:00+00:00,24984.960000000003,24996.08,24970.710000000003,24978.960000000003,12073
2026-04-13T10:00:00+00:00,24978.960000000003,24986.460000000003,24972.460000000003,24981.83,12913
2026-04-13T10:30:00+00:00,24981.83,25021.210000000003,24975.210000000003,25018.960000000003,15579
2026-04-13T11:00:00+00:00,25018.960000000003,25057.460000000003,24997.33,25001.210000000003,25039
2026-04-13T11:30:00+00:00,25001.210000000003,25004.710000000003,24947.710000000003,24952.33,30851
2026-04-13T12:00:00+00:00,24952.33,24990.960000000003,24936.58,24987.210000000003,27342
2026-04-13T12:30:00+00:00,24987.210000000003,25042.210000000003,24983.460000000003,25030.960000000003,30293
2026-04-13T13:00:00+00:00,25030.960000000003,25079.83,25019.710000000003,25078.33,30883
2026-04-13T13:30:00+00:00,25078.33,25172.980000000003,25023.480000000003,25170.61,208656
2026-04-13T14:00:00+00:00,25170.61,25195.980000000003,25110.480000000003,25159.480000000003,135528
2026-04-13T14:30:00+00:00,25159.480000000003,25222.230000000003,25140.730000000003,25214.980000000003,84775
2026-04-13T15:00:00+00:00,25214.980000000003,25215.86,25168.980000000003,25175.36,75481
2026-04-13T15:30:00+00:00,25175.36,25218.11,25160.030000000002,25172.730000000003,62938
2026-04-13T16:00:00+00:00,25172.730000000003,25259.730000000003,25145.61,25248.11,78500
2026-04-13T16:30:00+00:00,25248.11,25298.36,25208.480000000003,25273.980000000003,97339
2026-04-13T17:00:00+00:00,25273.980000000003,25302.730000000003,25260.11,25292.980000000003,40991
2026-04-13T17:30:00+00:00,25292.980000000003,25301.980000000003,25262.11,25267.36,34643
2026-04-13T18:00:00+00:00,25267.36,25288.61,25259.36,25262.480000000003,29999
2026-04-13T18:30:00+00:00,25262.480000000003,25317.480000000003,25260.36,25308.480000000003,32596
2026-04-13T19:00:00+00:00,25308.480000000003,25324.36,25294.230000000003,25321.980000000003,28318
2026-04-13T19:30:00+00:00,25321.980000000003,25413.730000000003,25314.61,25401.11,55835
2026-04-13T20:00:00+00:00,25401.11,25425.210000000003,25396.210000000003,25414.58,19899
2026-04-13T20:30:00+00:00,25414.58,25449.960000000003,25412.83,25448.41,9563
2026-04-13T22:00:00+00:00,25448.41,25458.45,25428.02,25444.82,8126
2026-04-13T22:30:00+00:00,25444.82,25460.32,25440.57,25457.32,8000
2026-04-13T23:00:00+00:00,25457.32,25481.82,25450.95,25464.7,11935
2026-04-13T23:30:00+00:00,25464.7,25476.57,25446.57,25449.07,11772
2026-04-14T00:00:00+00:00,25449.07,25451.95,25422.95,25438.45,23000
2026-04-14T00:30:00+00:00,25438.45,25463.32,25437.57,25454.57,16042
2026-04-14T01:00:00+00:00,25454.57,25456.57,25435.2,25447.7,15770
2026-04-14T01:30:00+00:00,25447.7,25451.82,25436.32,25444.95,14660
2026-04-14T02:00:00+00:00,25444.95,25460.57,25438.95,25454.2,11431
2026-04-14T02:30:00+00:00,25454.2,25460.2,25445.95,25459.32,8117
2026-04-14T03:00:00+00:00,25459.32,25459.32,25438.07,25441.7,8009
2026-04-14T03:30:00+00:00,25441.7,25449.32,25438.57,25446.57,7529
2026-04-14T04:00:00+00:00,25446.57,25456.2,25443.95,25451.82,6388
2026-04-14T04:30:00+00:00,25451.82,25458.07,25447.57,25457.07,5985
2026-04-14T05:00:00+00:00,25457.07,25461.7,25448.07,25456.7,7013
2026-04-14T05:30:00+00:00,25456.7,25456.7,25434.95,25437.57,9740
2026-04-14T06:00:00+00:00,25437.57,25444.07,25427.82,25437.07,13518
2026-04-14T06:30:00+00:00,25437.07,25456.2,25433.07,25448.2,11887
2026-04-14T07:00:00+00:00,25448.2,25500.82,25445.07,25485.57,35921
2026-04-14T07:30:00+00:00,25485.57,25506.32,25470.07,25481.95,21706
2026-04-14T08:00:00+00:00,25481.95,25508.45,25473.32,25507.7,25534
2026-04-14T08:30:00+00:00,25507.7,25527.7,25497.95,25525.95,18409
2026-04-14T09:00:00+00:00,25525.95,25537.2,25514.57,25514.95,16151
2026-04-14T09:30:00+00:00,25514.95,25515.7,25495.2,25500.82,14592
2026-04-14T10:00:00+00:00,25500.82,25518.95,25490.07,25511.2,16814
2026-04-14T10:30:00+00:00,25511.2,25512.82,25486.32,25489.07,20374
2026-04-14T11:00:00+00:00,25489.07,25522.95,25483.57,25519.7,19193
2026-04-14T11:30:00+00:00,25519.7,25557.07,25513.82,25530.2,22060
2026-04-14T12:00:00+00:00,25530.2,25559.77,25519.82,25557.07,27938
2026-04-14T12:30:00+00:00,25557.07,25579.32,25523.45,25539.45,31148
2026-04-14T13:00:00+00:00,25539.45,25545.7,25515.07,25519.2,27109
2026-04-14T13:30:00+00:00,25519.2,25627.350000000002,25519.2,25585.600000000002,172568
2026-04-14T14:00:00+00:00,25585.600000000002,25670.100000000002,25575.850000000002,25667.22,95144
2026-04-14T14:30:00+00:00,25667.22,25683.72,25644.100000000002,25669.850000000002,54523
2026-04-14T15:00:00+00:00,25669.850000000002,25709.47,25626.22,25697.600000000002,60084
2026-04-14T15:30:00+00:00,25697.600000000002,25763.350000000002,25696.22,25739.47,44221
2026-04-14T16:00:00+00:00,25739.47,25795.22,25736.02,25791.22,36622
2026-04-14T16:30:00+00:00,25791.22,25801.72,25768.02,25777.72,36001
2026-04-14T17:00:00+00:00,25777.72,25823.47,25775.47,25806.600000000002,33559
2026-04-14T17:30:00+00:00,25806.600000000002,25832.850000000002,25805.22,25821.97,29099
2026-04-14T18:00:00+00:00,25821.97,25828.22,25748.27,25773.72,50828
2026-04-14T18:30:00+00:00,25773.72,25799.350000000002,25765.97,25781.47,37669
2026-04-14T19:00:00+00:00,25781.47,25853.850000000002,25778.850000000002,25851.72,34741
2026-04-14T19:30:00+00:00,25851.72,25866.350000000002,25818.600000000002,25864.72,56486
2026-04-14T20:00:00+00:00,25864.72,25866.07,25835.7,25856.57,16656
2026-04-14T20:30:00+00:00,25856.57,25862.82,25845.32,25853.9,7300
2026-04-14T22:00:00+00:00,25853.9,25875.93,25839.93,25866.56,13960
2026-04-14T22:30:00+00:00,25866.56,25870.68,25856.38,25859.06,7089
2026-04-14T23:00:00+00:00,25859.06,25877.81,25856.93,25875.18,6037
2026-04-14T23:30:00+00:00,25875.18,25898.43,25868.68,25881.31,16821
2026-04-15T00:00:00+00:00,25881.31,25885.43,25868.93,25881.06,19024
2026-04-15T00:30:00+00:00,25881.06,25884.43,25858.06,25881.31,13558
2026-04-15T01:00:00+00:00,25881.31,25903.43,25876.81,25899.81,13694
2026-04-15T01:30:00+00:00,25899.81,25905.18,25886.81,25900.93,12825
2026-04-15T02:00:00+00:00,25900.93,25901.31,25874.56,25875.06,13680
2026-04-15T02:30:00+00:00,25875.06,25876.43,25853.63,25858.81,12807
2026-04-15T03:00:00+00:00,25858.81,25867.56,25857.93,25865.31,8294
2026-04-15T03:30:00+00:00,25865.31,25889.18,25864.68,25884.68,9597
2026-04-15T04:00:00+00:00,25884.68,25888.56,25879.81,25886.06,6580
2026-04-15T04:30:00+00:00,25886.06,25888.31,25873.06,25876.31,7005
2026-04-15T05:00:00+00:00,25876.31,25920.43,25842.06,25849.56,28558
2026-04-15T05:30:00+00:00,25849.56,25850.93,25829.56,25841.56,17672
2026-04-15T06:00:00+00:00,25841.56,25852.06,25831.06,25845.43,16757
2026-04-15T06:30:00+00:00,25845.43,25860.56,25844.81,25850.81,14496
2026-04-15T07:00:00+00:00,25850.81,25861.81,25840.43,25850.06,19267
2026-04-15T07:30:00+00:00,25850.06,25871.81,25834.13,25867.31,16295
2026-04-15T08:00:00+00:00,25867.31,25887.31,25863.18,25885.81,17251
2026-04-15T08:30:00+00:00,25885.81,25900.93,25882.43,25894.43,13920
2026-04-15T09:00:00+00:00,25894.43,25900.56,25846.56,25852.56,24203
2026-04-15T09:30:00+00:00,25852.56,25860.56,25838.38,25841.31,16677
2026-04-15T10:00:00+00:00,25841.31,25860.68,25803.81,25812.06,28827
2026-04-15T10:30:00+00:00,25812.06,25851.93,25796.88,25847.81,28883
2026-04-15T11:00:00+00:00,25847.81,25862.43,25835.31,25842.93,22428
2026-04-15T11:30:00+00:00,25842.93,25905.13,25840.31,25860.81,32828
2026-04-15T12:00:00+00:00,25860.81,25869.43,25823.43,25838.06,34518
2026-04-15T12:30:00+00:00,25838.06,25870.31,25832.81,25852.56,22896
2026-04-15T13:00:00+00:00,25852.56,25888.81,25842.63,25885.81,30455
2026-04-15T13:30:00+00:00,25885.81,25933.83,25847.13,25932.210000000003,180414
2026-04-15T14:00:00+00:00,25932.210000000003,25996.460000000003,25911.960000000003,25996.33,106324
2026-04-15T14:30:00+00:00,25996.33,26039.710000000003,25969.960000000003,26026.33,72035
2026-04-15T15:00:00+00:00,26026.33,26065.08,26002.08,26055.210000000003,67596
2026-04-15T15:30:00+00:00,26055.210000000003,26078.58,26030.460000000003,26060.33,60556
2026-04-15T16:00:00+00:00,26060.33,26114.83,26050.460000000003,26079.58,45984
2026-04-15T16:30:00+00:00,26079.58,26083.58,25965.88,26007.710000000003,99131
2026-04-15T17:00:00+00:00,26007.710000000003,26063.210000000003,25999.83,26050.58,53995
2026-04-15T17:30:00+00:00,26050.58,26083.08,26040.83,26053.58,41637
2026-04-15T18:00:00+00:00,26053.58,26121.08,26036.88,26110.83,61562
2026-04-15T18:30:00+00:00,26110.83,26178.460000000003,26110.58,26166.33,40340
2026-04-15T19:00:00+00:00,26166.33,26200.960000000003,26155.710000000003,26199.58,37772
2026-04-15T19:30:00+00:00,26199.58,26240.710000000003,26192.710000000003,26227.08,61947
2026-04-15T20:00:00+00:00,26227.08,26234.31,26193.63,26213.68,19332
2026-04-15T20:30:00+00:00,26213.68,26223.81,26206.06,26222.760000000002,8645
2026-04-15T22:00:00+00:00,26222.760000000002,26239.95,26208.15,26234.08,10638
2026-04-15T22:30:00+00:00,26234.08,26256.08,26234.08,26253.33,8000
2026-04-15T23:00:00+00:00,26253.33,26262.230000000003,26247.350000000002,26252.980000000003,6309.513036164844
2026-04-15T23:30:00+00:00,26252.980000000003,26278.550000000003,26249.550000000003,26270.230000000003,7539
2026-04-16T00:00:00+00:00,26270.230000000003,26287.600000000002,26252.800000000003,26268.230000000003,19429
2026-04-16T00:30:00+00:00,26268.230000000003,26307.980000000003,26268.230000000003,26301.100000000002,13266
2026-04-16T01:00:00+00:00,26301.100000000002,26312.850000000002,26289.600000000002,26303.730000000003,13371
2026-04-16T01:30:00+00:00,26303.730000000003,26328.350000000002,26293.850000000002,26304.480000000003,13938
2026-04-16T02:00:00+00:00,26304.480000000003,26316.730000000003,26303.730000000003,26311.600000000002,11759
2026-04-16T02:30:00+00:00,26311.600000000002,26322.480000000003,26302.850000000002,26305.730000000003,10466
2026-04-16T03:00:00+00:00,26305.730000000003,26323.730000000003,26305.230000000003,26309.850000000002,9744
2026-04-16T03:30:00+00:00,26309.850000000002,26316.350000000002,26301.850000000002,26306.730000000003,9270
2026-04-16T04:00:00+00:00,26306.730000000003,26307.850000000002,26294.980000000003,26297.730000000003,9354
2026-04-16T04:30:00+00:00,26297.730000000003,26302.230000000003,26292.230000000003,26297.730000000003,6608
2026-04-16T05:00:00+00:00,26297.730000000003,26308.850000000002,26279.980000000003,26306.480000000003,10549
2026-04-16T05:30:00+00:00,26306.480000000003,26324.600000000002,26305.850000000002,26318.350000000002,12712
2026-04-16T06:00:00+00:00,26318.350000000002,26347.980000000003,26318.350000000002,26339.850000000002,16919
2026-04-16T06:30:00+00:00,26339.850000000002,26348.600000000002,26328.350000000002,26343.480000000003,11378
2026-04-16T07:00:00+00:00,26343.480000000003,26344.850000000002,26319.600000000002,26340.230000000003,17485
2026-04-16T07:30:00+00:00,26340.230000000003,26349.730000000003,26315.230000000003,26322.480000000003,14409
2026-04-16T08:00:00+00:00,26322.480000000003,26327.980000000003,26287.100000000002,26291.730000000003,23231
2026-04-16T08:30:00+00:00,26291.730000000003,26307.600000000002,26272.300000000003,26303.480000000003,16342
2026-04-16T09:00:00+00:00,26303.480000000003,26321.100000000002,26301.600000000002,26310.730000000003,13457
2026-04-16T09:30:00+00:00,26310.730000000003,26317.980000000003,26296.600000000002,26316.480000000003,11587
2026-04-16T10:00:00+00:00,26316.480000000003,26328.480000000003,26294.600000000002,26296.230000000003,13741
2026-04-16T10:30:00+00:00,26296.230000000003,26296.480000000003,26227.980000000003,26269.480000000003,25180
2026-04-16T11:00:00+00:00,26269.480000000003,26285.480000000003,26246.230000000003,26259.850000000002,19206
2026-04-16T11:30:00+00:00,26259.850000000002,26288.600000000002,26259.600000000002,26281.980000000003,20233
2026-04-16T12:00:00+00:00,26281.980000000003,26293.730000000003,26264.050000000003,26288.800000000003,19332
2026-04-16T12:30:00+00:00,26288.800000000003,26295.730000000003,26256.230000000003,26264.980000000003,23518
2026-04-16T13:00:00+00:00,26264.980000000003,26309.300000000003,26258.800000000003,26302.600000000002,26823
2026-04-16T13:30:00+00:00,26302.600000000002,26316.500000000004,26139.750000000004,26185.250000000004,210610
2026-04-16T14:00:00+00:00,26185.250000000004,26249.130000000005,26154.250000000004,26215.880000000005,145228
2026-04-16T14:30:00+00:00,26215.880000000005,26286.250000000004,26212.380000000005,26267.630000000005,105060
2026-04-16T15:00:00+00:00,26267.630000000005,26367.630000000005,26267.500000000004,26321.380000000005,75626
2026-04-16T15:30:00+00:00,26321.380000000005,26405.000000000004,26315.750000000004,26397.500000000004,96127
2026-04-16T16:00:00+00:00,26397.500000000004,26426.380000000005,26378.880000000005,26381.500000000004,46769
2026-04-16T16:30:00+00:00,26381.500000000004,26386.380000000005,26294.130000000005,26337.380000000005,91128
2026-04-16T17:00:00+00:00,26337.380000000005,26352.250000000004,26294.880000000005,26339.630000000005,78514
2026-04-16T17:30:00+00:00,26339.630000000005,26373.250000000004,26300.250000000004,26324.250000000004,55344
2026-04-16T18:00:00+00:00,26324.250000000004,26347.880000000005,26219.130000000005,26237.130000000005,87238
2026-04-16T18:30:00+00:00,26237.130000000005,26316.130000000005,26235.880000000005,26301.500000000004,52492
2026-04-16T19:00:00+00:00,26301.500000000004,26330.250000000004,26297.880000000005,26308.750000000004,46779
2026-04-16T19:30:00+00:00,26308.750000000004,26362.130000000005,26303.750000000004,26348.250000000004,55088
2026-04-16T20:00:00+00:00,26348.250000000004,26354.100000000002,26304.230000000003,26321.350000000002,22681
2026-04-16T20:30:00+00:00,26321.350000000002,26333.850000000002,26318.100000000002,26327.300000000003,7706
2026-04-16T22:00:00+00:00,26327.300000000003,26349.940000000002,26311.390000000003,26347.940000000002,11681
2026-04-16T22:30:00+00:00,26347.940000000002,26352.940000000002,26338.570000000003,26339.570000000003,6345
2026-04-16T23:00:00+00:00,26339.570000000003,26353.190000000002,26336.070000000003,26342.820000000003,6256
2026-04-16T23:30:00+00:00,26342.820000000003,26353.690000000002,26337.320000000003,26345.070000000003,7503
2026-04-17T00:00:00+00:00,26345.070000000003,26359.690000000002,26321.570000000003,26355.690000000002,21437
2026-04-17T00:30:00+00:00,26355.690000000002,26361.320000000003,26349.690000000002,26352.320000000003,11377
2026-04-17T01:00:00+00:00,26352.320000000003,26362.820000000003,26346.190000000002,26349.070000000003,13341
2026-04-17T01:30:00+00:00,26349.070000000003,26362.440000000002,26348.940000000002,26354.320000000003,11436
2026-04-17T02:00:00+00:00,26354.320000000003,26360.570000000003,26320.320000000003,26333.190000000002,12190
2026-04-17T02:30:00+00:00,26333.190000000002,26341.570000000003,26327.440000000002,26330.320000000003,8993
2026-04-17T03:00:00+00:00,26330.320000000003,26334.070000000003,26316.690000000002,26323.070000000003,8972
2026-04-17T03:30:00+00:00,26323.070000000003,26327.440000000002,26315.320000000003,26324.820000000003,8027
2026-04-17T04:00:00+00:00,26324.820000000003,26347.070000000003,26320.820000000003,26341.320000000003,6347
2026-04-17T04:30:00+00:00,26341.320000000003,26344.320000000003,26326.690000000002,26328.320000000003,6069
2026-04-17T05:00:00+00:00,26328.320000000003,26330.070000000003,26306.140000000003,26322.070000000003,10025
2026-04-17T05:30:00+00:00,26322.070000000003,26335.570000000003,26308.820000000003,26331.070000000003,10162
2026-04-17T06:00:00+00:00,26331.070000000003,26345.320000000003,26324.190000000002,26324.320000000003,14671
2026-04-17T06:30:00+00:00,26324.320000000003,26330.820000000003,26312.070000000003,26322.070000000003,13011
2026-04-17T07:00:00+00:00,26322.070000000003,26351.820000000003,26322.070000000003,26335.820000000003,18131
2026-04-17T07:30:00+00:00,26335.820000000003,26356.940000000002,26333.820000000003,26354.690000000002,14406
2026-04-17T08:00:00+00:00,26354.690000000002,26365.690000000002,26342.320000000003,26363.070000000003,14375
2026-04-17T08:30:00+00:00,26363.070000000003,26385.690000000002,26356.690000000002,26384.070000000003,13353
2026-04-17T09:00:00+00:00,26384.070000000003,26392.940000000002,26372.070000000003,26392.570000000003,11694
2026-04-17T09:30:00+00:00,26392.570000000003,26406.440000000002,26374.070000000003,26402.190000000002,15438
2026-04-17T10:00:00+00:00,26402.190000000002,26411.190000000002,26386.190000000002,26389.070000000003,12811
2026-04-17T10:30:00+00:00,26389.070000000003,26396.440000000002,26370.940000000002,26391.570000000003,13871
2026-04-17T11:00:00+00:00,26391.570000000003,26412.690000000002,26387.820000000003,26408.820000000003,15023
2026-04-17T11:30:00+00:00,26408.820000000003,26433.690000000002,26406.070000000003,26431.570000000003,15994
2026-04-17T12:00:00+00:00,26431.570000000003,26490.190000000002,26426.320000000003,26485.440000000002,31808
2026-04-17T12:30:00+00:00,26485.440000000002,26611.070000000003,26468.320000000003,26607.070000000003,90320
2026-04-17T13:00:00+00:00,26607.070000000003,26681.140000000003,26549.570000000003,26557.190000000002,101322
2026-04-17T13:30:00+00:00,26557.190000000002,26604.47,26495.340000000004,26597.22,267299
2026-04-17T14:00:00+00:00,26597.22,26641.590000000004,26585.140000000003,26605.47,122316
2026-04-17T14:30:00+00:00,26605.47,26721.340000000004,26605.47,26693.22,101414
2026-04-17T15:00:00+00:00,26693.22,26721.090000000004,26673.140000000003,26707.840000000004,108115
2026-04-17T15:30:00+00:00,26707.840000000004,26742.840000000004,26664.840000000004,26670.590000000004,92025
2026-04-17T16:00:00+00:00,26670.590000000004,26728.090000000004,26657.97,26722.22,59987
2026-04-17T16:30:00+00:00,26722.22,26748.340000000004,26719.47,26725.090000000004,41133
2026-04-17T17:00:00+00:00,26725.090000000004,26742.840000000004,26602.090000000004,26637.72,108215
2026-04-17T17:30:00+00:00,26637.72,26694.47,26625.97,26674.140000000003,73252.02766728071
2026-04-17T18:00:00+00:00,26674.140000000003,26687.640000000003,26621.77,26650.52,82585
2026-04-17T18:30:00+00:00,26650.52,26680.140000000003,26634.27,26650.890000000003,56833
2026-04-17T19:00:00+00:00,26650.890000000003,26662.27,26623.890000000003,26644.640000000003,51106
2026-04-17T19:30:00+00:00,26644.640000000003,26697.140000000003,26644.52,26693.52,61906
2026-04-17T20:00:00+00:00,26693.52,26710.04,26681.29,26685.29,17221
2026-04-17T20:30:00+00:00,26685.29,26707.920000000002,26684.170000000002,26697.49,3807
2026-04-19T22:00:00+00:00,26697.49,26697.49,26407.41,26495.34,45842
2026-04-19T22:30:00+00:00,26495.34,26545.34,26490.84,26536.710000000003,21191
2026-04-19T23:00:00+00:00,26536.710000000003,26553.710000000003,26518.09,26530.960000000003,18725
2026-04-19T23:30:00+00:00,26530.960000000003,26536.09,26508.59,26530.710000000003,19577
2026-04-20T00:00:00+00:00,26530.710000000003,26533.710000000003,26488.210000000003,26524.34,42199
2026-04-20T00:30:00+00:00,26524.34,26536.710000000003,26511.59,26528.460000000003,23923
2026-04-20T01:00:00+00:00,26528.460000000003,26571.59,26525.09,26560.59,25452
2026-04-20T01:30:00+00:00,26560.59,26586.34,26559.710000000003,26577.09,17249
2026-04-20T02:00:00+00:00,26577.09,26577.960000000003,26559.710000000003,26568.59,14011
2026-04-20T02:30:00+00:00,26568.59,26570.84,26556.460000000003,26565.710000000003,11499
2026-04-20T03:00:00+00:00,26565.710000000003,26573.09,26553.710000000003,26564.09,11553
2026-04-20T03:30:00+00:00,26564.09,26572.960000000003,26548.84,26550.960000000003,11114
2026-04-20T04:00:00+00:00,26550.960000000003,26554.09,26537.34,26538.460000000003,11728
2026-04-20T04:30:00+00:00,26538.460000000003,26553.09,26526.34,26547.09,12476
2026-04-20T05:00:00+00:00,26547.09,26550.59,26518.66,26519.84,14561
2026-04-20T05:30:00+00:00,26519.84,26521.460000000003,26484.09,26507.210000000003,23367
2026-04-20T06:00:00+00:00,26507.210000000003,26532.460000000003,26505.34,26526.710000000003,26064
2026-04-20T06:30:00+00:00,26526.710000000003,26572.84,26519.59,26559.34,26947
2026-04-20T07:00:00+00:00,26559.34,26592.710000000003,26554.460000000003,26561.34,40759
2026-04-20T07:30:00+00:00,26561.34,26565.210000000003,26517.41,26540.59,33340
2026-04-20T08:00:00+00:00,26540.59,26548.710000000003,26491.09,26544.960000000003,32819
2026-04-20T08:30:00+00:00,26544.960000000003,26579.710000000003,26531.59,26567.84,23027
2026-04-20T09:00:00+00:00,26567.84,26590.960000000003,26557.59,26569.710000000003,22389
2026-04-20T09:30:00+00:00,26569.710000000003,26584.09,26564.960000000003,26566.34,16677
2026-04-20T10:00:00+00:00,26566.34,26603.460000000003,26563.34,26581.710000000003,21295
2026-04-20T10:30:00+00:00,26581.710000000003,26583.59,26564.84,26572.710000000003,15948
2026-04-20T11:00:00+00:00,26572.710000000003,26580.460000000003,26552.09,26559.34,22686
2026-04-20T11:30:00+00:00,26559.34,26594.710000000003,26554.710000000003,26581.710000000003,28245
2026-04-20T12:00:00+00:00,26581.710000000003,26598.960000000003,26573.710000000003,26588.460000000003,29326
2026-04-20T12:30:00+00:00,26588.460000000003,26647.210000000003,26582.09,26622.34,28722
2026-04-20T13:00:00+00:00,26622.34,26674.34,26610.960000000003,26667.710000000003,51276
2026-04-20T13:30:00+00:00,26667.710000000003,26697.86,26587.99,26653.24,228101
2026-04-20T14:00:00+00:00,26653.24,26660.11,26589.61,26601.86,131337
2026-04-20T14:30:00+00:00,26601.86,26612.36,26483.41,26509.99,159497
2026-04-20T15:00:00+00:00,26509.99,26582.11,26441.24,26571.74,153435
2026-04-20T15:30:00+00:00,26571.74,26571.99,26506.36,26530.49,84640
2026-04-20T16:00:00+00:00,26530.49,26559.74,26511.49,26547.36,57818
2026-04-20T16:30:00+00:00,26547.36,26571.86,26538.49,26551.36,48398
2026-04-20T17:00:00+00:00,26551.36,26589.11,26532.61,26569.24,46702
2026-04-20T17:30:00+00:00,26569.24,26598.86,26556.49,26579.36,43995
2026-04-20T18:00:00+00:00,26579.36,26614.86,26569.36,26605.61,44002
2026-04-20T18:30:00+00:00,26605.61,26620.11,26582.36,26604.36,35883
2026-04-20T19:00:00+00:00,26604.36,26614.36,26592.36,26599.61,28242
2026-04-20T19:30:00+00:00,26599.61,26624.24,26581.36,26617.36,45246
2026-04-20T20:00:00+00:00,26617.36,26624.460000000003,26606.09,26615.09,12616
2026-04-20T20:30:00+00:00,26615.09,26681.460000000003,26601.09,26646.41,26336
2026-04-20T22:00:00+00:00,26646.41,26691.460000000003,26631.91,26675.09,11134
2026-04-20T22:30:00+00:00,26675.09,26688.460000000003,26669.460000000003,26685.460000000003,5738
2026-04-20T23:00:00+00:00,26685.460000000003,26686.960000000003,26668.66,26672.09,4682
2026-04-20T23:30:00+00:00,26672.09,26676.960000000003,26666.59,26671.710000000003,5709
2026-04-21T00:00:00+00:00,26671.710000000003,26693.460000000003,26669.66,26672.59,17292
2026-04-21T00:30:00+00:00,26672.59,26712.710000000003,26660.210000000003,26699.34,18503
2026-04-21T01:00:00+00:00,26699.34,26705.59,26686.960000000003,26704.84,12710
2026-04-21T01:30:00+00:00,26704.84,26712.09,26682.59,26687.34,14240
2026-04-21T02:00:00+00:00,26687.34,26697.710000000003,26683.09,26696.59,8856
2026-04-21T02:30:00+00:00,26696.59,26696.84,26685.460000000003,26686.84,7173
2026-04-21T03:00:00+00:00,26686.84,26691.460000000003,26665.91,26679.59,8383
2026-04-21T03:30:00+00:00,26679.59,26688.460000000003,26674.960000000003,26686.710000000003,6226
2026-04-21T04:00:00+00:00,26686.710000000003,26702.09,26686.09,26698.84,5274
2026-04-21T04:30:00+00:00,26698.84,26705.710000000003,26697.460000000003,26700.09,4343
2026-04-21T05:00:00+00:00,26700.09,26718.34,26695.460000000003,26712.960000000003,8762
2026-04-21T05:30:00+00:00,26712.960000000003,26713.09,26693.59,26700.710000000003,8112
2026-04-21T06:00:00+00:00,26700.710000000003,26731.710000000003,26697.84,26719.960000000003,12180
2026-04-21T06:30:00+00:00,26719.960000000003,26730.710000000003,26717.710000000003,26721.210000000003,9065
2026-04-21T07:00:00+00:00,26721.210000000003,26722.09,26683.460000000003,26693.84,19065
2026-04-21T07:30:00+00:00,26693.84,26713.710000000003,26680.84,26688.210000000003,16783
2026-04-21T08:00:00+00:00,26688.210000000003,26706.960000000003,26671.960000000003,26701.84,21040
2026-04-21T08:30:00+00:00,26701.84,26729.34,26693.960000000003,26711.460000000003,15751
2026-04-21T09:00:00+00:00,26711.460000000003,26711.59,26680.34,26696.59,15252
2026-04-21T09:30:00+00:00,26696.59,26722.09,26695.210000000003,26715.59,13323
2026-04-21T10:00:00+00:00,26715.59,26734.960000000003,26709.59,26721.09,12812
2026-04-21T10:30:00+00:00,26721.09,26756.960000000003,26719.710000000003,26746.34,11987
2026-04-21T11:00:00+00:00,26746.34,26758.34,26715.41,26749.84,23163
2026-04-21T11:30:00+00:00,26749.84,26776.210000000003,26743.09,26745.84,17251
2026-04-21T12:00:00+00:00,26745.84,26754.84,26702.84,26733.91,22995
2026-04-21T12:30:00+00:00,26733.91,26747.59,26687.09,26695.34,38387
2026-04-21T13:00:00+00:00,26695.34,26701.710000000003,26673.84,26683.09,30315
2026-04-21T13:30:00+00:00,26683.09,26713.86,26602.36,26713.36,183672
2026-04-21T14:00:00+00:00,26713.36,26760.11,26690.16,26716.74,100067
2026-04-21T14:30:00+00:00,26716.74,26732.86,26605.36,26612.36,125179
2026-04-21T15:00:00+00:00,26612.36,26661.24,26537.36,26598.74,167794
2026-04-21T15:30:00+00:00,26598.74,26636.99,26567.49,26606.86,114462
2026-04-21T16:00:00+00:00,26606.86,26656.74,26576.99,26579.74,82141
2026-04-21T16:30:00+00:00,26579.74,26621.61,26543.49,26545.86,66652
2026-04-21T17:00:00+00:00,26545.86,26581.74,26475.36,26509.74,112308
2026-04-21T17:30:00+00:00,26509.74,26638.36,26507.36,26574.49,110625
2026-04-21T18:00:00+00:00,26574.49,26606.61,26534.61,26553.74,72751
2026-04-21T18:30:00+00:00,26553.74,26621.74,26540.11,26598.99,70547
2026-04-21T19:00:00+00:00,26598.99,26655.49,26593.41,26652.24,75790
2026-04-21T19:30:00+00:00,26652.24,26661.74,26426.99,26516.86,156745
2026-04-21T20:00:00+00:00,26516.86,26668.210000000003,26476.59,26612.59,64828
2026-04-21T20:30:00+00:00,26612.59,26620.59,26581.34,26597.91,21598
2026-04-21T22:00:00+00:00,26597.91,26638.34,26597.91,26629.460000000003,12766
2026-04-21T22:30:00+00:00,26629.460000000003,26634.710000000003,26612.460000000003,26618.960000000003,7321
2026-04-21T23:00:00+00:00,26618.960000000003,26631.84,26613.41,26626.09,5442
2026-04-21T23:30:00+00:00,26626.09,26654.960000000003,26617.66,26651.34,8326
2026-04-22T00:00:00+00:00,26651.34,26694.09,26649.59,26681.34,18741
2026-04-22T00:30:00+00:00,26681.34,26695.710000000003,26668.66,26674.84,13301
2026-04-22T01:00:00+00:00,26674.84,26691.09,26671.210000000003,26681.34,15032
2026-04-22T01:30:00+00:00,26681.34,26709.710000000003,26680.09,26698.84,15937
2026-04-22T02:00:00+00:00,26698.84,26711.09,26694.960000000003,26706.84,11024
2026-04-22T02:30:00+00:00,26706.84,26708.960000000003,26694.09,26695.34,7053
2026-04-22T03:00:00+00:00,26695.34,26704.210000000003,26682.34,26689.34,8690
2026-04-22T03:30:00+00:00,26689.34,26702.710000000003,26682.960000000003,26686.09,7806
2026-04-22T04:00:00+00:00,26686.09,26695.710000000003,26673.66,26675.84,7968
2026-04-22T04:30:00+00:00,26675.84,26679.460000000003,26652.34,26655.09,9003
2026-04-22T05:00:00+00:00,26655.09,26734.59,26643.66,26704.84,24003
2026-04-22T05:30:00+00:00,26704.84,26720.460000000003,26698.91,26709.34,13813
2026-04-22T06:00:00+00:00,26709.34,26712.210000000003,26681.09,26699.84,13966
2026-04-22T06:30:00+00:00,26699.84,26723.09,26698.84,26714.09,12766
2026-04-22T07:00:00+00:00,26714.09,26729.59,26703.960000000003,26727.84,16749
2026-04-22T07:30:00+00:00,26727.84,26742.210000000003,26718.09,26723.460000000003,17614
2026-04-22T08:00:00+00:00,26723.460000000003,26728.34,26686.210000000003,26688.460000000003,23718
2026-04-22T08:30:00+00:00,26688.460000000003,26699.34,26657.84,26697.460000000003,20310
2026-04-22T09:00:00+00:00,26697.460000000003,26738.34,26693.09,26734.84,20684
2026-04-22T09:30:00+00:00,26734.84,26740.84,26685.84,26703.59,18093
2026-04-22T10:00:00+00:00,26703.59,26718.59,26683.59,26710.34,22468
2026-04-22T10:30:00+00:00,26710.34,26727.210000000003,26700.84,26703.960000000003,15994
2026-04-22T11:00:00+00:00,26703.960000000003,26712.460000000003,26689.09,26693.710000000003,20065
2026-04-22T11:30:00+00:00,26693.710000000003,26716.34,26684.09,26711.84,20516
2026-04-22T12:00:00+00:00,26711.84,26778.210000000003,26711.460000000003,26745.960000000003,27666
2026-04-22T12:30:00+00:00,26745.960000000003,26754.710000000003,26697.210000000003,26699.34,33542
2026-04-22T13:00:00+00:00,26699.34,26765.460000000003,26695.59,26759.460000000003,48385
2026-04-22T13:30:00+00:00,26759.460000000003,26770.49,26690.49,26742.86,172161
2026-04-22T14:00:00+00:00,26742.86,26869.49,26730.86,26868.11,112630
2026-04-22T14:30:00+00:00,26868.11,26884.74,26822.99,26850.11,112061
2026-04-22T15:00:00+00:00,26850.11,26886.24,26818.91,26868.99,91715
2026-04-22T15:30:00+00:00,26868.99,26883.86,26841.24,26858.61,61228
2026-04-22T16:00:00+00:00,26858.61,26882.49,26845.24,26852.61,50091
2026-04-22T16:30:00+00:00,26852.61,26869.36,26835.91,26844.61,57428
2026-04-22T17:00:00+00:00,26844.61,26928.24,26844.36,26906.36,54019
2026-04-22T17:30:00+00:00,26906.36,26926.61,26899.24,26908.11,37214
2026-04-22T18:00:00+00:00,26908.11,26919.24,26870.86,26877.36,39148
2026-04-22T18:30:00+00:00,26877.36,26918.61,26875.49,26892.11,34112
2026-04-22T19:00:00+00:00,26892.11,26935.11,26856.36,26923.49,57098
2026-04-22T19:30:00+00:00,26923.49,26970.99,26914.86,26957.86,52154
2026-04-22T20:00:00+00:00,26957.86,27014.09,26947.09,26983.34,31340
2026-04-22T20:30:00+00:00,26983.34,26990.59,26951.66,26985.04,14990
2026-04-22T22:00:00+00:00,26985.04,26985.04,26944.36,26959.86,12508
2026-04-22T22:30:00+00:00,26959.86,26968.61,26955.36,26965.230000000003,6877
2026-04-22T23:00:00+00:00,26965.230000000003,26977.439999999995,26959.809999999998,26972.059999999998,5128.3824832344035
2026-04-22T23:30:00+00:00,26972.059999999998,26976.439999999995,26965.059999999998,26973.559999999998,5733
2026-04-23T00:00:00+00:00,26973.559999999998,26976.439999999995,26726.309999999998,26928.939999999995,68962
2026-04-23T00:30:00+00:00,26928.939999999995,26951.189999999995,26914.059999999998,26937.559999999998,35991
2026-04-23T01:00:00+00:00,26937.559999999998,26940.559999999998,26892.009999999995,26896.059999999998,27131
2026-04-23T01:30:00+00:00,26896.059999999998,26911.439999999995,26871.309999999998,26878.059999999998,27810
2026-04-23T02:00:00+00:00,26878.059999999998,26878.809999999998,26827.689999999995,26844.059999999998,31485
2026-04-23T02:30:00+00:00,26844.059999999998,26858.689999999995,26822.009999999995,26829.689999999995,30031
2026-04-23T03:00:00+00:00,26829.689999999995,26839.939999999995,26773.309999999998,26774.939999999995,27880
2026-04-23T03:30:00+00:00,26774.939999999995,26789.059999999998,26742.939999999995,26785.559999999998,29112
2026-04-23T04:00:00+00:00,26785.559999999998,26814.939999999995,26771.059999999998,26809.939999999995,19649
2026-04-23T04:30:00+00:00,26809.939999999995,26835.309999999998,26807.939999999995,26833.309999999998,14787
2026-04-23T05:00:00+00:00,26833.309999999998,26844.689999999995,26817.189999999995,26829.809999999998,16348
2026-04-23T05:30:00+00:00,26829.809999999998,26859.189999999995,26816.939999999995,26855.689999999995,20434
2026-04-23T06:00:00+00:00,26855.689999999995,26884.309999999998,26855.059999999998,26878.439999999995,18921
2026-04-23T06:30:00+00:00,26878.439999999995,26883.309999999998,26859.939999999995,26869.439999999995,15360
2026-04-23T07:00:00+00:00,26869.439999999995,26877.689999999995,26852.439999999995,26865.189999999995,23296
2026-04-23T07:30:00+00:00,26865.189999999995,26891.809999999998,26848.309999999998,26874.439999999995,26807
2026-04-23T08:00:00+00:00,26874.439999999995,26880.059999999998,26833.309999999998,26854.309999999998,28190
2026-04-23T08:30:00+00:00,26854.309999999998,26855.939999999995,26795.939999999995,26805.439999999995,25321
2026-04-23T09:00:00+00:00,26805.439999999995,26829.559999999998,26767.689999999995,26819.939999999995,30985
2026-04-23T09:30:00+00:00,26819.939999999995,26839.689999999995,26818.189999999995,26820.059999999998,20786
2026-04-23T10:00:00+00:00,26820.059999999998,26830.809999999998,26794.059999999998,26819.189999999995,22266
2026-04-23T10:30:00+00:00,26819.189999999995,26862.689999999995,26815.189999999995,26857.059999999998,23230
2026-04-23T11:00:00+00:00,26857.059999999998,26872.559999999998,26833.439999999995,26845.189999999995,24582
2026-04-23T11:30:00+00:00,26845.189999999995,26926.689999999995,26819.689999999995,26910.059999999998,36391
2026-04-23T12:00:00+00:00,26910.059999999998,26957.309999999998,26898.689999999995,26910.809999999998,32429
2026-04-23T12:30:00+00:00,26910.809999999998,26927.189999999995,26835.009999999995,26886.939999999995,42014
2026-04-23T13:00:00+00:00,26886.939999999995,26906.309999999998,26861.439999999995,26893.189999999995,32274
2026-04-23T13:30:00+00:00,26893.189999999995,26980.709999999995,26842.709999999995,26895.339999999997,161973
2026-04-23T14:00:00+00:00,26895.339999999997,26908.589999999997,26848.509999999995,26893.839999999997,136459
2026-04-23T14:30:00+00:00,26893.839999999997,26984.459999999995,26882.959999999995,26972.459999999995,90095
2026-04-23T15:00:00+00:00,26972.459999999995,27027.589999999997,26971.959999999995,27009.459999999995,67999
2026-04-23T15:30:00+00:00,27009.459999999995,27033.959999999995,26939.339999999997,26971.089999999997,82280
2026-04-23T16:00:00+00:00,26971.089999999997,26982.709999999995,26916.839999999997,26966.959999999995,67790
2026-04-23T16:30:00+00:00,26966.959999999995,26996.589999999997,26952.009999999995,26965.959999999995,47765
2026-04-23T17:00:00+00:00,26965.959999999995,26976.839999999997,26738.339999999997,26748.839999999997,191853
2026-04-23T17:30:00+00:00,26748.839999999997,26828.459999999995,26559.509999999995,26757.839999999997,221348
2026-04-23T18:00:00+00:00,26757.839999999997,26825.839999999997,26738.459999999995,26816.339999999997,116354
2026-04-23T18:30:00+00:00,26816.339999999997,26860.459999999995,26721.509999999995,26738.709999999995,75489
2026-04-23T19:00:00+00:00,26738.709999999995,26804.339999999997,26720.709999999995,26793.089999999997,73439
2026-04-23T19:30:00+00:00,26793.089999999997,26822.839999999997,26718.759999999995,26804.709999999995,88376
2026-04-23T20:00:00+00:00,26804.709999999995,26866.689999999995,26787.559999999998,26837.809999999998,35579
2026-04-23T20:30:00+00:00,26837.809999999998,26847.059999999998,26810.939999999995,26821.259999999995,14440
2026-04-23T22:00:00+00:00,26821.259999999995,26927.299999999996,26821.259999999995,26913.299999999996,15200
2026-04-23T22:30:00+00:00,26913.299999999996,26932.549999999996,26902.749999999996,26923.549999999996,8933
2026-04-23T23:00:00+00:00,26923.549999999996,26933.299999999996,26915.179999999997,26931.799999999996,7121
2026-04-23T23:30:00+00:00,26931.799999999996,26962.049999999996,26931.429999999997,26961.929999999997,8776
2026-04-24T00:00:00+00:00,26961.929999999997,27008.179999999997,26952.049999999996,27006.429999999997,20602
2026-04-24T00:30:00+00:00,27006.429999999997,27017.179999999997,26987.799999999996,27000.679999999997,16845
2026-04-24T01:00:00+00:00,27000.679999999997,27009.299999999996,26991.679999999997,27003.929999999997,17819
2026-04-24T01:30:00+00:00,27003.929999999997,27007.429999999997,26981.179999999997,26999.929999999997,19565
2026-04-24T02:00:00+00:00,26999.929999999997,27002.049999999996,26954.049999999996,26958.679999999997,21053
2026-04-24T02:30:00+00:00,26958.679999999997,26974.799999999996,26940.429999999997,26951.929999999997,18926
2026-04-24T03:00:00+00:00,26951.929999999997,26959.549999999996,26915.679999999997,26917.299999999996,16434
2026-04-24T03:30:00+00:00,26917.299999999996,26930.179999999997,26904.679999999997,26912.799999999996,14885
2026-04-24T04:00:00+00:00,26912.799999999996,26927.679999999997,26898.299999999996,26904.929999999997,14827
2026-04-24T04:30:00+00:00,26904.929999999997,26938.179999999997,26904.679999999997,26935.549999999996,12670
2026-04-24T05:00:00+00:00,26935.549999999996,26947.549999999996,26912.679999999997,26940.429999999997,16655
2026-04-24T05:30:00+00:00,26940.429999999997,26967.679999999997,26940.179999999997,26967.299999999996,10796
2026-04-24T06:00:00+00:00,26967.299999999996,26980.549999999996,26951.799999999996,26953.679999999997,13677
2026-04-24T06:30:00+00:00,26953.679999999997,26970.299999999996,26948.049999999996,26956.299999999996,14702
2026-04-24T07:00:00+00:00,26956.299999999996,26995.679999999997,26952.049999999996,26989.799999999996,19037
2026-04-24T07:30:00+00:00,26989.799999999996,26993.179999999997,26961.549999999996,26990.299999999996,17086
2026-04-24T08:00:00+00:00,26990.299999999996,27034.679999999997,26954.429999999997,26992.299999999996,34062
2026-04-24T08:30:00+00:00,26992.299999999996,26993.549999999996,26962.929999999997,26976.049999999996,22679
2026-04-24T09:00:00+00:00,26976.049999999996,26988.179999999997,26945.299999999996,26976.549999999996,23722
2026-04-24T09:30:00+00:00,26976.549999999996,27001.679999999997,26970.299999999996,26990.429999999997,21483
2026-04-24T10:00:00+00:00,26990.429999999997,27068.429999999997,26989.429999999997,27064.179999999997,19897
2026-04-24T10:30:00+00:00,27064.179999999997,27073.799999999996,27050.679999999997,27053.049999999996,16457
2026-04-24T11:00:00+00:00,27053.049999999996,27234.049999999996,27051.549999999996,27231.929999999997,76095
2026-04-24T11:30:00+00:00,27231.929999999997,27245.299999999996,27146.929999999997,27157.179999999997,36049
2026-04-24T12:00:00+00:00,27157.179999999997,27193.549999999996,27145.299999999996,27172.799999999996,40651
2026-04-24T12:30:00+00:00,27172.799999999996,27175.679999999997,27084.299999999996,27118.799999999996,37892
2026-04-24T13:00:00+00:00,27118.799999999996,27147.929999999997,27088.249999999996,27091.679999999997,40385
2026-04-24T13:30:00+00:00,27091.679999999997,27141.829999999994,27012.079999999994,27075.499999999996,225691
2026-04-24T14:00:00+00:00,27075.499999999996,27148.949999999997,27040.579999999994,27083.329999999994,175155
2026-04-24T14:30:00+00:00,27083.329999999994,27178.699999999997,27049.699999999997,27171.829999999994,144623
2026-04-24T15:00:00+00:00,27171.829999999994,27213.949999999997,27168.199999999997,27207.329999999994,93169
2026-04-24T15:30:00+00:00,27207.329999999994,27299.199999999997,27189.329999999994,27277.699999999997,128836
2026-04-24T16:00:00+00:00,27277.699999999997,27290.329999999994,27241.579999999994,27280.699999999997,71772
2026-04-24T16:30:00+00:00,27280.699999999997,27311.949999999997,27259.329999999994,27291.329999999994,60436
2026-04-24T17:00:00+00:00,27291.329999999994,27304.949999999997,27248.949999999997,27264.829999999994,55448
2026-04-24T17:30:00+00:00,27264.829999999994,27344.199999999997,27254.079999999994,27314.07,54886.51165356502
2026-04-24T18:00:00+00:00,27314.07,27324.57,27265.449999999997,27269.07,47070
2026-04-24T18:30:00+00:00,27269.07,27303.199999999997,27266.449999999997,27289.57,39013
2026-04-24T19:00:00+00:00,27289.57,27335.699999999997,27289.449999999997,27304.57,43836
2026-04-24T19:30:00+00:00,27304.57,27327.449999999997,27285.57,27315.32,59342
2026-04-24T20:00:00+00:00,27315.32,27321.05,27290.05,27301.22,17232
2026-04-24T20:30:00+00:00,27301.22,27324.72,27300.850000000002,27315.800000000003,4065
2026-04-26T22:00:00+00:00,27315.800000000003,27315.800000000003,27230.210000000003,27260.640000000003,24172
2026-04-26T22:30:00+00:00,27260.640000000003,27285.260000000002,27250.510000000002,27282.390000000003,11751
2026-04-26T23:00:00+00:00,27282.390000000003,27284.390000000003,27263.260000000002,27269.390000000003,10307
2026-04-26T23:30:00+00:00,27269.390000000003,27275.760000000002,27253.960000000003,27270.760000000002,12882
2026-04-27T00:00:00+00:00,27270.760000000002,27306.760000000002,27265.260000000002,27304.140000000003,28939
2026-04-27T00:30:00+00:00,27304.140000000003,27355.260000000002,27291.890000000003,27342.010000000002,22287
2026-04-27T01:00:00+00:00,27342.010000000002,27386.260000000002,27342.010000000002,27380.390000000003,39050
2026-04-27T01:30:00+00:00,27380.390000000003,27425.510000000002,27376.510000000002,27423.890000000003,26701
2026-04-27T02:00:00+00:00,27423.890000000003,27428.260000000002,27398.390000000003,27408.140000000003,20014
2026-04-27T02:30:00+00:00,27408.140000000003,27419.260000000002,27401.510000000002,27405.640000000003,14789
2026-04-27T03:00:00+00:00,27405.640000000003,27421.760000000002,27399.710000000003,27414.140000000003,14743
2026-04-27T03:30:00+00:00,27414.140000000003,27419.140000000003,27406.640000000003,27411.390000000003,12040
2026-04-27T04:00:00+00:00,27411.390000000003,27417.640000000003,27394.760000000002,27415.510000000002,11482
2026-04-27T04:30:00+00:00,27415.510000000002,27426.260000000002,27399.140000000003,27404.260000000002,11367
2026-04-27T05:00:00+00:00,27404.260000000002,27406.510000000002,27344.760000000002,27345.260000000002,22429
2026-04-27T05:30:00+00:00,27345.260000000002,27352.510000000002,27330.140000000003,27335.890000000003,22884
2026-04-27T06:00:00+00:00,27335.890000000003,27341.640000000003,27314.260000000002,27337.010000000002,22492
2026-04-27T06:30:00+00:00,27337.010000000002,27337.760000000002,27308.010000000002,27320.890000000003,20498
2026-04-27T07:00:00+00:00,27320.890000000003,27330.390000000003,27294.510000000002,27304.640000000003,27178
2026-04-27T07:30:00+00:00,27304.640000000003,27321.140000000003,27293.640000000003,27311.890000000003,20778
2026-04-27T08:00:00+00:00,27311.890000000003,27320.640000000003,27274.890000000003,27300.140000000003,32108
2026-04-27T08:30:00+00:00,27300.140000000003,27331.260000000002,27298.890000000003,27326.390000000003,18917
2026-04-27T09:00:00+00:00,27326.390000000003,27342.140000000003,27322.640000000003,27337.890000000003,15314
2026-04-27T09:30:00+00:00,27337.890000000003,27352.390000000003,27333.640000000003,27341.390000000003,12638
2026-04-27T10:00:00+00:00,27341.390000000003,27351.640000000003,27327.140000000003,27340.010000000002,14416
2026-04-27T10:30:00+00:00,27340.010000000002,27370.010000000002,27338.260000000002,27361.890000000003,17622
2026-04-27T11:00:00+00:00,27361.890000000003,27385.010000000002,27361.390000000003,27379.140000000003,21444
2026-04-27T11:30:00+00:00,27379.140000000003,27386.760000000002,27364.640000000003,27368.260000000002,17957
2026-04-27T12:00:00+00:00,27368.260000000002,27370.140000000003,27284.760000000002,27305.640000000003,29673
2026-04-27T12:30:00+00:00,27305.640000000003,27323.760000000002,27276.760000000002,27305.390000000003,34686
2026-04-27T13:00:00+00:00,27305.390000000003,27319.390000000003,27270.890000000003,27297.140000000003,50309
2026-04-27T13:30:00+00:00,27297.140000000003,27316.29,27185.41,27288.79,239674
2026-04-27T14:00:00+00:00,27288.79,27296.54,27235.66,27246.91,156651
2026-04-27T14:30:00+00:00,27246.91,27292.66,27208.91,27255.16,131350
2026-04-27T15:00:00+00:00,27255.16,27266.29,27194.66,27231.54,113373
2026-04-27T15:30:00+00:00,27231.54,27269.79,27222.29,27253.91,72460
2026-04-27T16:00:00+00:00,27253.91,27276.66,27234.91,27263.16,54369
2026-04-27T16:30:00+00:00,27263.16,27293.66,27263.04,27277.41,50762
2026-04-27T17:00:00+00:00,27277.41,27306.16,27267.41,27298.04,52313
2026-04-27T17:30:00+00:00,27298.04,27326.66,27297.29,27315.66,45079
2026-04-27T18:00:00+00:00,27315.66,27323.91,27304.29,27315.16,39483
2026-04-27T18:30:00+00:00,27315.16,27321.54,27278.04,27286.54,38892
2026-04-27T19:00:00+00:00,27286.54,27315.91,27277.54,27310.54,40532
2026-04-27T19:30:00+00:00,27310.54,27338.79,27298.29,27331.54,53569
2026-04-27T20:00:00+00:00,27331.54,27332.390000000003,27297.640000000003,27311.260000000002,17242
2026-04-27T20:30:00+00:00,27311.260000000002,27326.260000000002,27303.510000000002,27305.460000000003,8050
2026-04-27T22:00:00+00:00,27305.460000000003,27390.370000000003,27305.460000000003,27381.870000000003,21443
2026-04-27T22:30:00+00:00,27381.870000000003,27388.25,27368.32,27374.370000000003,9681
2026-04-27T23:00:00+00:00,27374.370000000003,27383.75,27364.120000000003,27379.370000000003,7483
2026-04-27T23:30:00+00:00,27379.370000000003,27392.75,27374.25,27379,8608
2026-04-28T00:00:00+00:00,27379,27401,27339.75,27353.870000000003,31498
2026-04-28T00:30:00+00:00,27353.870000000003,27370.5,27345,27357.25,22149
2026-04-28T01:00:00+00:00,27357.25,27362.75,27339.370000000003,27359.120000000003,23722
2026-04-28T01:30:00+00:00,27359.120000000003,27373.75,27307,27310.620000000003,27370
2026-04-28T02:00:00+00:00,27310.620000000003,27326,27301.120000000003,27319.25,21370
2026-04-28T02:30:00+00:00,27319.25,27319.370000000003,27275.25,27283.870000000003,19713
2026-04-28T03:00:00+00:00,27283.870000000003,27311.5,27278,27309,17924
2026-04-28T03:30:00+00:00,27309,27317.870000000003,27295.370000000003,27299.5,14999
2026-04-28T04:00:00+00:00,27299.5,27319.5,27294,27316.5,14440
2026-04-28T04:30:00+00:00,27316.5,27328.5,27304.620000000003,27306.370000000003,11589
2026-04-28T05:00:00+00:00,27306.370000000003,27312.5,27263.620000000003,27281.5,20255
2026-04-28T05:30:00+00:00,27281.5,27282,27239.370000000003,27253,26280
2026-04-28T06:00:00+00:00,27253,27267.120000000003,27243.620000000003,27258.25,24846
2026-04-28T06:30:00+00:00,27258.25,27264,27211.620000000003,27226.5,24293
2026-04-28T07:00:00+00:00,27226.5,27237.5,27209.75,27217.5,35170
2026-04-28T07:30:00+00:00,27217.5,27241.75,27211,27226.870000000003,29039
2026-04-28T08:00:00+00:00,27226.870000000003,27247,27191.620000000003,27246.370000000003,36782
2026-04-28T08:30:00+00:00,27246.370000000003,27248.25,27223.07,27241.370000000003,23225
2026-04-28T09:00:00+00:00,27241.370000000003,27244.25,27197.620000000003,27203.25,26511
2026-04-28T09:30:00+00:00,27203.25,27206.120000000003,27145.370000000003,27173.5,32496
2026-04-28T10:00:00+00:00,27173.5,27189.870000000003,27141,27158.25,27388
2026-04-28T10:30:00+00:00,27158.25,27168.870000000003,27127.75,27150.75,27822
2026-04-28T11:00:00+00:00,27150.75,27158.75,27026.82,27043.120000000003,49951
2026-04-28T11:30:00+00:00,27043.120000000003,27045.25,26969.75,26983.25,65205
2026-04-28T12:00:00+00:00,26983.25,27011.25,26931.82,26943,77237
2026-04-28T12:30:00+00:00,26943,27042.5,26925.5,27037.620000000003,54566
2026-04-28T13:00:00+00:00,27037.620000000003,27067.620000000003,27003.5,27050.620000000003,56062
2026-04-28T13:30:00+00:00,27050.620000000003,27141.02,26959.52,27092.9,248399
2026-04-28T14:00:00+00:00,27092.9,27123.27,27038.27,27058.27,178213
2026-04-28T14:30:00+00:00,27058.27,27071.15,26901.9,26981.4,222140
2026-04-28T15:00:00+00:00,26981.4,27009.15,26921.27,26935.9,166494
2026-04-28T15:30:00+00:00,26935.9,26948.27,26899.27,26942.77,113962
2026-04-28T16:00:00+00:00,26942.77,26978.15,26929.77,26960.27,79526
2026-04-28T16:30:00+00:00,26960.27,26985.15,26917.9,26973.52,78270
2026-04-28T17:00:00+00:00,26973.52,26988.15,26937.02,26972.77,62677
2026-04-28T17:30:00+00:00,26972.77,27033.4,26971.77,27030.77,49864
2026-04-28T18:00:00+00:00,27030.77,27072.15,27010.15,27065.02,51384
2026-04-28T18:30:00+00:00,27065.02,27084.15,27040.4,27084.15,41945
2026-04-28T19:00:00+00:00,27084.15,27114.02,27063.15,27076.52,49356
2026-04-28T19:30:00+00:00,27076.52,27081.27,27044.15,27059.02,62354
2026-04-28T20:00:00+00:00,27059.02,27096.25,27036.370000000003,27089.370000000003,25863
2026-04-28T20:30:00+00:00,27089.370000000003,27090.620000000003,27074.5,27080.7,11757
2026-04-28T22:00:00+00:00,27080.7,27126.050000000003,27080.7,27107.920000000002,11594
2026-04-28T22:30:00+00:00,27107.920000000002,27120.420000000002,27107.920000000002,27117.050000000003,5603
2026-04-28T23:00:00+00:00,27117.050000000003,27120.300000000003,27106.800000000003,27117.300000000003,4559
2026-04-28T23:30:00+00:00,27117.300000000003,27141.170000000002,27117.050000000003,27140.170000000002,7417
2026-04-29T00:00:00+00:00,27140.170000000002,27182.550000000003,27139.800000000003,27182.050000000003,17514
2026-04-29T00:30:00+00:00,27182.050000000003,27187.300000000003,27154.620000000003,27157.300000000003,12954
2026-04-29T01:00:00+00:00,27157.300000000003,27159.050000000003,27084.920000000002,27121.420000000002,34566
2026-04-29T01:30:00+00:00,27121.420000000002,27163.170000000002,27117.050000000003,27140.300000000003,25430
2026-04-29T02:00:00+00:00,27140.300000000003,27175.170000000002,27136.120000000003,27158.920000000002,19113
2026-04-29T02:30:00+00:00,27158.920000000002,27164.550000000003,27141.170000000002,27161.420000000002,14318
2026-04-29T03:00:00+00:00,27161.420000000002,27186.670000000002,27159.550000000003,27181.050000000003,11778
2026-04-29T03:30:00+00:00,27181.050000000003,27183.050000000003,27169.920000000002,27177.170000000002,8730
2026-04-29T04:00:00+00:00,27177.170000000002,27190.550000000003,27176.050000000003,27186.800000000003,7416
2026-04-29T04:30:00+00:00,27186.800000000003,27205.550000000003,27186.800000000003,27191.550000000003,9627
2026-04-29T05:00:00+00:00,27191.550000000003,27195.670000000002,27169.920000000002,27187.550000000003,12089
2026-04-29T05:30:00+00:00,27187.550000000003,27202.800000000003,27181.800000000003,27190.300000000003,11191
2026-04-29T06:00:00+00:00,27190.300000000003,27211.050000000003,27175.170000000002,27176.800000000003,16338
2026-04-29T06:30:00+00:00,27176.800000000003,27192.800000000003,27154.170000000002,27159.300000000003,16604
2026-04-29T07:00:00+00:00,27159.300000000003,27181.800000000003,27140.050000000003,27156.050000000003,26259
2026-04-29T07:30:00+00:00,27156.050000000003,27165.800000000003,27103.550000000003,27131.550000000003,29371
2026-04-29T08:00:00+00:00,27131.550000000003,27155.670000000002,27091.920000000002,27139.050000000003,39206
2026-04-29T08:30:00+00:00,27139.050000000003,27142.420000000002,27098.800000000003,27134.670000000002,34106
2026-04-29T09:00:00+00:00,27134.670000000002,27163.300000000003,27122.920000000002,27143.050000000003,27665
2026-04-29T09:30:00+00:00,27143.050000000003,27159.050000000003,27115.420000000002,27121.800000000003,27819
2026-04-29T10:00:00+00:00,27121.800000000003,27181.050000000003,27105.300000000003,27175.050000000003,24647
2026-04-29T10:30:00+00:00,27175.050000000003,27181.670000000002,27147.670000000002,27156.670000000002,22234
2026-04-29T11:00:00+00:00,27156.670000000002,27173.300000000003,27147.920000000002,27154.050000000003,27158
2026-04-29T11:30:00+00:00,27154.050000000003,27178.670000000002,27128.300000000003,27144.170000000002,28950
2026-04-29T12:00:00+00:00,27144.170000000002,27146.300000000003,27111.620000000003,27124.920000000002,29102
2026-04-29T12:30:00+00:00,27124.920000000002,27141.300000000003,27085.550000000003,27118.550000000003,34977
2026-04-29T13:00:00+00:00,27118.550000000003,27143.550000000003,27092.050000000003,27100.420000000002,39515
2026-04-29T13:30:00+00:00,27100.420000000002,27129.2,27018.32,27114.95,196403
2026-04-29T14:00:00+00:00,27114.95,27170.95,27072.120000000003,27162.32,122578
2026-04-29T14:30:00+00:00,27162.32,27209.2,27142.32,27196.57,93036
2026-04-29T15:00:00+00:00,27196.57,27203.32,27113.57,27169.45,86292
2026-04-29T15:30:00+00:00,27169.45,27191.95,27092.95,27133.95,104056
2026-04-29T16:00:00+00:00,27133.95,27167.32,27094.07,27095.95,74319
2026-04-29T16:30:00+00:00,27095.95,27115.7,27047.45,27093.32,80723
2026-04-29T17:00:00+00:00,27093.32,27122.57,27063.95,27107.45,62000
2026-04-29T17:30:00+00:00,27107.45,27147.45,27099.57,27143.07,48498
2026-04-29T18:00:00+00:00,27143.07,27149.2,27051.140000000003,27101.520000000004,79069.72996389892
2026-04-29T18:30:00+00:00,27101.520000000004,27193.770000000004,27063.690000000006,27188.270000000004,103727
2026-04-29T19:00:00+00:00,27188.270000000004,27230.890000000003,27157.140000000003,27203.640000000003,73580
2026-04-29T19:30:00+00:00,27203.640000000003,27230.140000000003,27155.390000000003,27229.390000000003,71869
2026-04-29T20:00:00+00:00,27229.390000000003,27306.120000000006,26987.190000000006,27175.240000000005,67377
2026-04-29T20:30:00+00:00,27175.240000000005,27191.120000000006,27041.440000000006,27042.070000000003,47492
2026-04-29T22:00:00+00:00,27042.070000000003,27394.140000000003,27042.070000000003,27362.390000000003,33251
2026-04-29T22:30:00+00:00,27362.390000000003,27393.640000000003,27346.520000000004,27365.770000000004,19529
2026-04-29T23:00:00+00:00,27365.770000000004,27378.640000000003,27347.090000000004,27366.020000000004,15363
2026-04-29T23:30:00+00:00,27366.020000000004,27450.890000000003,27365.520000000004,27445.640000000003,20327
2026-04-30T00:00:00+00:00,27445.640000000003,27487.140000000003,27445.640000000003,27470.270000000004,34099
2026-04-30T00:30:00+00:00,27470.270000000004,27517.390000000003,27470.270000000004,27489.520000000004,24236
2026-04-30T01:00:00+00:00,27489.520000000004,27496.020000000004,27459.020000000004,27475.140000000003,24279
2026-04-30T01:30:00+00:00,27475.140000000003,27491.520000000004,27450.520000000004,27474.890000000003,19361
2026-04-30T02:00:00+00:00,27474.890000000003,27482.390000000003,27407.140000000003,27411.770000000004,18631
2026-04-30T02:30:00+00:00,27411.770000000004,27411.770000000004,27280.590000000004,27321.140000000003,55830
2026-04-30T03:00:00+00:00,27321.140000000003,27347.640000000003,27297.140000000003,27317.890000000003,32636
2026-04-30T03:30:00+00:00,27317.890000000003,27334.770000000004,27300.270000000004,27303.890000000003,27339
2026-04-30T04:00:00+00:00,27303.890000000003,27305.270000000004,27173.020000000004,27191.140000000003,40281
2026-04-30T04:30:00+00:00,27191.140000000003,27194.020000000004,27125.520000000004,27127.390000000003,38875
2026-04-30T05:00:00+00:00,27127.390000000003,27203.140000000003,27127.390000000003,27147.020000000004,37821
2026-04-30T05:30:00+00:00,27147.020000000004,27191.390000000003,27116.270000000004,27118.020000000004,31530
2026-04-30T06:00:00+00:00,27118.020000000004,27134.140000000003,27079.890000000003,27127.770000000004,37325
2026-04-30T06:30:00+00:00,27127.770000000004,27201.890000000003,27127.770000000004,27177.770000000004,37138
2026-04-30T07:00:00+00:00,27177.770000000004,27258.520000000004,27164.270000000004,27256.520000000004,43632
2026-04-30T07:30:00+00:00,27256.520000000004,27272.140000000003,27229.520000000004,27245.890000000003,36649
2026-04-30T08:00:00+00:00,27245.890000000003,27276.770000000004,27219.020000000004,27256.140000000003,44864
2026-04-30T08:30:00+00:00,27256.140000000003,27290.890000000003,27253.890000000003,27254.390000000003,36941
2026-04-30T09:00:00+00:00,27254.390000000003,27289.390000000003,27225.270000000004,27287.770000000004,38156
2026-04-30T09:30:00+00:00,27287.770000000004,27336.890000000003,27251.140000000003,27262.140000000003,46833
2026-04-30T10:00:00+00:00,27262.140000000003,27317.270000000004,27262.140000000003,27312.020000000004,32224
2026-04-30T10:30:00+00:00,27312.020000000004,27327.020000000004,27245.340000000004,27269.090000000004,48317
2026-04-30T11:00:00+00:00,27269.090000000004,27385.140000000003,27265.640000000003,27383.140000000003,42135
2026-04-30T11:30:00+00:00,27383.140000000003,27388.520000000004,27328.520000000004,27334.020000000004,40104
2026-04-30T12:00:00+00:00,27334.020000000004,27433.840000000004,27332.390000000003,27433.340000000004,32741
2026-04-30T12:30:00+00:00,27433.340000000004,27439.890000000003,27361.090000000004,27418.270000000004,46295
2026-04-30T13:00:00+00:00,27418.270000000004,27434.520000000004,27386.640000000003,27386.890000000003,49701
2026-04-30T13:30:00+00:00,27386.890000000003,27386.890000000003,27097.840000000004,27141.540000000005,286839
2026-04-30T14:00:00+00:00,27141.540000000005,27197.920000000006,27058.170000000006,27122.920000000006,228028
2026-04-30T14:30:00+00:00,27122.920000000006,27270.920000000006,27066.290000000005,27254.170000000006,188046
2026-04-30T15:00:00+00:00,27254.170000000006,27311.540000000005,27251.920000000006,27299.540000000005,145520
2026-04-30T15:30:00+00:00,27299.540000000005,27330.040000000005,27226.420000000006,27282.670000000006,116512
2026-04-30T16:00:00+00:00,27282.670000000006,27329.670000000006,27251.090000000004,27309.790000000005,76889
2026-04-30T16:30:00+00:00,27309.790000000005,27319.040000000005,27242.840000000004,27265.540000000005,73740
2026-04-30T17:00:00+00:00,27265.540000000005,27357.920000000006,27264.290000000005,27356.790000000005,70157
2026-04-30T17:30:00+00:00,27356.790000000005,27442.670000000006,27356.290000000005,27438.040000000005,63726
2026-04-30T18:00:00+00:00,27438.040000000005,27481.420000000006,27436.670000000006,27457.290000000005,66397
2026-04-30T18:30:00+00:00,27457.290000000005,27486.540000000005,27443.420000000006,27446.290000000005,51739
2026-04-30T19:00:00+00:00,27446.290000000005,27501.790000000005,27437.290000000005,27486.790000000005,59792
2026-04-30T19:30:00+00:00,27486.790000000005,27516.670000000006,27467.040000000005,27473.420000000006,88064
2026-04-30T20:00:00+00:00,27473.420000000006,27509.270000000004,27455.840000000004,27499.770000000004,33042
2026-04-30T20:30:00+00:00,27499.770000000004,27511.640000000003,27469.590000000004,27492.340000000004,24030
2026-04-30T22:00:00+00:00,27492.340000000004,27540.760000000006,27492.340000000004,27512.510000000006,16216
2026-04-30T22:30:00+00:00,27512.510000000006,27515.140000000003,27451.510000000006,27474.010000000006,13341
2026-04-30T23:00:00+00:00,27474.010000000006,27501.140000000003,27471.510000000006,27499.390000000003,11654
2026-04-30T23:30:00+00:00,27499.390000000003,27518.010000000006,27483.460000000006,27488.640000000003,13934
2026-05-01T00:00:00+00:00,27488.640000000003,27528.760000000006,27486.640000000003,27524.010000000006,29323
2026-05-01T00:30:00+00:00,27524.010000000006,27536.390000000003,27516.890000000003,27520.010000000006,17525
2026-05-01T01:00:00+00:00,27520.010000000006,27545.390000000003,27508.010000000006,27541.260000000006,16272
2026-05-01T01:30:00+00:00,27541.260000000006,27552.890000000003,27536.010000000006,27544.510000000006,12061
2026-05-01T02:00:00+00:00,27544.510000000006,27547.140000000003,27530.010000000006,27532.390000000003,9535
2026-05-01T02:30:00+00:00,27532.390000000003,27539.890000000003,27519.260000000006,27537.010000000006,9616
2026-05-01T03:00:00+00:00,27537.010000000006,27554.260000000006,27531.510000000006,27552.140000000003,7556
2026-05-01T03:30:00+00:00,27552.140000000003,27568.510000000006,27529.710000000006,27537.390000000003,12224
2026-05-01T04:00:00+00:00,27537.390000000003,27538.640000000003,27517.010000000006,27524.510000000006,11497
2026-05-01T04:30:00+00:00,27524.510000000006,27528.260000000006,27515.640000000003,27522.890000000003,8315
2026-05-01T05:00:00+00:00,27522.890000000003,27534.510000000006,27514.260000000006,27531.140000000003,10831
2026-05-01T05:30:00+00:00,27531.140000000003,27531.890000000003,27507.390000000003,27511.390000000003,10648
2026-05-01T06:00:00+00:00,27511.390000000003,27523.260000000006,27503.710000000006,27505.260000000006,13035
2026-05-01T06:30:00+00:00,27505.260000000006,27508.010000000006,27486.140000000003,27490.890000000003,15130
2026-05-01T07:00:00+00:00,27490.890000000003,27520.140000000003,27489.510000000006,27499.890000000003,17057
2026-05-01T07:30:00+00:00,27499.890000000003,27501.010000000006,27466.760000000006,27474.260000000006,14668
2026-05-01T08:00:00+00:00,27474.260000000006,27492.390000000003,27470.260000000006,27477.640000000003,20690
2026-05-01T08:30:00+00:00,27477.640000000003,27477.760000000006,27449.510000000006,27461.390000000003,13613
2026-05-01T09:00:00+00:00,27461.390000000003,27463.510000000006,27440.010000000006,27457.760000000006,13797
2026-05-01T09:30:00+00:00,27457.760000000006,27471.010000000006,27450.890000000003,27465.260000000006,12173
2026-05-01T10:00:00+00:00,27465.260000000006,27475.510000000006,27452.890000000003,27459.260000000006,12412
2026-05-01T10:30:00+00:00,27459.260000000006,27466.010000000006,27431.140000000003,27464.760000000006,14569
2026-05-01T11:00:00+00:00,27464.760000000006,27469.260000000006,27435.140000000003,27442.010000000006,21485
2026-05-01T11:30:00+00:00,27442.010000000006,27459.640000000003,27433.010000000006,27458.760000000006,18613
2026-05-01T12:00:00+00:00,27458.760000000006,27520.260000000006,27442.390000000003,27507.890000000003,36715
2026-05-01T12:30:00+00:00,27507.890000000003,27509.640000000003,27460.390000000003,27471.890000000003,28573
2026-05-01T13:00:00+00:00,27471.890000000003,27532.510000000006,27470.010000000006,27527.010000000006,31212
2026-05-01T13:30:00+00:00,27527.010000000006,27768.210000000006,27513.040000000005,27766.210000000006,226768
2026-05-01T14:00:00+00:00,27766.210000000006,27802.040000000005,27747.290000000005,27766.410000000003,149607
2026-05-01T14:30:00+00:00,27766.410000000003,27768.160000000003,27646.540000000005,27710.040000000005,180010
2026-05-01T15:00:00+00:00,27710.040000000005,27765.160000000003,27664.210000000006,27758.160000000003,127821
2026-05-01T15:30:00+00:00,27758.160000000003,27812.040000000005,27733.460000000006,27785.660000000003,86697
2026-05-01T16:00:00+00:00,27785.660000000003,27796.910000000003,27713.540000000005,27727.910000000003,91204
2026-05-01T16:30:00+00:00,27727.910000000003,27751.290000000005,27700.790000000005,27726.660000000003,78994
2026-05-01T17:00:00+00:00,27726.660000000003,27782.790000000005,27723.660000000003,27780.910000000003,51889
2026-05-01T17:30:00+00:00,27780.910000000003,27792.040000000005,27759.660000000003,27779.040000000005,47626.58301432541
2026-05-01T18:00:00+00:00,27779.040000000005,27785.920000000006,27730.790000000005,27762.920000000006,60349
2026-05-01T18:30:00+00:00,27762.920000000006,27764.790000000005,27690.420000000006,27717.040000000005,61446
2026-05-01T19:00:00+00:00,27717.040000000005,27795.170000000006,27713.670000000006,27791.170000000006,48902
2026-05-01T19:30:00+00:00,27791.170000000006,27796.170000000006,27718.090000000007,27732.420000000006,69573
2026-05-01T20:00:00+00:00,27732.420000000006,27732.640000000007,27682.940000000002,27694.940000000002,26786
2026-05-01T20:30:00+00:00,27694.940000000002,27696.690000000002,27677.690000000002,27684.140000000003,9157
2026-05-03T22:00:00+00:00,27684.140000000003,27828.920000000002,27684.140000000003,27747.920000000002,27735
2026-05-03T22:30:00+00:00,27747.920000000002,27778.550000000003,27739.300000000003,27754.050000000003,15029
2026-05-03T23:00:00+00:00,27754.050000000003,27759.800000000003,27718.300000000003,27724.300000000003,13335
2026-05-03T23:30:00+00:00,27724.300000000003,27738.420000000002,27718.920000000002,27727.170000000002,16792
2026-05-04T00:00:00+00:00,27727.170000000002,27769.300000000003,27706.420000000002,27739.300000000003,35859
2026-05-04T00:30:00+00:00,27739.300000000003,27800.300000000003,27735.920000000002,27795.800000000003,26079
2026-05-04T01:00:00+00:00,27795.800000000003,27801.420000000002,27761.300000000003,27779.050000000003,32673
2026-05-04T01:30:00+00:00,27779.050000000003,27824.550000000003,27775.170000000002,27822.170000000002,23386
2026-05-04T02:00:00+00:00,27822.170000000002,27826.300000000003,27781.620000000003,27788.670000000002,25349
2026-05-04T02:30:00+00:00,27788.670000000002,27846.420000000002,27787.300000000003,27832.300000000003,20034
2026-05-04T03:00:00+00:00,27832.300000000003,27848.170000000002,27828.670000000002,27831.300000000003,14067
2026-05-04T03:30:00+00:00,27831.300000000003,27841.420000000002,27821.300000000003,27834.300000000003,19566
2026-05-04T04:00:00+00:00,27834.300000000003,27854.300000000003,27830.300000000003,27851.800000000003,12963
2026-05-04T04:30:00+00:00,27851.800000000003,27855.670000000002,27839.170000000002,27841.300000000003,9930
2026-05-04T05:00:00+00:00,27841.300000000003,27868.920000000002,27833.870000000003,27840.170000000002,17177
2026-05-04T05:30:00+00:00,27840.170000000002,27855.550000000003,27834.550000000003,27837.800000000003,14312
2026-05-04T06:00:00+00:00,27837.800000000003,27843.670000000002,27796.120000000003,27812.420000000002,23042
2026-05-04T06:30:00+00:00,27812.420000000002,27821.300000000003,27775.300000000003,27799.050000000003,25736
2026-05-04T07:00:00+00:00,27799.050000000003,27849.670000000002,27784.050000000003,27839.800000000003,31055
2026-05-04T07:30:00+00:00,27839.800000000003,27854.050000000003,27815.550000000003,27815.920000000002,23208
2026-05-04T08:00:00+00:00,27815.920000000002,27817.050000000003,27767.420000000002,27805.420000000002,38223
2026-05-04T08:30:00+00:00,27805.420000000002,27813.920000000002,27790.050000000003,27796.800000000003,26369
2026-05-04T09:00:00+00:00,27796.800000000003,27816.920000000002,27786.550000000003,27814.420000000002,21907
2026-05-04T09:30:00+00:00,27814.420000000002,27826.300000000003,27792.300000000003,27793.420000000002,16589
2026-05-04T10:00:00+00:00,27793.420000000002,27800.300000000003,27565.620000000003,27655.670000000002,105059
2026-05-04T10:30:00+00:00,27655.670000000002,27757.420000000002,27645.550000000003,27717.170000000002,64183
2026-05-04T11:00:00+00:00,27717.170000000002,27750.420000000002,27695.870000000003,27722.670000000002,45513
2026-05-04T11:30:00+00:00,27722.670000000002,27737.170000000002,27681.550000000003,27730.420000000002,42601
2026-05-04T12:00:00+00:00,27730.420000000002,27784.420000000002,27730.420000000002,27766.420000000002,39827
2026-05-04T12:30:00+00:00,27766.420000000002,27778.050000000003,27734.550000000003,27747.550000000003,35378
2026-05-04T13:00:00+00:00,27747.550000000003,27783.670000000002,27690.050000000003,27757.800000000003,62529
2026-05-04T13:30:00+00:00,27757.800000000003,27800.45,27711.870000000003,27798.57,207483
2026-05-04T14:00:00+00:00,27798.57,27816.2,27747.620000000003,27774.57,130831
2026-05-04T14:30:00+00:00,27774.57,27844.07,27767.32,27784.82,94299
2026-05-04T15:00:00+00:00,27784.82,27817.2,27614.870000000003,27679.07,169244
2026-05-04T15:30:00+00:00,27679.07,27686.95,27600.620000000003,27637.45,159168
2026-05-04T16:00:00+00:00,27637.45,27650.7,27516.370000000003,27616.95,156247
2026-05-04T16:30:00+00:00,27616.95,27647.57,27592.370000000003,27609.07,90844
2026-05-04T17:00:00+00:00,27609.07,27707.07,27607.32,27696.82,87228
2026-05-04T17:30:00+00:00,27696.82,27705.57,27656.57,27695.7,54013
2026-05-04T18:00:00+00:00,27695.7,27721.57,27635.32,27674.32,58107
2026-05-04T18:30:00+00:00,27674.32,27680.07,27621.95,27662.82,56585
2026-05-04T19:00:00+00:00,27662.82,27690.57,27643.45,27681.57,61556
2026-05-04T19:30:00+00:00,27681.57,27695.95,27650.32,27683.32,57074
2026-05-04T20:00:00+00:00,27683.32,27683.45,27641.420000000002,27664.420000000002,23243
2026-05-04T20:30:00+00:00,27664.420000000002,27666.800000000003,27643.550000000003,27646,10683
2026-05-04T22:00:00+00:00,27646,27693.170000000002,27646,27681.54,11160
2026-05-04T22:30:00+00:00,27681.54,27683.670000000002,27645.29,27656.920000000002,8751
2026-05-04T23:00:00+00:00,27656.920000000002,27666.920000000002,27645.670000000002,27657.04,7281
2026-05-04T23:30:00+00:00,27657.04,27664.670000000002,27636.420000000002,27650.29,9546
2026-05-05T00:00:00+00:00,27650.29,27695.920000000002,27643.99,27657.79,23285
2026-05-05T00:30:00+00:00,27657.79,27697.420000000002,27655.170000000002,27688.79,19368
2026-05-05T01:00:00+00:00,27688.79,27718.170000000002,27672.04,27706.29,20024
2026-05-05T01:30:00+00:00,27706.29,27736.170000000002,27695.170000000002,27718.920000000002,23402
2026-05-05T02:00:00+00:00,27718.920000000002,27737.54,27712.54,27735.420000000002,15267
2026-05-05T02:30:00+00:00,27735.420000000002,27744.920000000002,27705.74,27719.420000000002,15780
2026-05-05T03:00:00+00:00,27719.420000000002,27752.170000000002,27715.54,27745.420000000002,11185
2026-05-05T03:30:00+00:00,27745.420000000002,27751.170000000002,27739.670000000002,27744.670000000002,8796
2026-05-05T04:00:00+00:00,27744.670000000002,27763.29,27741.670000000002,27742.79,8234
2026-05-05T04:30:00+00:00,27742.79,27754.79,27731.29,27731.670000000002,9497
2026-05-05T05:00:00+00:00,27731.670000000002,27749.79,27722.74,27739.54,11803
2026-05-05T05:30:00+00:00,27739.54,27758.670000000002,27728.79,27757.04,14401
2026-05-05T06:00:00+00:00,27757.04,27777.29,27722.54,27734.04,22081
2026-05-05T06:30:00+00:00,27734.04,27790.54,27732.79,27784.170000000002,21284
2026-05-05T07:00:00+00:00,27784.170000000002,27806.54,27778.920000000002,27789.29,26172
2026-05-05T07:30:00+00:00,27789.29,27830.54,27779.170000000002,27785.29,29355
2026-05-05T08:00:00+00:00,27785.29,27838.670000000002,27783.04,27823.04,25292
2026-05-05T08:30:00+00:00,27823.04,27845.54,27816.74,27832.920000000002,21220
2026-05-05T09:00:00+00:00,27832.920000000002,27843.29,27813.04,27833.420000000002,20837
2026-05-05T09:30:00+00:00,27833.420000000002,27861.04,27832.54,27839.670000000002,18221
2026-05-05T10:00:00+00:00,27839.670000000002,27848.920000000002,27826.420000000002,27843.04,15551
2026-05-05T10:30:00+00:00,27843.04,27862.920000000002,27831.54,27838.920000000002,20097
2026-05-05T11:00:00+00:00,27838.920000000002,27843.170000000002,27803.920000000002,27831.670000000002,28807
2026-05-05T11:30:00+00:00,27831.670000000002,27850.79,27831.670000000002,27847.04,20049
2026-05-05T12:00:00+00:00,27847.04,27909.920000000002,27832.79,27893.29,35666
2026-05-05T12:30:00+00:00,27893.29,27898.29,27874.420000000002,27877.170000000002,21336
2026-05-05T13:00:00+00:00,27877.170000000002,27911.54,27876.79,27892.420000000002,26883
2026-05-05T13:30:00+00:00,27892.420000000002,28016.440000000002,27875.690000000002,27986.49,178325
2026-05-05T14:00:00+00:00,27986.49,28037.940000000002,27936.82,28023.82,139814
2026-05-05T14:30:00+00:00,28023.82,28043.440000000002,27981.940000000002,28000.57,89059
2026-05-05T15:00:00+00:00,28000.57,28043.57,27991.940000000002,28033.440000000002,67669
2026-05-05T15:30:00+00:00,28033.440000000002,28051.32,28014.940000000002,28031.190000000002,54482
2026-05-05T16:00:00+00:00,28031.190000000002,28056.690000000002,27995.190000000002,28019.940000000002,48373
2026-05-05T16:30:00+00:00,28019.940000000002,28040.32,27997.190000000002,28029.690000000002,51914
2026-05-05T17:00:00+00:00,28029.690000000002,28049.57,28012.440000000002,28049.07,39539
2026-05-05T17:30:00+00:00,28049.07,28071.940000000002,28039.57,28063.690000000002,32175
2026-05-05T18:00:00+00:00,28063.690000000002,28089.940000000002,28061.190000000002,28081.690000000002,31334
2026-05-05T18:30:00+00:00,28081.690000000002,28086.32,28058.690000000002,28072.940000000002,28957
2026-05-05T19:00:00+00:00,28072.940000000002,28092.32,28065.57,28070.690000000002,35700
2026-05-05T19:30:00+00:00,28070.690000000002,28074.190000000002,28013.190000000002,28040.07,55154
2026-05-05T20:00:00+00:00,28040.07,28150.670000000002,28014.24,28140.04,40669
2026-05-05T20:30:00+00:00,28140.04,28141.920000000002,28087.54,28111.24,25614
2026-05-05T22:00:00+00:00,28111.24,28188.030000000002,28111.24,28185.66,14247
2026-05-05T22:30:00+00:00,28185.66,28323.730000000003,28181.980000000003,28281.16,23411
2026-05-05T23:00:00+00:00,28281.16,28290.66,28250.91,28256.16,26737
2026-05-05T23:30:00+00:00,28256.16,28282.91,28254.280000000002,28275.280000000002,16538
2026-05-06T00:00:00+00:00,28275.280000000002,28277.91,28153.980000000003,28156.030000000002,48697
2026-05-06T00:30:00+00:00,28156.030000000002,28191.780000000002,28153.66,28180.780000000002,29854
2026-05-06T01:00:00+00:00,28180.780000000002,28212.41,28173.530000000002,28191.530000000002,30838
2026-05-06T01:30:00+00:00,28191.530000000002,28203.41,28176.530000000002,28197.66,28735
2026-05-06T02:00:00+00:00,28197.66,28201.91,28176.530000000002,28177.41,26296
2026-05-06T02:30:00+00:00,28177.41,28195.530000000002,28167.480000000003,28193.41,18077
2026-05-06T03:00:00+00:00,28193.41,28228.780000000002,28188.16,28226.91,17206
2026-05-06T03:30:00+00:00,28226.91,28239.91,28213.41,28217.780000000002,18105
2026-05-06T04:00:00+00:00,28217.780000000002,28236.41,28215.66,28233.030000000002,13960
2026-05-06T04:30:00+00:00,28233.030000000002,28249.530000000002,28217.41,28240.780000000002,21423
2026-05-06T05:00:00+00:00,28240.780000000002,28254.030000000002,28231.530000000002,28250.780000000002,19035
2026-05-06T05:30:00+00:00,28250.780000000002,28264.780000000002,28236.530000000002,28259.66,18495
2026-05-06T06:00:00+00:00,28259.66,28274.030000000002,28223.41,28235.66,25453
2026-05-06T06:30:00+00:00,28235.66,28248.030000000002,28205.16,28240.280000000002,22657
2026-05-06T07:00:00+00:00,28240.280000000002,28258.030000000002,28214.16,28233.41,31064
2026-05-06T07:30:00+00:00,28233.41,28256.16,28221.91,28252.41,25713
2026-05-06T08:00:00+00:00,28252.41,28269.91,28229.030000000002,28244.780000000002,30728
2026-05-06T08:30:00+00:00,28244.780000000002,28422.280000000002,28239.91,28388.030000000002,55563
2026-05-06T09:00:00+00:00,28388.030000000002,28404.030000000002,28320.16,28371.41,50261
2026-05-06T09:30:00+00:00,28371.41,28419.66,28363.16,28411.780000000002,37847
2026-05-06T10:00:00+00:00,28411.780000000002,28462.780000000002,28407.16,28459.030000000002,37535
2026-05-06T10:30:00+00:00,28459.030000000002,28518.530000000002,28456.16,28490.41,45618
2026-05-06T11:00:00+00:00,28490.41,28539.66,28482.41,28501.780000000002,49691
2026-05-06T11:30:00+00:00,28501.780000000002,28513.780000000002,28417.980000000003,28444.16,51920
2026-05-06T12:00:00+00:00,28444.16,28446.030000000002,28331.980000000003,28401.66,61758
2026-05-06T12:30:00+00:00,28401.66,28409.66,28337.280000000002,28362.66,45840
2026-05-06T13:00:00+00:00,28362.66,28363.41,28278.41,28294.780000000002,66663
2026-05-06T13:30:00+00:00,28294.780000000002,28411.31,28242.06,28374.31,236481
2026-05-06T14:00:00+00:00,28374.31,28405.18,28290.56,28324.18,190830
2026-05-06T14:30:00+00:00,28324.18,28456.18,28323.81,28442.81,129017
2026-05-06T15:00:00+00:00,28442.81,28487.93,28423.93,28483.43,82365
2026-05-06T15:30:00+00:00,28483.43,28492.06,28435.81,28465.93,73564
2026-05-06T16:00:00+00:00,28465.93,28506.93,28459.81,28479.68,51876
2026-05-06T16:30:00+00:00,28479.68,28490.56,28418.06,28444.93,58916
2026-05-06T17:00:00+00:00,28444.93,28497.43,28434.43,28488.93,44678
2026-05-06T17:30:00+00:00,28488.93,28515.81,28487.56,28505.68,34331
2026-05-06T18:00:00+00:00,28505.68,28545.56,28497.56,28539.93,38323
2026-05-06T18:30:00+00:00,28539.93,28571.43,28530.81,28545.93,39820
2026-05-06T19:00:00+00:00,28545.93,28605.56,28543.18,28599.81,42287
2026-05-06T19:30:00+00:00,28599.81,28631.31,28572.43,28616.93,60608
2026-05-06T20:00:00+00:00,28616.93,28705.16,28607.280000000002,28682.91,37093
2026-05-06T20:30:00+00:00,28682.91,28685.030000000002,28599.780000000002,28618.11,20875
2026-05-06T22:00:00+00:00,28618.11,28618.11,28556.780000000002,28562.08,17215
2026-05-06T22:30:00+00:00,28562.08,28587.33,28558.33,28583.08,9840
2026-05-06T23:00:00+00:00,28583.08,28599.760000000002,28575.33,28582.890000000003,9528.379823331463
2026-05-06T23:30:00+00:00,28582.890000000003,28593.140000000003,28561.460000000003,28576.890000000003,15741
2026-05-07T00:00:00+00:00,28576.890000000003,28600.010000000002,28548.510000000002,28555.260000000002,43774
2026-05-07T00:30:00+00:00,28555.260000000002,28572.140000000003,28543.760000000002,28568.510000000002,28233
2026-05-07T01:00:00+00:00,28568.510000000002,28579.640000000003,28544.760000000002,28576.140000000003,27127
2026-05-07T01:30:00+00:00,28576.140000000003,28622.510000000002,28572.140000000003,28604.640000000003,20757
2026-05-07T02:00:00+00:00,28604.640000000003,28613.010000000002,28558.890000000003,28591.760000000002,22872
2026-05-07T02:30:00+00:00,28591.760000000002,28598.010000000002,28574.460000000003,28592.260000000002,18930
2026-05-07T03:00:00+00:00,28592.260000000002,28601.260000000002,28579.760000000002,28595.260000000002,18245
2026-05-07T03:30:00+00:00,28595.260000000002,28608.890000000003,28593.390000000003,28598.260000000002,13535
2026-05-07T04:00:00+00:00,28598.260000000002,28619.890000000003,28591.890000000003,28613.890000000003,11779
2026-05-07T04:30:00+00:00,28613.890000000003,28620.010000000002,28604.260000000002,28610.890000000003,11934
2026-05-07T05:00:00+00:00,28610.890000000003,28621.010000000002,28600.510000000002,28611.260000000002,14127
2026-05-07T05:30:00+00:00,28611.260000000002,28634.390000000003,28610.890000000003,28626.890000000003,13956
2026-05-07T06:00:00+00:00,28626.890000000003,28637.890000000003,28601.260000000002,28617.890000000003,19865
2026-05-07T06:30:00+00:00,28617.890000000003,28654.510000000002,28616.640000000003,28644.260000000002,24389
2026-05-07T07:00:00+00:00,28644.260000000002,28711.510000000002,28634.760000000002,28677.010000000002,44553
2026-05-07T07:30:00+00:00,28677.010000000002,28704.890000000003,28671.890000000003,28684.640000000003,28269
2026-05-07T08:00:00+00:00,28684.640000000003,28721.260000000002,28640.210000000003,28653.890000000003,36068
2026-05-07T08:30:00+00:00,28653.890000000003,28671.140000000003,28635.390000000003,28643.510000000002,24839
2026-05-07T09:00:00+00:00,28643.510000000002,28669.260000000002,28618.210000000003,28654.760000000002,26734
2026-05-07T09:30:00+00:00,28654.760000000002,28668.640000000003,28628.390000000003,28636.890000000003,24379
2026-05-07T10:00:00+00:00,28636.890000000003,28642.260000000002,28597.460000000003,28629.390000000003,23032
2026-05-07T10:30:00+00:00,28629.390000000003,28649.260000000002,28623.140000000003,28633.640000000003,22482
2026-05-07T11:00:00+00:00,28633.640000000003,28657.390000000003,28617.140000000003,28620.140000000003,27119
2026-05-07T11:30:00+00:00,28620.140000000003,28646.510000000002,28611.890000000003,28638.890000000003,22578
2026-05-07T12:00:00+00:00,28638.890000000003,28652.390000000003,28623.760000000002,28647.390000000003,24123
2026-05-07T12:30:00+00:00,28647.390000000003,28666.640000000003,28636.140000000003,28661.390000000003,23267
2026-05-07T13:00:00+00:00,28661.390000000003,28669.640000000003,28633.390000000003,28656.760000000002,31303
2026-05-07T13:30:00+00:00,28656.760000000002,28709.54,28615.160000000003,28688.54,204125
2026-05-07T14:00:00+00:00,28688.54,28806.210000000003,28686.04,28780.910000000003,129011
2026-05-07T14:30:00+00:00,28780.910000000003,28851.910000000003,28767.29,28835.160000000003,96717
2026-05-07T15:00:00+00:00,28835.160000000003,28837.160000000003,28732.210000000003,28761.04,112786
2026-05-07T15:30:00+00:00,28761.04,28803.160000000003,28679.660000000003,28691.410000000003,105956
2026-05-07T16:00:00+00:00,28691.410000000003,28695.29,28543.910000000003,28647.660000000003,172033
2026-05-07T16:30:00+00:00,28647.660000000003,28683.04,28568.210000000003,28603.79,118230
2026-05-07T17:00:00+00:00,28603.79,28620.410000000003,28458.960000000003,28515.04,149748
2026-05-07T17:30:00+00:00,28515.04,28608.79,28497.29,28603.04,145695
2026-05-07T18:00:00+00:00,28603.04,28623.410000000003,28549.660000000003,28561.04,105661
2026-05-07T18:30:00+00:00,28561.04,28597.910000000003,28489.54,28551.79,115237
2026-05-07T19:00:00+00:00,28551.79,28570.29,28493.54,28518.29,93182
2026-05-07T19:30:00+00:00,28518.29,28615.54,28515.410000000003,28590.910000000003,87103
2026-05-07T20:00:00+00:00,28590.910000000003,28672.640000000003,28558.760000000002,28617.140000000003,39139
2026-05-07T20:30:00+00:00,28617.140000000003,28626.010000000002,28539.260000000002,28549.710000000003,34550
2026-05-07T22:00:00+00:00,28549.710000000003,28578.33,28449.030000000002,28568.08,21714
2026-05-07T22:30:00+00:00,28568.08,28570.710000000003,28510.280000000002,28522.08,12495
2026-05-07T23:00:00+00:00,28522.08,28555.960000000003,28514.710000000003,28551.83,11787
2026-05-07T23:30:00+00:00,28551.83,28587.08,28544.210000000003,28586.33,13756
2026-05-08T00:00:00+00:00,28586.33,28638.58,28586.33,28617.83,24029
2026-05-08T00:30:00+00:00,28617.83,28654.58,28615.960000000003,28652.33,20858
2026-05-08T01:00:00+00:00,28652.33,28689.83,28651.460000000003,28679.460000000003,22444
2026-05-08T01:30:00+00:00,28679.460000000003,28687.33,28665.08,28667.83,17253
2026-05-08T02:00:00+00:00,28667.83,28671.210000000003,28635.210000000003,28651.58,21690
2026-05-08T02:30:00+00:00,28651.58,28680.33,28616.83,28654.960000000003,22710
2026-05-08T03:00:00+00:00,28654.960000000003,28667.58,28651.08,28659.710000000003,15109
2026-05-08T03:30:00+00:00,28659.710000000003,28683.83,28656.08,28680.210000000003,17105
2026-05-08T04:00:00+00:00,28680.210000000003,28692.960000000003,28667.460000000003,28681.33,13933
2026-05-08T04:30:00+00:00,28681.33,28702.960000000003,28665.33,28686.710000000003,15980
2026-05-08T05:00:00+00:00,28686.710000000003,28707.210000000003,28686.33,28703.460000000003,14877
2026-05-08T05:30:00+00:00,28703.460000000003,28736.960000000003,28703.210000000003,28712.460000000003,17402
2026-05-08T06:00:00+00:00,28712.460000000003,28740.210000000003,28691.33,28733.58,20625
2026-05-08T06:30:00+00:00,28733.58,28745.460000000003,28717.710000000003,28743.08,19235
2026-05-08T07:00:00+00:00,28743.08,28744.58,28711.530000000002,28731.08,28989
2026-05-08T07:30:00+00:00,28731.08,28740.460000000003,28717.83,28735.710000000003,22729
2026-05-08T08:00:00+00:00,28735.710000000003,28776.460000000003,28731.710000000003,28766.460000000003,24957
2026-05-08T08:30:00+00:00,28766.460000000003,28773.960000000003,28750.460000000003,28769.460000000003,19843
2026-05-08T09:00:00+00:00,28769.460000000003,28804.460000000003,28768.210000000003,28796.08,17765
2026-05-08T09:30:00+00:00,28796.08,28796.210000000003,28739.210000000003,28759.210000000003,19935
2026-05-08T10:00:00+00:00,28759.210000000003,28786.710000000003,28758.83,28776.33,16376
2026-05-08T10:30:00+00:00,28776.33,28797.08,28748.460000000003,28770.460000000003,18845
2026-05-08T11:00:00+00:00,28770.460000000003,28802.83,28770.460000000003,28800.210000000003,20645
2026-05-08T11:30:00+00:00,28800.210000000003,28821.960000000003,28795.83,28805.710000000003,17756
2026-05-08T12:00:00+00:00,28805.710000000003,28810.83,28784.58,28808.280000000002,20222
2026-05-08T12:30:00+00:00,28808.280000000002,28883.33,28798.030000000002,28820.08,47360
2026-05-08T13:00:00+00:00,28820.08,28835.58,28770.530000000002,28785.83,47973
2026-05-08T13:30:00+00:00,28785.83,29018.11,28767.530000000002,29014.530000000002,193635
2026-05-08T14:00:00+00:00,29014.530000000002,29073.480000000003,28983.480000000003,29018.86,142979
2026-05-08T14:30:00+00:00,29018.86,29082.86,28981.11,29069.61,107317
2026-05-08T15:00:00+00:00,29069.61,29093.480000000003,29032.61,29091.230000000003,85312
2026-05-08T15:30:00+00:00,29091.230000000003,29124.980000000003,29061.36,29099.11,75055
2026-05-08T16:00:00+00:00,29099.11,29152.230000000003,29097.980000000003,29149.480000000003,50365
2026-05-08T16:30:00+00:00,29149.480000000003,29155.480000000003,29103.230000000003,29148.61,63270
2026-05-08T17:00:00+00:00,29148.61,29223.230000000003,29142.86,29213.36,65720
2026-05-08T17:30:00+00:00,29213.36,29224.980000000003,29162.94,29171.56,49505.522994585845
2026-05-08T18:00:00+00:00,29171.56,29211.19,29167.19,29193.94,50412
2026-05-08T18:30:00+00:00,29193.94,29200.56,29145.19,29147.81,48771
2026-05-08T19:00:00+00:00,29147.81,29213.19,29145.56,29169.56,48544
2026-05-08T19:30:00+00:00,29169.56,29248.06,29163.81,29247.31,63079
2026-05-08T20:00:00+00:00,29247.31,29290.29,29238.15,29250.530000000002,28486
2026-05-08T20:30:00+00:00,29250.530000000002,29253.280000000002,29242.65,29247.600000000002,4462
2026-05-10T22:00:00+00:00,29247.600000000002,29247.600000000002,29137.550000000003,29184.480000000003,28504
2026-05-10T22:30:00+00:00,29184.480000000003,29209.850000000002,29165.100000000002,29205.350000000002,15346
2026-05-10T23:00:00+00:00,29205.350000000002,29257.480000000003,29201.850000000002,29214.730000000003,18274
2026-05-10T23:30:00+00:00,29214.730000000003,29228.100000000002,29202.480000000003,29215.230000000003,19698
2026-05-11T00:00:00+00:00,29215.230000000003,29305.600000000002,29214.730000000003,29298.980000000003,42844
2026-05-11T00:30:00+00:00,29298.980000000003,29310.980000000003,29176.550000000003,29206.980000000003,44102
2026-05-11T01:00:00+00:00,29206.980000000003,29251.600000000002,29158.050000000003,29229.100000000002,49729
2026-05-11T01:30:00+00:00,29229.100000000002,29264.100000000002,29214.350000000002,29250.480000000003,37656
2026-05-11T02:00:00+00:00,29250.480000000003,29267.480000000003,29234.350000000002,29260.980000000003,24445
2026-05-11T02:30:00+00:00,29260.980000000003,29271.980000000003,29237.850000000002,29248.350000000002,23400
2026-05-11T03:00:00+00:00,29248.350000000002,29252.600000000002,29222.800000000003,29250.480000000003,25104
2026-05-11T03:30:00+00:00,29250.480000000003,29259.230000000003,29232.350000000002,29235.350000000002,18630
2026-05-11T04:00:00+00:00,29235.350000000002,29247.230000000003,29203.850000000002,29242.600000000002,19060
2026-05-11T04:30:00+00:00,29242.600000000002,29255.230000000003,29239.100000000002,29252.730000000003,14565
2026-05-11T05:00:00+00:00,29252.730000000003,29265.230000000003,29240.600000000002,29252.980000000003,16933
2026-05-11T05:30:00+00:00,29252.980000000003,29263.730000000003,29228.850000000002,29232.980000000003,19728
2026-05-11T06:00:00+00:00,29232.980000000003,29265.600000000002,29231.350000000002,29255.730000000003,19725
2026-05-11T06:30:00+00:00,29255.730000000003,29260.230000000003,29211.730000000003,29232.850000000002,19741
2026-05-11T07:00:00+00:00,29232.850000000002,29236.730000000003,29198.230000000003,29224.230000000003,29615
2026-05-11T07:30:00+00:00,29224.230000000003,29238.980000000003,29211.480000000003,29233.980000000003,21617
2026-05-11T08:00:00+00:00,29233.980000000003,29241.730000000003,29177.730000000003,29178.730000000003,35170
2026-05-11T08:30:00+00:00,29178.730000000003,29227.100000000002,29174.850000000002,29208.730000000003,28667
2026-05-11T09:00:00+00:00,29208.730000000003,29247.350000000002,29206.100000000002,29230.980000000003,20695
2026-05-11T09:30:00+00:00,29230.980000000003,29276.350000000002,29226.350000000002,29226.850000000002,21330
2026-05-11T10:00:00+00:00,29226.850000000002,29244.480000000003,29208.230000000003,29224.480000000003,22253
2026-05-11T10:30:00+00:00,29224.480000000003,29226.480000000003,29200.480000000003,29212.980000000003,23648
2026-05-11T11:00:00+00:00,29212.980000000003,29288.730000000003,29211.480000000003,29283.730000000003,27332
2026-05-11T11:30:00+00:00,29283.730000000003,29299.730000000003,29235.600000000002,29259.480000000003,29830
2026-05-11T12:00:00+00:00,29259.480000000003,29264.230000000003,29189.350000000002,29218.480000000003,37554
2026-05-11T12:30:00+00:00,29218.480000000003,29225.600000000002,29170.850000000002,29208.850000000002,39451
2026-05-11T13:00:00+00:00,29208.850000000002,29224.350000000002,29192.980000000003,29215.730000000003,38154
2026-05-11T13:30:00+00:00,29215.730000000003,29346.13,29193.75,29222.13,232795
2026-05-11T14:00:00+00:00,29222.13,29329.38,29187,29197.38,141580
2026-05-11T14:30:00+00:00,29197.38,29323.5,29158.550000000003,29302.25,132331
2026-05-11T15:00:00+00:00,29302.25,29340.88,29271.25,29338.25,90339
2026-05-11T15:30:00+00:00,29338.25,29386.63,29317.63,29376.5,73086
2026-05-11T16:00:00+00:00,29376.5,29391.38,29357.63,29376.13,51842
2026-05-11T16:30:00+00:00,29376.13,29388.88,29280.800000000003,29316.5,79933
2026-05-11T17:00:00+00:00,29316.5,29352.38,29288.75,29348.25,68740
2026-05-11T17:30:00+00:00,29348.25,29387.88,29346.63,29353,48271
2026-05-11T18:00:00+00:00,29353,29386.38,29352.13,29383.5,46604
2026-05-11T18:30:00+00:00,29383.5,29383.63,29297.63,29299.75,56097
2026-05-11T19:00:00+00:00,29299.75,29346,29283,29293.75,79442
2026-05-11T19:30:00+00:00,29293.75,29343.13,29282.63,29339.88,82453
2026-05-11T20:00:00+00:00,29339.88,29340.980000000003,29230.800000000003,29309.850000000002,33023
2026-05-11T20:30:00+00:00,29309.850000000002,29324.350000000002,29300.600000000002,29310.300000000003,14571
2026-05-11T22:00:00+00:00,29310.300000000003,29351.7,29308.02,29348.7,5638
2026-05-11T22:30:00+00:00,29348.7,29369.82,29346.57,29358.95,4129
2026-05-11T23:00:00+00:00,29358.95,29366.95,29336.52,29364.45,4394
2026-05-11T23:30:00+00:00,29364.45,29367.45,29332.77,29342.2,7061
2026-05-12T00:00:00+00:00,29342.2,29342.45,29267.2,29292.82,37425
2026-05-12T00:30:00+00:00,29292.82,29311.95,29277.7,29292.45,20310
2026-05-12T01:00:00+00:00,29292.45,29305.45,29229.82,29230.32,27463
2026-05-12T01:30:00+00:00,29230.32,29244.82,29141.2,29184.2,57812
2026-05-12T02:00:00+00:00,29184.2,29258.07,29173.57,29246.07,39038
2026-05-12T02:30:00+00:00,29246.07,29278.95,29218.07,29275.07,28283
2026-05-12T03:00:00+00:00,29275.07,29278.07,29236.52,29251.32,20969
2026-05-12T03:30:00+00:00,29251.32,29260.57,29234.2,29238.82,16970
2026-05-12T04:00:00+00:00,29238.82,29251.82,29228.57,29241.2,17210
2026-05-12T04:30:00+00:00,29241.2,29247.45,29196.2,29196.2,17119
2026-05-12T05:00:00+00:00,29196.2,29217.07,29185.32,29210.82,26041
2026-05-12T05:30:00+00:00,29210.82,29212.82,29184.32,29195.95,27092
2026-05-12T06:00:00+00:00,29195.95,29205.82,29160.32,29164.95,29810
2026-05-12T06:30:00+00:00,29164.95,29175.07,29127.82,29132.7,23383
2026-05-12T07:00:00+00:00,29132.7,29168.2,29089.95,29142.95,36462
2026-05-12T07:30:00+00:00,29142.95,29168.2,29142.82,29154.07,25509
2026-05-12T08:00:00+00:00,29154.07,29159.32,29087.7,29132.32,35926
2026-05-12T08:30:00+00:00,29132.32,29138.82,29098.95,29128.32,28201
2026-05-12T09:00:00+00:00,29128.32,29137.82,29089.57,29121.82,24656
2026-05-12T09:30:00+00:00,29121.82,29159.82,29121.45,29134.7,28937
2026-05-12T10:00:00+00:00,29134.7,29161.7,29130.07,29138.82,21051
2026-05-12T10:30:00+00:00,29138.82,29141.2,29098.77,29121.82,22651
2026-05-12T11:00:00+00:00,29121.82,29130.82,29047.07,29077.07,37357
2026-05-12T11:30:00+00:00,29077.07,29098.32,29067.57,29079.32,23943
2026-05-12T12:00:00+00:00,29079.32,29082.57,29035.32,29059.77,31585
2026-05-12T12:30:00+00:00,29059.77,29145.82,29027.7,29136.95,59810
2026-05-12T13:00:00+00:00,29136.95,29150.7,29099.52,29126.45,42701
2026-05-12T13:30:00+00:00,29126.45,29209.97,29025.27,29042.850000000002,271557
2026-05-12T14:00:00+00:00,29042.850000000002,29140.850000000002,28995.72,28999.600000000002,218439
2026-05-12T14:30:00+00:00,28999.600000000002,29041.47,28914.350000000002,28928.350000000002,201902
2026-05-12T15:00:00+00:00,28928.350000000002,28945.22,28770.850000000002,28790.100000000002,173500
2026-05-12T15:30:00+00:00,28790.100000000002,28859.47,28742.72,28754.350000000002,135816
2026-05-12T16:00:00+00:00,28754.350000000002,28827.600000000002,28725.100000000002,28753.850000000002,117827
2026-05-12T16:30:00+00:00,28753.850000000002,28760.350000000002,28656.350000000002,28663.47,112702
2026-05-12T17:00:00+00:00,28663.47,28843.600000000002,28663.100000000002,28802.600000000002,106785
2026-05-12T17:30:00+00:00,28802.600000000002,28842.350000000002,28790.97,28834.100000000002,81595
2026-05-12T18:00:00+00:00,28834.100000000002,28916.850000000002,28825.77,28904.600000000002,84317
2026-05-12T18:30:00+00:00,28904.600000000002,28921.350000000002,28861.97,28870.100000000002,74353
2026-05-12T19:00:00+00:00,28870.100000000002,28978.100000000002,28870.100000000002,28961.47,75271
2026-05-12T19:30:00+00:00,28961.47,29102.600000000002,28960.97,29087.72,84356
2026-05-12T20:00:00+00:00,29087.72,29089.57,29016.7,29037.45,37293
2026-05-12T20:30:00+00:00,29037.45,29064.82,29021.45,29048.15,14688
2026-05-12T22:00:00+00:00,29048.15,29103.59,29048.15,29086.59,9897
2026-05-12T22:30:00+00:00,29086.59,29095.84,29058.91,29059.710000000003,9358
2026-05-12T23:00:00+00:00,29059.710000000003,29074.460000000003,29043.460000000003,29045.84,12569
2026-05-12T23:30:00+00:00,29045.84,29046.34,28994.84,28999.09,18233
2026-05-13T00:00:00+00:00,28999.09,29073.210000000003,28973.210000000003,29038.460000000003,52421
2026-05-13T00:30:00+00:00,29038.460000000003,29065.09,29011.66,29061.710000000003,37560
2026-05-13T01:00:00+00:00,29061.710000000003,29113.34,29059.460000000003,29111.710000000003,32870
2026-05-13T01:30:00+00:00,29111.710000000003,29177.09,29089.460000000003,29132.210000000003,33200
2026-05-13T02:00:00+00:00,29132.210000000003,29158.09,29119.460000000003,29151.210000000003,28000
2026-05-13T02:30:00+00:00,29151.210000000003,29157.09,29128.34,29139.84,19819
2026-05-13T03:00:00+00:00,29139.84,29156.34,29120.59,29154.210000000003,20529
2026-05-13T03:30:00+00:00,29154.210000000003,29181.59,29153.210000000003,29165.59,16524
2026-05-13T04:00:00+00:00,29165.59,29198.210000000003,29160.59,29193.460000000003,12624
2026-05-13T04:30:00+00:00,29193.460000000003,29214.210000000003,29177.16,29204.34,13350
2026-05-13T05:00:00+00:00,29204.34,29226.84,29192.460000000003,29215.210000000003,18351
2026-05-13T05:30:00+00:00,29215.210000000003,29221.09,29201.710000000003,29213.59,17409
2026-05-13T06:00:00+00:00,29213.59,29269.210000000003,29207.460000000003,29232.710000000003,22278
2026-05-13T06:30:00+00:00,29232.710000000003,29244.210000000003,29207.34,29226.59,18919
2026-05-13T07:00:00+00:00,29226.59,29239.960000000003,29206.34,29233.34,28694
2026-05-13T07:30:00+00:00,29233.34,29287.960000000003,29227.59,29287.710000000003,20447
2026-05-13T08:00:00+00:00,29287.710000000003,29363.84,29286.460000000003,29353.460000000003,27177
2026-05-13T08:30:00+00:00,29353.460000000003,29363.84,29319.16,29329.710000000003,23058
2026-05-13T09:00:00+00:00,29329.710000000003,29330.210000000003,29283.710000000003,29304.59,21957
2026-05-13T09:30:00+00:00,29304.59,29343.210000000003,29293.210000000003,29337.460000000003,23103
2026-05-13T10:00:00+00:00,29337.460000000003,29340.59,29298.09,29303.84,24478
2026-05-13T10:30:00+00:00,29303.84,29313.460000000003,29284.710000000003,29301.84,21151
2026-05-13T11:00:00+00:00,29301.84,29311.34,29265.210000000003,29276.34,28207
2026-05-13T11:30:00+00:00,29276.34,29299.710000000003,29270.84,29286.84,25916
2026-05-13T12:00:00+00:00,29286.84,29318.210000000003,29226.210000000003,29276.41,31730
2026-05-13T12:30:00+00:00,29276.41,29276.41,29117.210000000003,29153.09,69397
2026-05-13T13:00:00+00:00,29153.09,29221.34,29153.09,29204.960000000003,43030
2026-05-13T13:30:00+00:00,29204.960000000003,29205.74,28992.74,29087.11,287531
2026-05-13T14:00:00+00:00,29087.11,29182.24,29029.49,29154.11,198972
2026-05-13T14:30:00+00:00,29154.11,29239.11,29136.11,29234.74,137772
2026-05-13T15:00:00+00:00,29234.74,29266.74,29199.36,29229.49,99073
2026-05-13T15:30:00+00:00,29229.49,29300.36,29201.86,29226.99,89023
2026-05-13T16:00:00+00:00,29226.99,29361.74,29216.86,29354.36,84212
2026-05-13T16:30:00+00:00,29354.36,29380.36,29330.91,29365.11,59524
2026-05-13T17:00:00+00:00,29365.11,29413.36,29365.11,29404.36,49057
2026-05-13T17:30:00+00:00,29404.36,29409.36,29359.61,29361.24,46636
2026-05-13T18:00:00+00:00,29361.24,29482.36,29358.99,29467.23,61127.07518619714
2026-05-13T18:30:00+00:00,29467.23,29473.11,29383.98,29389.61,56791
2026-05-13T19:00:00+00:00,29389.61,29457.11,29388.36,29442.98,55157
2026-05-13T19:30:00+00:00,29442.98,29456.73,29367.11,29393.36,67929
2026-05-13T20:00:00+00:00,29393.36,29440.33,29365.58,29435.08,29075
2026-05-13T20:30:00+00:00,29435.08,29463.83,29434.83,29453.41,13710
2026-05-13T22:00:00+00:00,29453.41,29494.65,29446.03,29476.03,12870
2026-05-13T22:30:00+00:00,29476.03,29526.78,29475.03,29508.28,10809
2026-05-13T23:00:00+00:00,29508.28,29566.53,29508.28,29538.65,13298
2026-05-13T23:30:00+00:00,29538.65,29552.03,29515.350000000002,29550.78,14086
2026-05-14T00:00:00+00:00,29550.78,29575.65,29509.4,29567.03,36407
2026-05-14T00:30:00+00:00,29567.03,29611.15,29567.03,29599.53,24309
2026-05-14T01:00:00+00:00,29599.53,29599.78,29556.350000000002,29597.4,24364
2026-05-14T01:30:00+00:00,29597.4,29601.15,29521.4,29526.9,28024
2026-05-14T02:00:00+00:00,29526.9,29550.65,29518.78,29545.4,24189
2026-05-14T02:30:00+00:00,29545.4,29553.28,29489.65,29505.9,22183
2026-05-14T03:00:00+00:00,29505.9,29529.53,29481.9,29501.78,22628
2026-05-14T03:30:00+00:00,29501.78,29505.53,29440.28,29454.03,27020
2026-05-14T04:00:00+00:00,29454.03,29491.9,29432.9,29484.15,20669
2026-05-14T04:30:00+00:00,29484.15,29517.65,29483.03,29485.9,20854
2026-05-14T05:00:00+00:00,29485.9,29502.4,29453.78,29486.03,28211
2026-05-14T05:30:00+00:00,29486.03,29532.53,29465.03,29521.65,32428
2026-05-14T06:00:00+00:00,29521.65,29559.03,29521.28,29541.53,27915
2026-05-14T06:30:00+00:00,29541.53,29556.65,29524.100000000002,29526.65,22847
2026-05-14T07:00:00+00:00,29526.65,29538.15,29499.65,29519.28,29504
2026-05-14T07:30:00+00:00,29519.28,29551.65,29484.9,29492.4,23767
2026-05-14T08:00:00+00:00,29492.4,29547.65,29466.9,29512.9,35997
2026-05-14T08:30:00+00:00,29512.9,29532.03,29465.03,29494.78,26486
2026-05-14T09:00:00+00:00,29494.78,29507.65,29447.28,29453.78,25593
2026-05-14T09:30:00+00:00,29453.78,29463.65,29399.53,29452.03,28947
2026-05-14T10:00:00+00:00,29452.03,29511.65,29448.9,29466.15,31760
2026-05-14T10:30:00+00:00,29466.15,29485.15,29433.15,29462.9,27326
2026-05-14T11:00:00+00:00,29462.9,29495.53,29426.4,29442.4,31829
2026-05-14T11:30:00+00:00,29442.4,29483.4,29442.15,29457.9,23999
2026-05-14T12:00:00+00:00,29457.9,29493.4,29454.03,29479.600000000002,27548
2026-05-14T12:30:00+00:00,29479.600000000002,29482.9,29395.600000000002,29412.9,34875
2026-05-14T13:00:00+00:00,29412.9,29418.28,29366.9,29394.28,44266
2026-05-14T13:30:00+00:00,29394.28,29603.43,29377.43,29460.55,246504
2026-05-14T14:00:00+00:00,29460.55,29585.3,29452.3,29541.43,183028
2026-05-14T14:30:00+00:00,29541.43,29648.43,29526.100000000002,29593.18,128139
2026-05-14T15:00:00+00:00,29593.18,29692.68,29583.93,29675.43,85476
2026-05-14T15:30:00+00:00,29675.43,29688.43,29646.68,29674.43,73758
2026-05-14T16:00:00+00:00,29674.43,29700.8,29633.55,29646.05,67122
2026-05-14T16:30:00+00:00,29646.05,29661.93,29611.100000000002,29646.68,96940
2026-05-14T17:00:00+00:00,29646.68,29673.18,29514.05,29566.68,129302
2026-05-14T17:30:00+00:00,29566.68,29671.18,29555.43,29650.05,82668
2026-05-14T18:00:00+00:00,29650.05,29650.3,29559.43,29592.05,103525
2026-05-14T18:30:00+00:00,29592.05,29636.43,29574.05,29627.43,60360
2026-05-14T19:00:00+00:00,29627.43,29653.05,29611.55,29617.8,53412
2026-05-14T19:30:00+00:00,29617.8,29653.55,29597.55,29604.8,62358
2026-05-14T20:00:00+00:00,29604.8,29655.9,29592.65,29600.03,29814
2026-05-14T20:30:00+00:00,29600.03,29609.78,29553.350000000002,29607.73,18488
2026-05-14T22:00:00+00:00,29607.73,29634.32,29586.82,29615.19,11034
2026-05-14T22:30:00+00:00,29615.19,29637.07,29613.57,29624.19,8064
2026-05-14T23:00:00+00:00,29624.19,29642.32,29622.57,29640.44,8326
2026-05-14T23:30:00+00:00,29640.44,29649.44,29591.19,29603.82,14399
2026-05-15T00:00:00+00:00,29603.82,29643.07,29572.19,29637.32,32982
2026-05-15T00:30:00+00:00,29637.32,29638.19,29552.94,29599.94,37845
2026-05-15T01:00:00+00:00,29599.94,29607.69,29497.57,29498.32,41284
2026-05-15T01:30:00+00:00,29498.32,29520.32,29429.32,29434.69,60429
2026-05-15T02:00:00+00:00,29434.69,29471.94,29409.94,29441.94,52237
2026-05-15T02:30:00+00:00,29441.94,29514.19,29419.82,29497.07,37820
2026-05-15T03:00:00+00:00,29497.07,29509.69,29479.94,29487.69,28538
2026-05-15T03:30:00+00:00,29487.69,29501.32,29447.69,29480.19,33667
2026-05-15T04:00:00+00:00,29480.19,29480.57,29431.57,29435.94,27519
2026-05-15T04:30:00+00:00,29435.94,29453.32,29362.07,29378.19,35302
2026-05-15T05:00:00+00:00,29378.19,29380.19,29323.39,29353.19,45543
2026-05-15T05:30:00+00:00,29353.19,29355.69,29196.94,29197.19,58026
2026-05-15T06:00:00+00:00,29197.19,29271.44,29163.82,29223.32,63614
2026-05-15T06:30:00+00:00,29223.32,29330.44,29214.19,29319.44,41365
2026-05-15T07:00:00+00:00,29319.44,29384.94,29311.19,29372.94,38222
2026-05-15T07:30:00+00:00,29372.94,29375.82,29293.07,29321.82,34725
2026-05-15T08:00:00+00:00,29321.82,29328.19,29134.44,29145.07,59701
2026-05-15T08:30:00+00:00,29145.07,29216.94,29102.57,29181.32,59796
2026-05-15T09:00:00+00:00,29181.32,29205.57,29106.44,29169.07,49959
2026-05-15T09:30:00+00:00,29169.07,29178.57,29093.94,29140.82,53082
2026-05-15T10:00:00+00:00,29140.82,29226.82,29116.07,29190.07,44921
2026-05-15T10:30:00+00:00,29190.07,29291.19,29161.89,29245.32,58549
2026-05-15T11:00:00+00:00,29245.32,29270.82,29208.82,29221.94,44438
2026-05-15T11:30:00+00:00,29221.94,29234.44,29167.39,29170.57,40994
2026-05-15T12:00:00+00:00,29170.57,29171.69,29085.64,29114.07,55501
2026-05-15T12:30:00+00:00,29114.07,29119.69,29058.94,29106.94,55419
2026-05-15T13:00:00+00:00,29106.94,29203.94,29069.57,29193.82,62736
2026-05-15T13:30:00+00:00,29193.82,29207.59,29006.22,29063.34,345158
2026-05-15T14:00:00+00:00,29063.34,29299.09,29048.47,29208.34,250578
2026-05-15T14:30:00+00:00,29208.34,29276.84,29163.97,29197.72,221502
2026-05-15T15:00:00+00:00,29197.72,29277.47,29157.72,29250.47,177098
2026-05-15T15:30:00+00:00,29250.47,29296.97,29128.72,29197.97,169568
2026-05-15T16:00:00+00:00,29197.97,29252.84,29168.09,29249.34,125877
2026-05-15T16:30:00+00:00,29249.34,29267.84,29195.97,29239.47,100065
2026-05-15T17:00:00+00:00,29239.47,29346.22,29228.34,29334.59,82639
2026-05-15T17:30:00+00:00,29334.59,29367.09,29321.72,29364.84,72955
2026-05-15T18:00:00+00:00,29364.84,29403.34,29292.59,29301.09,92889
2026-05-15T18:30:00+00:00,29301.09,29323.47,29232.72,29306.34,100378
2026-05-15T19:00:00+00:00,29306.34,29314.97,29200.22,29207.09,98445
2026-05-15T19:30:00+00:00,29207.09,29256.59,29124.84,29149.59,116865
2026-05-15T20:00:00+00:00,29149.59,29149.59,29027.19,29092.7,61580
2026-05-15T20:30:00+00:00,29092.7,29096.95,29082.57,29089.9,9767
2026-05-17T22:00:00+00:00,29089.9,29210.68,29037.81,29150.18,33426
2026-05-17T22:30:00+00:00,29150.18,29201.06,29125.06,29159.68,30729
2026-05-17T23:00:00+00:00,29159.68,29174.31,29055.81,29067.18,40576
2026-05-17T23:30:00+00:00,29067.18,29092.18,28939.18,29045.81,58270
2026-05-18T00:00:00+00:00,29045.81,29071.18,28866.18,28939.43,100357
2026-05-18T00:30:00+00:00,28939.43,28964.68,28872.93,28960.56,76074
2026-05-18T01:00:00+00:00,28960.56,28976.56,28868.56,28885.31,82241
2026-05-18T01:30:00+00:00,28885.31,28976.56,28854.18,28949.43,63134
2026-05-18T02:00:00+00:00,28949.43,29020.31,28919.81,29017.68,50793
2026-05-18T02:30:00+00:00,29017.68,29018.56,28923.68,28937.31,45090
2026-05-18T03:00:00+00:00,28937.31,28988.81,28935.56,28966.18,43875
2026-05-18T03:30:00+00:00,28966.18,28998.18,28931.18,28982.93,47157
2026-05-18T04:00:00+00:00,28982.93,29043.56,28950.68,28956.56,38567
2026-05-18T04:30:00+00:00,28956.56,29012.81,28947.93,28978.18,39277
2026-05-18T05:00:00+00:00,28978.18,29024.68,28949.18,28989.68,48471
2026-05-18T05:30:00+00:00,28989.68,29014.56,28968.68,28970.43,42811
2026-05-18T06:00:00+00:00,28970.43,28984.81,28928.56,28931.81,44842
2026-05-18T06:30:00+00:00,28931.81,29040.06,28917.81,29038.31,42234
2026-05-18T07:00:00+00:00,29038.31,29079.93,28987.18,29076.81,51763
2026-05-18T07:30:00+00:00,29076.81,29102.68,28996.06,29047.81,52916
2026-05-18T08:00:00+00:00,29047.81,29152.43,29047.81,29148.68,45300
2026-05-18T08:30:00+00:00,29148.68,29169.81,29115.18,29168.43,35848
2026-05-18T09:00:00+00:00,29168.43,29176.06,29110.93,29129.68,30771
2026-05-18T09:30:00+00:00,29129.68,29140.43,29097.06,29117.43,31331
2026-05-18T10:00:00+00:00,29117.43,29122.68,29044.56,29062.93,35278
2026-05-18T10:30:00+00:00,29062.93,29071.31,29008.06,29047.81,34797
2026-05-18T11:00:00+00:00,29047.81,29056.81,28981.31,29017.06,44589
2026-05-18T11:30:00+00:00,29017.06,29201.31,29015.18,29104.31,71625
2026-05-18T12:00:00+00:00,29104.31,29165.31,29098.93,29128.56,49047
2026-05-18T12:30:00+00:00,29128.56,29346.56,29115.31,29335.56,83541
2026-05-18T13:00:00+00:00,29335.56,29345.81,29268.31,29268.31,64140
2026-05-18T13:30:00+00:00,29268.31,29283.33,29065.83,29170.08,291482
2026-05-18T14:00:00+00:00,29170.08,29225.83,29059.46,29081.58,234279
2026-05-18T14:30:00+00:00,29081.58,29101.33,28902.21,29010.08,245282
2026-05-18T15:00:00+00:00,29010.08,29051.46,28884.21,28886.33,201552
2026-05-18T15:30:00+00:00,28886.33,28992.46,28869.46,28923.96,151512
2026-05-18T16:00:00+00:00,28923.96,28999.21,28787.08,28805.46,140439
2026-05-18T16:30:00+00:00,28805.46,28972.96,28770.46,28933.33,140739
2026-05-18T17:00:00+00:00,28933.33,28964.33,28894.33,28936.71,110236
2026-05-18T17:30:00+00:00,28936.71,28957.21,28887.96,28941.21,101020
2026-05-18T18:00:00+00:00,28941.21,28947.71,28762.96,28819.96,124489
2026-05-18T18:30:00+00:00,28819.96,28842.58,28743.21,28770.21,107926
2026-05-18T19:00:00+00:00,28770.21,28997.96,28765.46,28850.21,157566
2026-05-18T19:30:00+00:00,28850.21,29040.46,28842.46,29026.21,117557
2026-05-18T20:00:00+00:00,29026.21,29036.06,28996.56,29013.81,31920
2026-05-18T20:30:00+00:00,29013.81,29021.43,28999.68,29002.88,17531
2026-05-18T22:00:00+00:00,29002.88,29093.99,29002.88,29087.49,20801
2026-05-18T22:30:00+00:00,29087.49,29103.24,29064.24,29087.87,14947
2026-05-18T23:00:00+00:00,29087.87,29114.74,29076.62,29092.24,15897
2026-05-18T23:30:00+00:00,29092.24,29094.99,29044.24,29064.24,20772
2026-05-19T00:00:00+00:00,29064.24,29117.37,29017.99,29091.74,70763
2026-05-19T00:30:00+00:00,29091.74,29103.37,29008.99,29014.37,51967
2026-05-19T01:00:00+00:00,29014.37,29025.24,28921.49,28952.87,62218
2026-05-19T01:30:00+00:00,28952.87,29008.62,28928.74,28943.49,58531
2026-05-19T02:00:00+00:00,28943.49,28943.49,28860.74,28903.24,56053
2026-05-19T02:30:00+00:00,28903.24,28944.24,28894.62,28902.24,44589
2026-05-19T03:00:00+00:00,28902.24,28944.12,28875.24,28939.74,38938
2026-05-19T03:30:00+00:00,28939.74,28968.74,28911.37,28920.49,42243
2026-05-19T04:00:00+00:00,28920.49,28921.24,28834.62,28857.99,43816
2026-05-19T04:30:00+00:00,28857.99,28904.24,28854.12,28891.37,41539
2026-05-19T05:00:00+00:00,28891.37,28906.49,28815.360000000004,28887.99,51246
2026-05-19T05:30:00+00:00,28887.99,28899.74,28850.49,28865.610000000004,48355
2026-05-19T06:00:00+00:00,28865.610000000004,28925.860000000004,28835.49,28914.110000000004,48331
2026-05-19T06:30:00+00:00,28914.110000000004,28951.110000000004,28895.49,28950.74,36115
2026-05-19T07:00:00+00:00,28950.74,29014.74,28935.610000000004,28991.74,43221
2026-05-19T07:30:00+00:00,28991.74,29055.360000000004,28972.49,29032.360000000004,39986
2026-05-19T08:00:00+00:00,29032.360000000004,29047.49,28903.74,28921.110000000004,50860
2026-05-19T08:30:00+00:00,28921.110000000004,28963.99,28913.610000000004,28935.49,36678
2026-05-19T09:00:00+00:00,28935.49,28936.110000000004,28822.74,28832.860000000004,45910
2026-05-19T09:30:00+00:00,28832.860000000004,28860.49,28766.81,28845.110000000004,48217
2026-05-19T10:00:00+00:00,28845.110000000004,28852.110000000004,28805.110000000004,28833.99,35974
2026-05-19T10:30:00+00:00,28833.99,28860.860000000004,28770.24,28853.860000000004,53061
2026-05-19T11:00:00+00:00,28853.860000000004,28880.99,28824.610000000004,28842.24,48884
2026-05-19T11:30:00+00:00,28842.24,28872.49,28783.99,28784.360000000004,41925
2026-05-19T12:00:00+00:00,28784.360000000004,28818.860000000004,28763.110000000004,28795.480000000007,48143
2026-05-19T12:30:00+00:00,28795.480000000007,28867.110000000004,28790.980000000007,28842.230000000007,44157
2026-05-19T13:00:00+00:00,28842.230000000007,28855.360000000004,28733.230000000007,28779.480000000007,77522
2026-05-19T13:30:00+00:00,28779.480000000007,28997.630000000005,28779.480000000007,28865.380000000005,320466
2026-05-19T14:00:00+00:00,28865.380000000005,28873.880000000005,28594.260000000006,28642.260000000006,268412
2026-05-19T14:30:00+00:00,28642.260000000006,28735.260000000006,28606.630000000005,28733.630000000005,208605
2026-05-19T15:00:00+00:00,28733.630000000005,28789.130000000005,28657.880000000005,28701.380000000005,177868
2026-05-19T15:30:00+00:00,28701.380000000005,28807.510000000006,28688.510000000006,28746.260000000006,150003
2026-05-19T16:00:00+00:00,28746.260000000006,28852.260000000006,28722.760000000006,28841.130000000005,135380
2026-05-19T16:30:00+00:00,28841.130000000005,28964.380000000005,28832.380000000005,28952.260000000006,111431
2026-05-19T17:00:00+00:00,28952.260000000006,29056.260000000006,28941.380000000005,29012.880000000005,93260
2026-05-19T17:30:00+00:00,29012.880000000005,29048.760000000006,28939.260000000006,28999.630000000005,100602
2026-05-19T18:00:00+00:00,28999.630000000005,29031.260000000006,28943.130000000005,28953.510000000006,88659
2026-05-19T18:30:00+00:00,28953.510000000006,28991.130000000005,28872.510000000006,28890.260000000006,105526
2026-05-19T19:00:00+00:00,28890.260000000006,28989.130000000005,28854.630000000005,28907.260000000006,105433
2026-05-19T19:30:00+00:00,28907.260000000006,28934.260000000006,28799.380000000005,28852.260000000006,114240
2026-05-19T20:00:00+00:00,28852.260000000006,28870.980000000007,28827.980000000007,28838.480000000007,35593
2026-05-19T20:30:00+00:00,28838.480000000007,28840.980000000007,28817.110000000004,28829.310000000005,17872
2026-05-19T22:00:00+00:00,28829.310000000005,28889.720000000005,28800.850000000006,28809.600000000006,15412
2026-05-19T22:30:00+00:00,28809.600000000006,28846.850000000006,28802.350000000006,28844.350000000006,17388
2026-05-19T23:00:00+00:00,28844.350000000006,28906.350000000006,28836.850000000006,28902.470000000005,15058
2026-05-19T23:30:00+00:00,28902.470000000005,28955.350000000006,28878.850000000006,28884.220000000005,21618
2026-05-20T00:00:00+00:00,28884.220000000005,28884.220000000005,28732.600000000006,28826.970000000005,75104
2026-05-20T00:30:00+00:00,28826.970000000005,28905.100000000006,28824.850000000006,28871.970000000005,69072
2026-05-20T01:00:00+00:00,28871.970000000005,28917.470000000005,28834.720000000005,28842.600000000006,66113
2026-05-20T01:30:00+00:00,28842.600000000006,28931.470000000005,28792.100000000006,28913.470000000005,66199
2026-05-20T02:00:00+00:00,28913.470000000005,28949.720000000005,28890.600000000006,28890.600000000006,51806
2026-05-20T02:30:00+00:00,28890.600000000006,28890.850000000006,28799.350000000006,28818.100000000006,58408
2026-05-20T03:00:00+00:00,28818.100000000006,28822.850000000006,28772.850000000006,28816.970000000005,45594
2026-05-20T03:30:00+00:00,28816.970000000005,28847.100000000006,28790.850000000006,28828.970000000005,41716
2026-05-20T04:00:00+00:00,28828.970000000005,28882.220000000005,28828.970000000005,28863.100000000006,38527
2026-05-20T04:30:00+00:00,28863.100000000006,28865.100000000006,28804.100000000006,28815.970000000005,33762
2026-05-20T05:00:00+00:00,28815.970000000005,28875.220000000005,28815.720000000005,28846.350000000006,45266
2026-05-20T05:30:00+00:00,28846.350000000006,28914.720000000005,28846.350000000006,28887.600000000006,43478
2026-05-20T06:00:00+00:00,28887.600000000006,28960.100000000006,28884.100000000006,28944.720000000005,45512
2026-05-20T06:30:00+00:00,28944.720000000005,28972.720000000005,28917.850000000006,28972.470000000005,33540
2026-05-20T07:00:00+00:00,28972.470000000005,28997.600000000006,28957.100000000006,28988.600000000006,38108
2026-05-20T07:30:00+00:00,28988.600000000006,28991.970000000005,28948.350000000006,28959.970000000005,32970
2026-05-20T08:00:00+00:00,28959.970000000005,29028.220000000005,28957.350000000006,29026.720000000005,41268
2026-05-20T08:30:00+00:00,29026.720000000005,29069.600000000006,29020.970000000005,29032.470000000005,32359
2026-05-20T09:00:00+00:00,29032.470000000005,29033.600000000002,28998.850000000002,29018.850000000002,27475
2026-05-20T09:30:00+00:00,29018.850000000002,29082.470000000005,29017.220000000005,29057.100000000002,26557
2026-05-20T10:00:00+00:00,29057.100000000002,29088.720000000005,29051.220000000005,29058.220000000005,25460
2026-05-20T10:30:00+00:00,29058.220000000005,29090.350000000002,29036.600000000002,29040.850000000002,29853
2026-05-20T11:00:00+00:00,29040.850000000002,29061.720000000005,29024.420000000002,29051.720000000005,33343
2026-05-20T11:30:00+00:00,29051.720000000005,29060.600000000002,28996.850000000002,29014.220000000005,37311
2026-05-20T12:00:00+00:00,29014.220000000005,29093.220000000005,29005.970000000005,29080.720000000005,37744
2026-05-20T12:30:00+00:00,29080.720000000005,29102.220000000005,29035.970000000005,29037.220000000005,42625
2026-05-20T13:00:00+00:00,29037.220000000005,29050.850000000002,28989.100000000002,29007.100000000002,52432
2026-05-20T13:30:00+00:00,29007.100000000002,29127.750000000004,28958.120000000006,29032.750000000004,303862
2026-05-20T14:00:00+00:00,29032.750000000004,29164.750000000004,28941.870000000006,29142.620000000006,241640
2026-05-20T14:30:00+00:00,29142.620000000006,29212.250000000004,29106.870000000006,29194.250000000004,170430
2026-05-20T15:00:00+00:00,29194.250000000004,29328.370000000006,29166.250000000004,29226.120000000006,133792
2026-05-20T15:30:00+00:00,29226.120000000006,29291.500000000004,29225.000000000004,29264.500000000004,91243
2026-05-20T16:00:00+00:00,29264.500000000004,29270.370000000006,29145.250000000004,29168.750000000004,100940
2026-05-20T16:30:00+00:00,29168.750000000004,29228.870000000006,29155.370000000006,29195.870000000006,103253
2026-05-20T17:00:00+00:00,29195.870000000006,29237.000000000004,29163.000000000004,29228.120000000006,88930
2026-05-20T17:30:00+00:00,29228.120000000006,29258.500000000004,29207.500000000004,29235.120000000006,65290
2026-05-20T18:00:00+00:00,29235.120000000006,29257.250000000004,29208.920000000006,29239.250000000004,68991
2026-05-20T18:30:00+00:00,29239.250000000004,29277.500000000004,29222.500000000004,29234.250000000004,63313
2026-05-20T19:00:00+00:00,29234.250000000004,29283.000000000004,29232.000000000004,29274.750000000004,52030
2026-05-20T19:30:00+00:00,29274.750000000004,29329.120000000006,29260.370000000006,29327.500000000004,72347
2026-05-20T20:00:00+00:00,29327.500000000004,29328.850000000006,29181.420000000006,29304.970000000005,60408
2026-05-20T20:30:00+00:00,29304.970000000005,29311.600000000006,29185.600000000006,29210.920000000006,43614
2026-05-20T22:00:00+00:00,29210.920000000006,29210.920000000006,29044.330000000005,29100.830000000005,29138
2026-05-20T22:30:00+00:00,29100.830000000005,29122.630000000005,29093.010000000006,29121.760000000006,16781
2026-05-20T23:00:00+00:00,29121.760000000006,29155.010000000006,29099.130000000005,29112.010000000006,17525
2026-05-20T23:30:00+00:00,29112.010000000006,29138.830000000005,29104.130000000005,29123.260000000006,16423
2026-05-21T00:00:00+00:00,29123.260000000006,29148.510000000006,29102.580000000005,29124.760000000006,43729
2026-05-21T00:30:00+00:00,29124.760000000006,29163.380000000005,29113.010000000006,29151.760000000006,28492
2026-05-21T01:00:00+00:00,29151.760000000006,29225.760000000006,29151.760000000006,29202.130000000005,26106
2026-05-21T01:30:00+00:00,29202.130000000005,29251.130000000005,29193.510000000006,29243.130000000005,26603
2026-05-21T02:00:00+00:00,29243.130000000005,29307.510000000006,29243.130000000005,29286.630000000005,23914
2026-05-21T02:30:00+00:00,29286.630000000005,29288.380000000005,29250.630000000005,29259.630000000005,20314
2026-05-21T03:00:00+00:00,29259.630000000005,29296.630000000005,29256.510000000006,29290.130000000005,18556
2026-05-21T03:30:00+00:00,29290.130000000005,29311.630000000005,29281.760000000006,29292.510000000006,18326
2026-05-21T04:00:00+00:00,29292.510000000006,29343.760000000006,29290.510000000006,29339.010000000006,13803
2026-05-21T04:30:00+00:00,29339.010000000006,29355.13000000001,29311.630000000005,29349.760000000006,12763
2026-05-21T05:00:00+00:00,29349.760000000006,29370.13000000001,29321.260000000006,29327.88000000001,22197
2026-05-21T05:30:00+00:00,29327.88000000001,29329.63000000001,29228.830000000005,29297.63000000001,33992
2026-05-21T06:00:00+00:00,29297.63000000001,29323.88000000001,29271.580000000005,29297.38000000001,32209
2026-05-21T06:30:00+00:00,29297.38000000001,29308.010000000006,29209.760000000006,29231.760000000006,30421
2026-05-21T07:00:00+00:00,29231.760000000006,29236.260000000006,29132.830000000005,29189.13000000001,43897
2026-05-21T07:30:00+00:00,29189.13000000001,29263.63000000001,29185.080000000005,29252.63000000001,25013
2026-05-21T08:00:00+00:00,29252.63000000001,29393.38000000001,29241.260000000006,29346.080000000005,47393
2026-05-21T08:30:00+00:00,29346.080000000005,29346.080000000005,29279.830000000005,29304.510000000006,34344
2026-05-21T09:00:00+00:00,29304.510000000006,29359.63000000001,29298.080000000005,29349.260000000006,28380
2026-05-21T09:30:00+00:00,29349.260000000006,29359.510000000006,29304.260000000006,29311.63000000001,25310
2026-05-21T10:00:00+00:00,29311.63000000001,29323.760000000006,29172.080000000005,29202.580000000005,37398
2026-05-21T10:30:00+00:00,29202.580000000005,29227.010000000006,29121.330000000005,29177.010000000006,63878
2026-05-21T11:00:00+00:00,29177.010000000006,29223.88000000001,29135.330000000005,29206.13000000001,42159
2026-05-21T11:30:00+00:00,29206.13000000001,29217.38000000001,29170.13000000001,29183.88000000001,33848
2026-05-21T12:00:00+00:00,29183.88000000001,29198.760000000006,29150.510000000006,29172.13000000001,42072
2026-05-21T12:30:00+00:00,29172.13000000001,29222.760000000006,29116.260000000006,29124.260000000006,63679
2026-05-21T13:00:00+00:00,29124.260000000006,29170.38000000001,29110.760000000006,29146.080000000005,69897
2026-05-21T13:30:00+00:00,29146.080000000005,29245.660000000007,29105.280000000006,29219.160000000007,309398
2026-05-21T14:00:00+00:00,29219.160000000007,29269.780000000006,29058.410000000007,29121.030000000006,248416
2026-05-21T14:30:00+00:00,29121.030000000006,29185.410000000007,29097.160000000007,29165.910000000007,192789
2026-05-21T15:00:00+00:00,29165.910000000007,29192.030000000006,29069.780000000006,29165.160000000007,159062
2026-05-21T15:30:00+00:00,29165.160000000007,29234.910000000007,29106.780000000006,29197.410000000007,117550
2026-05-21T16:00:00+00:00,29197.410000000007,29241.280000000006,29146.660000000007,29177.910000000007,101331
2026-05-21T16:30:00+00:00,29177.910000000007,29203.280000000006,29138.660000000007,29188.160000000007,86802
2026-05-21T17:00:00+00:00,29188.160000000007,29407.530000000006,29188.160000000007,29343.410000000007,131788
2026-05-21T17:30:00+00:00,29343.410000000007,29484.780000000006,29338.330000000005,29427.660000000007,105661
2026-05-21T18:00:00+00:00,29427.660000000007,29452.660000000007,29359.580000000005,29389.530000000006,98744
2026-05-21T18:30:00+00:00,29389.530000000006,29400.410000000007,29224.580000000005,29268.530000000006,113134
2026-05-21T19:00:00+00:00,29268.530000000006,29370.280000000006,29266.280000000006,29358.660000000007,82970
2026-05-21T19:30:00+00:00,29358.660000000007,29394.280000000006,29329.080000000005,29376.160000000007,89902
2026-05-21T20:00:00+00:00,29376.160000000007,29402.13000000001,29364.260000000006,29378.010000000006,27567
2026-05-21T20:30:00+00:00,29378.010000000006,29395.010000000006,29375.38000000001,29385.960000000006,9567
2026-05-21T22:00:00+00:00,29385.960000000006,29455.330000000005,29379.650000000005,29440.450000000008,17933
2026-05-21T22:30:00+00:00,29440.450000000008,29478.330000000005,29422.400000000005,29472.950000000008,14005
2026-05-21T23:00:00+00:00,29472.950000000008,29486.080000000005,29469.950000000008,29473.330000000005,8771
2026-05-21T23:30:00+00:00,29473.330000000005,29518.950000000008,29469.580000000005,29485.200000000008,14082
2026-05-22T00:00:00+00:00,29485.200000000008,29533.700000000008,29469.700000000008,29506.580000000005,35900
2026-05-22T00:30:00+00:00,29506.580000000005,29538.080000000005,29499.950000000008,29500.200000000008,31066
2026-05-22T01:00:00+00:00,29500.200000000008,29513.450000000008,29472.200000000008,29479.830000000005,35090
2026-05-22T01:30:00+00:00,29479.830000000005,29488.080000000005,29426.650000000005,29464.450000000008,35057
2026-05-22T02:00:00+00:00,29464.450000000008,29477.700000000008,29439.650000000005,29447.700000000008,27559
2026-05-22T02:30:00+00:00,29447.700000000008,29490.580000000005,29444.080000000005,29483.950000000008,22077
2026-05-22T03:00:00+00:00,29483.950000000008,29488.200000000008,29462.700000000008,29479.830000000005,21468
2026-05-22T03:30:00+00:00,29479.830000000005,29508.080000000005,29479.580000000005,29507.700000000008,18350
2026-05-22T04:00:00+00:00,29507.700000000008,29528.330000000005,29507.200000000008,29523.200000000008,17899
2026-05-22T04:30:00+00:00,29523.200000000008,29532.830000000005,29499.700000000008,29527.450000000008,17423
2026-05-22T05:00:00+00:00,29527.450000000008,29541.450000000008,29508.650000000005,29521.700000000008,21650
2026-05-22T05:30:00+00:00,29521.700000000008,29530.200000000008,29469.650000000005,29481.580000000005,24259
2026-05-22T06:00:00+00:00,29481.580000000005,29508.700000000008,29468.650000000005,29498.700000000008,32208
2026-05-22T06:30:00+00:00,29498.700000000008,29527.700000000008,29487.150000000005,29497.700000000008,23882
2026-05-22T07:00:00+00:00,29497.700000000008,29515.450000000008,29463.330000000005,29509.830000000005,32792
2026-05-22T07:30:00+00:00,29509.830000000005,29520.200000000008,29467.900000000005,29518.200000000008,26214
2026-05-22T08:00:00+00:00,29518.200000000008,29600.700000000008,29518.080000000005,29567.700000000008,35386
2026-05-22T08:30:00+00:00,29567.700000000008,29570.080000000005,29497.580000000005,29500.450000000008,32049
2026-05-22T09:00:00+00:00,29500.450000000008,29501.080000000005,29421.330000000005,29431.950000000008,35196
2026-05-22T09:30:00+00:00,29431.950000000008,29484.580000000005,29412.450000000008,29461.330000000005,28249
2026-05-22T10:00:00+00:00,29461.330000000005,29462.330000000005,29383.950000000008,29390.200000000008,30412
2026-05-22T10:30:00+00:00,29390.200000000008,29413.580000000005,29370.650000000005,29400.200000000008,27323
2026-05-22T11:00:00+00:00,29400.200000000008,29430.450000000008,29387.700000000008,29405.580000000005,31784
2026-05-22T11:30:00+00:00,29405.580000000005,29462.450000000008,29396.580000000005,29443.580000000005,34661
2026-05-22T12:00:00+00:00,29443.580000000005,29519.080000000005,29430.330000000005,29483.700000000008,47915
2026-05-22T12:30:00+00:00,29483.700000000008,29530.580000000005,29479.830000000005,29528.700000000008,35549
2026-05-22T13:00:00+00:00,29528.700000000008,29539.080000000005,29483.200000000008,29515.450000000008,49221
2026-05-22T13:30:00+00:00,29515.450000000008,29650.850000000006,29486.900000000005,29575.900000000005,216762
2026-05-22T14:00:00+00:00,29575.900000000005,29576.230000000007,29425.730000000007,29499.480000000007,183033
2026-05-22T14:30:00+00:00,29499.480000000007,29589.850000000006,29488.730000000007,29582.600000000006,110950
2026-05-22T15:00:00+00:00,29582.600000000006,29644.230000000007,29579.730000000007,29643.600000000006,74371
2026-05-22T15:30:00+00:00,29643.600000000006,29649.230000000007,29595.480000000007,29622.730000000007,67402
2026-05-22T16:00:00+00:00,29622.730000000007,29629.480000000007,29575.730000000007,29601.600000000006,62960
2026-05-22T16:30:00+00:00,29601.600000000006,29612.730000000007,29567.980000000007,29606.850000000006,61347
2026-05-22T17:00:00+00:00,29606.850000000006,29672.350000000006,29580.650000000005,29672.350000000006,65731
2026-05-22T17:30:00+00:00,29672.350000000006,29682.730000000007,29596.570000000007,29614.020000000008,76254.98077339037
2026-05-22T18:00:00+00:00,29614.020000000008,29623.770000000008,29581.320000000007,29595.40000000001,61471
2026-05-22T18:30:00+00:00,29595.40000000001,29609.270000000008,29559.40000000001,29585.270000000008,53906
2026-05-22T19:00:00+00:00,29585.270000000008,29594.820000000007,29478.15000000001,29485.65000000001,79137
2026-05-22T19:30:00+00:00,29485.65000000001,29522.270000000008,29467.15000000001,29486.520000000008,84942
2026-05-22T20:00:00+00:00,29486.520000000008,29515.000000000007,29474.75,29483.620000000003,25516
2026-05-22T20:30:00+00:00,29483.620000000003,29487,29436.57,29464.7,11050
2026-05-24T22:00:00+00:00,29464.7,29728.4,29464.7,29717.780000000002,30368
2026-05-24T22:30:00+00:00,29717.780000000002,29768.4,29717.530000000002,29751.4,20550
2026-05-24T23:00:00+00:00,29751.4,29774.530000000002,29748.780000000002,29754.65,13056
2026-05-24T23:30:00+00:00,29754.65,29825.780000000002,29754.65,29786.15,25391
2026-05-25T00:00:00+00:00,29786.15,29834.65,29769.65,29828.15,35363
2026-05-25T00:30:00+00:00,29828.15,29878.780000000002,29827.15,29858.530000000002,27067
2026-05-25T01:00:00+00:00,29858.530000000002,29872.780000000002,29849.530000000002,29870.030000000002,24600
2026-05-25T01:30:00+00:00,29870.030000000002,29891.530000000002,29864.15,29867.780000000002,18719
2026-05-25T02:00:00+00:00,29867.780000000002,29878.030000000002,29848.600000000002,29857.530000000002,15443
2026-05-25T02:30:00+00:00,29857.530000000002,29903.780000000002,29846.4,29900.4,14385
2026-05-25T03:00:00+00:00,29900.4,29931.4,29898.530000000002,29909.15,22212
2026-05-25T03:30:00+00:00,29909.15,29918.4,29900.4,29905.4,15352
2026-05-25T04:00:00+00:00,29905.4,29919.65,29905.030000000002,29913.280000000002,9401
2026-05-25T04:30:00+00:00,29913.280000000002,29928.9,29904.530000000002,29917.65,8993
2026-05-25T05:00:00+00:00,29917.65,29937.65,29916.65,29926.530000000002,10649
2026-05-25T05:30:00+00:00,29926.530000000002,29936.9,29911.4,29912.15,10455
2026-05-25T06:00:00+00:00,29912.15,29924.280000000002,29892.780000000002,29911.65,14607
2026-05-25T06:30:00+00:00,29911.65,29928.030000000002,29902.9,29910.780000000002,15100
2026-05-25T07:00:00+00:00,29910.780000000002,29915.780000000002,29832.530000000002,29873.15,27347
2026-05-25T07:30:00+00:00,29873.15,29930.65,29870.530000000002,29915.280000000002,21701
2026-05-25T08:00:00+00:00,29915.280000000002,29917.65,29870.530000000002,29876.4,17768
2026-05-25T08:30:00+00:00,29876.4,29906.9,29870.65,29905.9,12250
2026-05-25T09:00:00+00:00,29905.9,29919.780000000002,29901.15,29905.4,10161
2026-05-25T09:30:00+00:00,29905.4,29915.9,29897.530000000002,29899.280000000002,10542
2026-05-25T10:00:00+00:00,29899.280000000002,29914.15,29889.780000000002,29905.65,10728
2026-05-25T10:30:00+00:00,29905.65,29918.030000000002,29900.65,29915.15,7967
2026-05-25T11:00:00+00:00,29915.15,29926.030000000002,29908.780000000002,29920.15,8770
2026-05-25T11:30:00+00:00,29920.15,29932.15,29913.4,29915.9,10773
2026-05-25T12:00:00+00:00,29915.9,29933.030000000002,29903.280000000002,29908.530000000002,14122
2026-05-25T12:30:00+00:00,29908.530000000002,29910.9,29880.600000000002,29884.780000000002,12777
2026-05-25T13:00:00+00:00,29884.780000000002,29898.280000000002,29880.780000000002,29884.030000000002,11417
2026-05-25T13:30:00+00:00,29884.030000000002,29937.18,29883.68,29936.800000000003,21930
2026-05-25T14:00:00+00:00,29936.800000000003,29937.18,29883.800000000003,29886.18,21057
2026-05-25T14:30:00+00:00,29886.18,29888.800000000003,29853.68,29872.68,21997
2026-05-25T15:00:00+00:00,29872.68,29934.050000000003,29868.800000000003,29877.68,34476
2026-05-25T15:30:00+00:00,29877.68,29884.43,29859.18,29866.93,16927
2026-05-25T16:00:00+00:00,29866.93,29879.300000000003,29856.93,29867.300000000003,10384
2026-05-25T16:30:00+00:00,29867.300000000003,29910.300000000003,29863.850000000002,29907.18,15127
2026-05-25T17:00:00+00:00,29907.18,29912.579999999998,29880.199999999983,29892.999999999985,1099.736955713085
2026-05-25T17:30:00+00:00,29892.999999999985,29892.999999999985,29864.550000000003,29864.65,389.75323048249754
2026-05-25T18:00:00+00:00,29864.65,29869.050000000003,29852.350000000002,29856.649999999998,1443.5976510298124
2026-05-25T18:30:00+00:00,29856.550000000003,29868.850000000002,29856.350000000002,29868.850000000002,1351.4435470222934
2026-05-25T19:00:00+00:00,29868.850000000002,29868.850000000002,29854.65,29858.95,917.5335137066565
2026-05-25T19:30:00+00:00,29858.95,29914,29858.55,29911.600000000002,4758.121869328923
2026-05-25T20:00:00+00:00,29906.300000000003,29906.300000000003,29905.780000000002,29905.780000000002,2
2026-05-25T20:30:00+00:00,29905.780000000002,29905.780000000002,29905.65,29905.65,2
2026-05-25T22:00:00+00:00,29905.65,29922.02,29857.09,29883.890000000003,15681
2026-05-25T22:30:00+00:00,29883.890000000003,29883.890000000003,29827.77,29836.52,22302
2026-05-25T23:00:00+00:00,29836.52,29846.890000000003,29780.84,29786.640000000003,19359
2026-05-25T23:30:00+00:00,29786.640000000003,29844.77,29781.890000000003,29825.02,17396
2026-05-26T00:00:00+00:00,29825.02,29827.52,29746.77,29790.140000000003,52534
2026-05-26T00:30:00+00:00,29790.140000000003,29802.52,29754.640000000003,29768.02,37075
2026-05-26T01:00:00+00:00,29768.02,29781.390000000003,29740.390000000003,29748.52,43177
2026-05-26T01:30:00+00:00,29748.52,29763.140000000003,29716.890000000003,29757.890000000003,39959
2026-05-26T02:00:00+00:00,29757.890000000003,29774.640000000003,29743.390000000003,29759.890000000003,27605
2026-05-26T02:30:00+00:00,29759.890000000003,29770.890000000003,29747.640000000003,29763.77,20954
2026-05-26T03:00:00+00:00,29763.77,29772.77,29748.52,29771.140000000003,18373
2026-05-26T03:30:00+00:00,29771.140000000003,29775.02,29750.84,29766.140000000003,15674
2026-05-26T04:00:00+00:00,29766.140000000003,29775.02,29751.77,29759.02,13803
2026-05-26T04:30:00+00:00,29759.02,29769.27,29739.52,29747.02,16715
2026-05-26T05:00:00+00:00,29747.02,29758.390000000003,29729.34,29753.890000000003,21520
2026-05-26T05:30:00+00:00,29753.890000000003,29762.390000000003,29739.890000000003,29752.140000000003,19970
2026-05-26T06:00:00+00:00,29752.140000000003,29791.52,29745.890000000003,29762.640000000003,21088
2026-05-26T06:30:00+00:00,29762.640000000003,29788.140000000003,29755.77,29770.890000000003,21633
2026-05-26T07:00:00+00:00,29770.890000000003,29776.27,29706.640000000003,29718.02,37536
2026-05-26T07:30:00+00:00,29718.02,29742.140000000003,29690.390000000003,29720.02,32964
2026-05-26T08:00:00+00:00,29720.02,29739.140000000003,29704.52,29736.02,32025
2026-05-26T08:30:00+00:00,29736.02,29757.02,29719.140000000003,29753.890000000003,23853
2026-05-26T09:00:00+00:00,29753.890000000003,29789.640000000003,29750.640000000003,29785.140000000003,23833
2026-05-26T09:30:00+00:00,29785.140000000003,29796.890000000003,29776.140000000003,29792.890000000003,20168
2026-05-26T10:00:00+00:00,29792.890000000003,29850.140000000003,29790.02,29843.640000000003,20522
2026-05-26T10:30:00+00:00,29843.640000000003,29861.02,29800.27,29801.02,24467
2026-05-26T11:00:00+00:00,29801.02,29812.77,29785.77,29805.52,24094
2026-05-26T11:30:00+00:00,29805.52,29820.390000000003,29764.390000000003,29811.890000000003,32368
2026-05-26T12:00:00+00:00,29811.890000000003,29846.140000000003,29796.34,29844.27,25711
2026-05-26T12:30:00+00:00,29844.27,29876.390000000003,29837.140000000003,29866.52,26455
2026-05-26T13:00:00+00:00,29866.52,29873.52,29834.77,29849.02,31020
2026-05-26T13:30:00+00:00,29849.02,29952.920000000002,29773.04,29952.920000000002,227208
2026-05-26T14:00:00+00:00,29952.920000000002,30030.04,29922.54,30013.920000000002,135400
2026-05-26T14:30:00+00:00,30013.920000000002,30065.420000000002,29999.79,30001.79,110834
2026-05-26T15:00:00+00:00,30001.79,30013.420000000002,29939.29,29945.420000000002,128269
2026-05-26T15:30:00+00:00,29945.420000000002,29953.54,29832.29,29873.920000000002,126567
2026-05-26T16:00:00+00:00,29873.920000000002,29938.920000000002,29868.170000000002,29938.79,87678
2026-05-26T16:30:00+00:00,29938.79,29962.04,29894.29,29921.79,77603
2026-05-26T17:00:00+00:00,29921.79,29948.79,29901.04,29916.29,66720
2026-05-26T17:30:00+00:00,29916.29,29959.79,29905.420000000002,29943.29,58723
2026-05-26T18:00:00+00:00,29943.29,30000.670000000002,29928.670000000002,29992.79,53226
2026-05-26T18:30:00+00:00,29992.79,30007.170000000002,29955.29,29960.79,54215
2026-05-26T19:00:00+00:00,29960.79,30008.670000000002,29952.170000000002,29999.54,56482
2026-05-26T19:30:00+00:00,29999.54,30058.29,29998.170000000002,30025.54,60605
2026-05-26T20:00:00+00:00,30025.54,30029.890000000003,30001.640000000003,30007.390000000003,18831
2026-05-26T20:30:00+00:00,30007.390000000003,30016.140000000003,29977.52,29989.59,8442
2026-05-26T22:00:00+00:00,29989.59,30024.04,29978.54,29991.170000000002,20037
2026-05-26T22:30:00+00:00,29991.170000000002,30010.04,29976.54,29986.79,11742
2026-05-26T23:00:00+00:00,29986.79,30024.170000000002,29986.420000000002,30023.04,12202
2026-05-26T23:30:00+00:00,30023.04,30051.920000000002,30012.04,30047.54,18538
2026-05-27T00:00:00+00:00,30047.54,30061.920000000002,30019.04,30045.79,34423
2026-05-27T00:30:00+00:00,30045.79,30084.79,30040.79,30077.420000000002,34548
2026-05-27T01:00:00+00:00,30077.420000000002,30106.670000000002,30062.79,30098.04,31938
2026-05-27T01:30:00+00:00,30098.04,30101.420000000002,30064.04,30070.79,27159
2026-05-27T02:00:00+00:00,30070.79,30100.79,30068.420000000002,30094.04,21516
2026-05-27T02:30:00+00:00,30094.04,30106.670000000002,30084.54,30085.170000000002,17036
2026-05-27T03:00:00+00:00,30085.170000000002,30102.29,30068.04,30075.29,15164
2026-05-27T03:30:00+00:00,30075.29,30079.79,30041.420000000002,30045.420000000002,18022
2026-05-27T04:00:00+00:00,30045.420000000002,30072.04,30024.670000000002,30026.29,23446
2026-05-27T04:30:00+00:00,30026.29,30068.54,30022.920000000002,30053.670000000002,24568
2026-05-27T05:00:00+00:00,30053.670000000002,30068.170000000002,30024.04,30048.670000000002,29148
2026-05-27T05:30:00+00:00,30048.670000000002,30056.920000000002,30015.99,30050.79,30544
2026-05-27T06:00:00+00:00,30050.79,30058.79,30024.04,30030.670000000002,30888
2026-05-27T06:30:00+00:00,30030.670000000002,30036.04,30003.79,30023.79,24230
2026-05-27T07:00:00+00:00,30023.79,30078.170000000002,30023.29,30072.670000000002,26315
2026-05-27T07:30:00+00:00,30072.670000000002,30092.04,30060.420000000002,30088.29,20419
2026-05-27T08:00:00+00:00,30088.29,30164.54,30078.920000000002,30156.29,32182
2026-05-27T08:30:00+00:00,30156.29,30165.54,30138.420000000002,30144.170000000002,24231
2026-05-27T09:00:00+00:00,30144.170000000002,30147.920000000002,30120.79,30136.29,23377
2026-05-27T09:30:00+00:00,30136.29,30161.54,30126.420000000002,30161.170000000002,20514
2026-05-27T10:00:00+00:00,30161.170000000002,30196.29,30159.920000000002,30179.79,21542
2026-05-27T10:30:00+00:00,30179.79,30188.420000000002,30161.420000000002,30183.420000000002,18012
2026-05-27T11:00:00+00:00,30183.420000000002,30239.170000000002,30183.170000000002,30218.170000000002,33123
2026-05-27T11:30:00+00:00,30218.170000000002,30244.54,30210.29,30212.79,27358
2026-05-27T12:00:00+00:00,30212.79,30327.04,30190.79,30301.670000000002,68130
2026-05-27T12:30:00+00:00,30301.670000000002,30305.29,30204.170000000002,30209.170000000002,54570
2026-05-27T13:00:00+00:00,30209.170000000002,30218.670000000002,30134.04,30135.420000000002,55822
2026-05-27T13:30:00+00:00,30135.420000000002,30140.07,29885.82,30008.07,320529
2026-05-27T14:00:00+00:00,30008.07,30047.190000000002,29836.690000000002,29864.57,229570
2026-05-27T14:30:00+00:00,29864.57,29972.32,29825.940000000002,29889.07,196778
2026-05-27T15:00:00+00:00,29889.07,29925.940000000002,29831.57,29899.440000000002,144334
2026-05-27T15:30:00+00:00,29899.440000000002,29929.440000000002,29831.190000000002,29883.07,130204
2026-05-27T16:00:00+00:00,29883.07,29964.82,29865.440000000002,29939.57,101224
2026-05-27T16:30:00+00:00,29939.57,29996.690000000002,29921.940000000002,29936.57,78178
2026-05-27T17:00:00+00:00,29936.57,29945.440000000002,29843.190000000002,29905.57,86366
2026-05-27T17:30:00+00:00,29905.57,29941.440000000002,29890.440000000002,29921.32,69441
2026-05-27T18:00:00+00:00,29921.32,30002.57,29911.440000000002,30001.57,67610
2026-05-27T18:30:00+00:00,30001.57,30008.440000000002,29972.190000000002,29987.07,55545
2026-05-27T19:00:00+00:00,29987.07,30009.82,29957.57,29975.07,59873
2026-05-27T19:30:00+00:00,29975.07,30019.82,29973.32,29994.940000000002,73153
2026-05-27T20:00:00+00:00,29994.940000000002,30061.79,29983.170000000002,30041.04,29750
2026-05-27T20:30:00+00:00,30041.04,30077.04,30039.670000000002,30072.74,12650
2026-05-27T22:00:00+00:00,30072.74,30086.210000000003,29998.58,29998.710000000003,15932
2026-05-27T22:30:00+00:00,29998.710000000003,30018.58,29977.33,30011.460000000003,17031
2026-05-27T23:00:00+00:00,30011.460000000003,30029.7,29979.08,29992.7,15804.25529810681
2026-05-27T23:30:00+00:00,29992.7,29992.7,29916.83,29929.7,28170
2026-05-28T00:00:00+00:00,29929.7,29968.83,29913.33,29958.2,53905
2026-05-28T00:30:00+00:00,29958.2,30039.7,29930.58,30021.58,41348
2026-05-28T01:00:00+00:00,30021.58,30030.7,29987.58,30009.33,40177
2026-05-28T01:30:00+00:00,30009.33,30027.2,29984.45,30021.33,38934
2026-05-28T02:00:00+00:00,30021.33,30029.83,29951.95,29952.45,34786
2026-05-28T02:30:00+00:00,29952.45,29965.2,29921.2,29923.58,32834
2026-05-28T03:00:00+00:00,29923.58,29935.58,29860.83,29861.45,44990
2026-05-28T03:30:00+00:00,29861.45,29862.08,29746.58,29761.95,69120
2026-05-28T04:00:00+00:00,29761.95,29775.2,29713.9,29736.2,52336
2026-05-28T04:30:00+00:00,29736.2,29772.83,29728.2,29738.83,42424
2026-05-28T05:00:00+00:00,29738.83,29791.83,29719.2,29791.58,43380
2026-05-28T05:30:00+00:00,29791.58,29861.83,29783.83,29855.08,39376
2026-05-28T06:00:00+00:00,29855.08,29888.2,29853.45,29867.7,29694
2026-05-28T06:30:00+00:00,29867.7,29873.58,29830.58,29859.2,27942
2026-05-28T07:00:00+00:00,29859.2,29914.95,29858.95,29897.95,36694
2026-05-28T07:30:00+00:00,29897.95,29911.95,29874.08,29906.45,32112
2026-05-28T08:00:00+00:00,29906.45,29945.2,29897.45,29913.7,38023
2026-05-28T08:30:00+00:00,29913.7,29938.45,29908.45,29934.08,23851
2026-05-28T09:00:00+00:00,29934.08,29948.2,29913.33,29920.33,23878
2026-05-28T09:30:00+00:00,29920.33,29930.58,29891.7,29925.95,22271
2026-05-28T10:00:00+00:00,29925.95,29926.2,29864.2,29885.08,25376
2026-05-28T10:30:00+00:00,29885.08,29890.45,29814.4,29835.2,33741
2026-05-28T11:00:00+00:00,29835.2,29862.95,29821.08,29845.08,38489
2026-05-28T11:30:00+00:00,29845.08,29890.2,29832.95,29874.7,32905
2026-05-28T12:00:00+00:00,29874.7,29912.45,29872.45,29899.15,32895
2026-05-28T12:30:00+00:00,29899.15,30017.58,29898.9,30006.08,54657
2026-05-28T13:00:00+00:00,30006.08,30041.95,29978.95,30003.58,48635
2026-05-28T13:30:00+00:00,30003.58,30062.850000000002,29870.98,29941.98,231485
2026-05-28T14:00:00+00:00,29941.98,30136.48,29914.23,30097.98,185437
2026-05-28T14:30:00+00:00,30097.98,30141.850000000002,30058.15,30138.23,124033
2026-05-28T15:00:00+00:00,30138.23,30225.350000000002,30131.100000000002,30213.350000000002,94030
2026-05-28T15:30:00+00:00,30213.350000000002,30243.48,30201.600000000002,30215.100000000002,63854
2026-05-28T16:00:00+00:00,30215.100000000002,30269.100000000002,30189.350000000002,30252.23,59476
2026-05-28T16:30:00+00:00,30252.23,30279.850000000002,30228.23,30277.23,46719
2026-05-28T17:00:00+00:00,30277.23,30286.23,30246.15,30249.850000000002,44108
2026-05-28T17:30:00+00:00,30249.850000000002,30293.23,30233.100000000002,30270.350000000002,44665
2026-05-28T18:00:00+00:00,30270.350000000002,30288.100000000002,30248.350000000002,30265.850000000002,48959
2026-05-28T18:30:00+00:00,30265.850000000002,30267.600000000002,30231.100000000002,30243.600000000002,44412
2026-05-28T19:00:00+00:00,30243.600000000002,30262.48,30224.9,30256.600000000002,46322
2026-05-28T19:30:00+00:00,30256.600000000002,30282.100000000002,30234.15,30256.98,60388
2026-05-28T20:00:00+00:00,30256.98,30289.65,30242.08,30272.58,18459
2026-05-28T20:30:00+00:00,30272.58,30284.08,30261.7,30263.4,10153
2026-05-28T22:00:00+00:00,30263.4,30312.98,30239.18,30251.98,15188
2026-05-28T22:30:00+00:00,30251.98,30264.98,30241.43,30248.48,9711
2026-05-28T23:00:00+00:00,30248.48,30278.36,30248.36,30269.98,10295
2026-05-28T23:30:00+00:00,30269.98,30269.98,30246.86,30252.36,12789
2026-05-29T00:00:00+00:00,30252.36,30252.73,30223.36,30232.11,39496
2026-05-29T00:30:00+00:00,30232.11,30232.86,30185.73,30198.98,32045
2026-05-29T01:00:00+00:00,30198.98,30213.11,30167.73,30182.73,40610
2026-05-29T01:30:00+00:00,30182.73,30214.61,30173.36,30198.98,33085
2026-05-29T02:00:00+00:00,30198.98,30222.23,30178.98,30185.48,17868
2026-05-29T02:30:00+00:00,30185.48,30205.86,30180.23,30189.36,17611
2026-05-29T03:00:00+00:00,30189.36,30217.48,30186.98,30211.11,22983
2026-05-29T03:30:00+00:00,30211.11,30225.61,30197.86,30211.98,21775
2026-05-29T04:00:00+00:00,30211.98,30237.86,30211.23,30233.98,18583
2026-05-29T04:30:00+00:00,30233.98,30257.86,30230.61,30249.11,14080
2026-05-29T05:00:00+00:00,30249.11,30269.36,30247.11,30263.36,15277
2026-05-29T05:30:00+00:00,30263.36,30266.61,30243.36,30251.73,17264
2026-05-29T06:00:00+00:00,30251.73,30293.61,30250.86,30267.86,19671
2026-05-29T06:30:00+00:00,30267.86,30301.73,30263.36,30299.86,17792
2026-05-29T07:00:00+00:00,30299.86,30301.11,30245.36,30250.86,24777
2026-05-29T07:30:00+00:00,30250.86,30254.36,30217.68,30251.36,27551
2026-05-29T08:00:00+00:00,30251.36,30269.73,30238.73,30263.73,30720
2026-05-29T08:30:00+00:00,30263.73,30276.61,30240.73,30266.73,21136
2026-05-29T09:00:00+00:00,30266.73,30320.73,30260.73,30304.11,28480
2026-05-29T09:30:00+00:00,30304.11,30306.11,30279.48,30283.23,20948
2026-05-29T10:00:00+00:00,30283.23,30284.73,30251.98,30279.86,23662
2026-05-29T10:30:00+00:00,30279.86,30300.98,30272.98,30291.23,21110
2026-05-29T11:00:00+00:00,30291.23,30323.11,30283.36,30284.36,25014
2026-05-29T11:30:00+00:00,30284.36,30305.73,30250.23,30300.48,33417
2026-05-29T12:00:00+00:00,30300.48,30301.73,30263.48,30278.23,27181
2026-05-29T12:30:00+00:00,30278.23,30300.98,30248.23,30300.36,31821
2026-05-29T13:00:00+00:00,30300.36,30335.48,30287.36,30333.73,34888
2026-05-29T13:30:00+00:00,30333.73,30472.13,30317.13,30470.010000000002,212060
2026-05-29T14:00:00+00:00,30470.010000000002,30487.38,30297.760000000002,30357.38,185883
2026-05-29T14:30:00+00:00,30357.38,30389.13,30221.510000000002,30311.260000000002,217168
2026-05-29T15:00:00+00:00,30311.260000000002,30390.88,30286.93,30349.13,131631
2026-05-29T15:30:00+00:00,30349.13,30371.260000000002,30304.43,30314.260000000002,107517
2026-05-29T16:00:00+00:00,30314.260000000002,30399.38,30309.510000000002,30355.510000000002,73989
2026-05-29T16:30:00+00:00,30355.510000000002,30398.88,30327.010000000002,30349.38,74992
2026-05-29T17:00:00+00:00,30349.38,30362.38,30306.760000000002,30318.88,66089
2026-05-29T17:30:00+00:00,30318.88,30328.13,30247.530000000002,30253.660000000003,71658.86199605635
2026-05-29T18:00:00+00:00,30253.660000000003,30337.030000000002,30242.83,30330.780000000002,62002
2026-05-29T18:30:00+00:00,30330.780000000002,30353.780000000002,30268.030000000002,30276.160000000003,72196
2026-05-29T19:00:00+00:00,30276.160000000003,30335.780000000002,30266.780000000002,30333.530000000002,59493
2026-05-29T19:30:00+00:00,30333.530000000002,30396.780000000002,30333.280000000002,30348.530000000002,95316
2026-05-29T20:00:00+00:00,30348.530000000002,30361.510000000002,30330.61,30338.11,32498
2026-05-29T20:30:00+00:00,30338.11,30344.11,30328.11,30334.190000000002,6222
2026-05-31T22:00:00+00:00,30334.190000000002,30400.300000000003,30322,30384.68,30778
2026-05-31T22:30:00+00:00,30384.68,30433.43,30383.68,30416.18,19586
2026-05-31T23:00:00+00:00,30416.18,30439.43,30411.300000000003,30428.43,16467
2026-05-31T23:30:00+00:00,30428.43,30445.43,30420.43,30438.050000000003,18559
2026-06-01T00:00:00+00:00,30438.050000000003,30506.18,30431.5,30504.43,39826
2026-06-01T00:30:00+00:00,30504.43,30515.18,30486.800000000003,30501.18,30031
2026-06-01T01:00:00+00:00,30501.18,30511.43,30481,30493.43,32978
2026-06-01T01:30:00+00:00,30493.43,30512.93,30487.68,30508.93,28392
2026-06-01T02:00:00+00:00,30508.93,30529.300000000003,30507.050000000003,30522.550000000003,22343
2026-06-01T02:30:00+00:00,30522.550000000003,30524.550000000003,30503.93,30509.93,19282
2026-06-01T03:00:00+00:00,30509.93,30538.300000000003,30496.75,30534.300000000003,20861
2026-06-01T03:30:00+00:00,30534.300000000003,30554.800000000003,30497.550000000003,30506.18,25359
2026-06-01T04:00:00+00:00,30506.18,30528.050000000003,30504.050000000003,30521.43,17728
2026-06-01T04:30:00+00:00,30521.43,30541.43,30511.800000000003,30534.050000000003,15520
2026-06-01T05:00:00+00:00,30534.050000000003,30541.300000000003,30511.43,30513.93,17989
2026-06-01T05:30:00+00:00,30513.93,30551.68,30513.550000000003,30539.68,22471
2026-06-01T06:00:00+00:00,30539.68,30549.93,30515.5,30518.93,19798
2026-06-01T06:30:00+00:00,30518.93,30549.550000000003,30516.68,30539.68,18923
2026-06-01T07:00:00+00:00,30539.68,30552.550000000003,30472.25,30482.93,31589
2026-06-01T07:30:00+00:00,30482.93,30492.300000000003,30447.050000000003,30471.800000000003,30132
2026-06-01T08:00:00+00:00,30471.800000000003,30476.68,30415.050000000003,30415.300000000003,34833
2026-06-01T08:30:00+00:00,30415.300000000003,30462,30404.300000000003,30459.800000000003,25517
2026-06-01T09:00:00+00:00,30459.800000000003,30472.800000000003,30430.68,30432.68,23035
2026-06-01T09:30:00+00:00,30432.68,30439.800000000003,30414.43,30422.68,25938
2026-06-01T10:00:00+00:00,30422.68,30449.93,30414.75,30447.300000000003,23388
2026-06-01T10:30:00+00:00,30447.300000000003,30465.300000000003,30447.300000000003,30454.43,19250
2026-06-01T11:00:00+00:00,30454.43,30457.93,30413.43,30421.550000000003,33833
2026-06-01T11:30:00+00:00,30421.550000000003,30462.18,30411.93,30422.43,30477
2026-06-01T12:00:00+00:00,30422.43,30424.93,30375.93,30410.68,39617
2026-06-01T12:30:00+00:00,30410.68,30456.93,30393.93,30409.93,37688
2026-06-01T13:00:00+00:00,30409.93,30416.68,30252.18,30303.68,118848
2026-06-01T13:30:00+00:00,30303.68,30427.95,30267,30271.25,303891
2026-06-01T14:00:00+00:00,30271.25,30382.2,30253.25,30342.45,203058
2026-06-01T14:30:00+00:00,30342.45,30407.95,30330.08,30397.83,141086
2026-06-01T15:00:00+00:00,30397.83,30449.7,30374,30440.2,105154
2026-06-01T15:30:00+00:00,30440.2,30514.95,30438.7,30462.58,90867
2026-06-01T16:00:00+00:00,30462.58,30495.2,30411.83,30471.08,81521
2026-06-01T16:30:00+00:00,30471.08,30545.33,30468.58,30541.95,74094
2026-06-01T17:00:00+00:00,30541.95,30563.2,30495.95,30562.33,61807
2026-06-01T17:30:00+00:00,30562.33,30652.95,30529.95,30630.95,90146
2026-06-01T18:00:00+00:00,30630.95,30635.7,30587.7,30607.7,56641
2026-06-01T18:30:00+00:00,30607.7,30615.45,30575.45,30583.95,45185
2026-06-01T19:00:00+00:00,30583.95,30608.45,30573.45,30585.95,56295
2026-06-01T19:30:00+00:00,30585.95,30585.95,30516.7,30532.08,71155
2026-06-01T20:00:00+00:00,30532.08,30535.68,30499.93,30506.300000000003,21453
2026-06-01T20:30:00+00:00,30506.300000000003,30534.050000000003,30467.800000000003,30483.63,31669
2026-06-01T22:00:00+00:00,30483.63,30509.61,30413.74,30417.49,24131
2026-06-01T22:30:00+00:00,30417.49,30425.99,30394.31,30420.99,20229
2026-06-01T23:00:00+00:00,30420.99,30427.99,30409.49,30419.86,11803
2026-06-01T23:30:00+00:00,30419.86,30442.11,30405.31,30431.99,20147
2026-06-02T00:00:00+00:00,30431.99,30432.61,30340.36,30365.11,45998
2026-06-02T00:30:00+00:00,30365.11,30385.11,30325.99,30335.74,40115
2026-06-02T01:00:00+00:00,30335.74,30363.99,30313.74,30338.61,44994
2026-06-02T01:30:00+00:00,30338.61,30352.74,30296.11,30296.49,40184
2026-06-02T02:00:00+00:00,30296.49,30330.86,30284.49,30318.86,37635
2026-06-02T02:30:00+00:00,30318.86,30347.49,30318.36,30336.61,26697
2026-06-02T03:00:00+00:00,30336.61,30346.11,30280.36,30287.74,29140
2026-06-02T03:30:00+00:00,30287.74,30327.99,30281.11,30326.24,29743
2026-06-02T04:00:00+00:00,30326.24,30374.74,30321.24,30367.49,22017
2026-06-02T04:30:00+00:00,30367.49,30407.49,30356.36,30405.99,20164
2026-06-02T05:00:00+00:00,30405.99,30437.99,30392.06,30433.86,22719
2026-06-02T05:30:00+00:00,30433.86,30455.99,30421.06,30439.24,23591
2026-06-02T06:00:00+00:00,30439.24,30465.36,30431.61,30450.24,24641
2026-06-02T06:30:00+00:00,30450.24,30478.24,30431.86,30477.24,23350
2026-06-02T07:00:00+00:00,30477.24,30509.74,30472.11,30493.74,27169
2026-06-02T07:30:00+00:00,30493.74,30502.24,30473.99,30492.49,22795
2026-06-02T08:00:00+00:00,30492.49,30531.24,30491.99,30508.74,39818
2026-06-02T08:30:00+00:00,30508.74,30528.61,30503.49,30511.11,27630
2026-06-02T09:00:00+00:00,30511.11,30515.36,30488.24,30498.11,24804
2026-06-02T09:30:00+00:00,30498.11,30548.74,30496.24,30527.74,27298
2026-06-02T10:00:00+00:00,30527.74,30533.99,30510.74,30517.61,22575
2026-06-02T10:30:00+00:00,30517.61,30520.11,30490.74,30491.74,20599
2026-06-02T11:00:00+00:00,30491.74,30512.49,30465.74,30511.36,32194
2026-06-02T11:30:00+00:00,30511.36,30536.61,30492.86,30493.74,27188
2026-06-02T12:00:00+00:00,30493.74,30522.24,30485.49,30511.11,28443
2026-06-02T12:30:00+00:00,30511.11,30523.11,30488.86,30491.99,33903
2026-06-02T13:00:00+00:00,30491.99,30521.61,30444.11,30518.74,57652
2026-06-02T13:30:00+00:00,30518.74,30566.760000000002,30386.890000000003,30565.010000000002,251388
2026-06-02T14:00:00+00:00,30565.010000000002,30610.260000000002,30500.890000000003,30522.640000000003,157107
2026-06-02T14:30:00+00:00,30522.640000000003,30606.260000000002,30518.260000000002,30605.760000000002,121460
2026-06-02T15:00:00+00:00,30605.760000000002,30639.760000000002,30575.010000000002,30628.760000000002,82327
2026-06-02T15:30:00+00:00,30628.760000000002,30660.510000000002,30613.31,30652.640000000003,64678
2026-06-02T16:00:00+00:00,30652.640000000003,30674.760000000002,30614.390000000003,30621.510000000002,66695
2026-06-02T16:30:00+00:00,30621.510000000002,30656.890000000003,30604.010000000002,30654.260000000002,59913
2026-06-02T17:00:00+00:00,30654.260000000002,30665.890000000003,30595.140000000003,30606.140000000003,60479
2026-06-02T17:30:00+00:00,30606.140000000003,30612.890000000003,30571.760000000002,30590.640000000003,59765
2026-06-02T18:00:00+00:00,30590.640000000003,30627.140000000003,30577.390000000003,30600.890000000003,51092
2026-06-02T18:30:00+00:00,30600.890000000003,30617.260000000002,30561.390000000003,30601.510000000002,46821
2026-06-02T19:00:00+00:00,30601.510000000002,30649.390000000003,30600.390000000003,30627.010000000002,43406
2026-06-02T19:30:00+00:00,30627.010000000002,30683.510000000002,30625.390000000003,30670.010000000002,54548
2026-06-02T20:00:00+00:00,30670.010000000002,30725.61,30660.74,30699.99,27352
2026-06-02T20:30:00+00:00,30699.99,30711.74,30698.74,30705.190000000002,9809
2026-06-02T22:00:00+00:00,30705.190000000002,30716.140000000003,30681.09,30705.390000000003,21469
2026-06-02T22:30:00+00:00,30705.390000000003,30722.27,30663.640000000003,30669.390000000003,18011
2026-06-02T23:00:00+00:00,30669.390000000003,30674.52,30527.34,30575.890000000003,39127
2026-06-02T23:30:00+00:00,30575.890000000003,30679.02,30560.890000000003,30672.890000000003,40184
2026-06-03T00:00:00+00:00,30672.890000000003,30683.390000000003,30636.27,30657.27,38946
2026-06-03T00:30:00+00:00,30657.27,30691.27,30652.27,30685.390000000003,23741
2026-06-03T01:00:00+00:00,30685.390000000003,30689.27,30637.140000000003,30650.390000000003,34747
2026-06-03T01:30:00+00:00,30650.390000000003,30665.140000000003,30618.52,30648.390000000003,31199
2026-06-03T02:00:00+00:00,30648.390000000003,30659.34,30629.09,30644.390000000003,22446
2026-06-03T02:30:00+00:00,30644.390000000003,30653.890000000003,30633.77,30644.77,16795
2026-06-03T03:00:00+00:00,30644.77,30670.390000000003,30636.77,30649.890000000003,14541
2026-06-03T03:30:00+00:00,30649.890000000003,30674.640000000003,30649.77,30671.77,13281
2026-06-03T04:00:00+00:00,30671.77,30692.77,30670.77,30687.02,10463
2026-06-03T04:30:00+00:00,30687.02,30695.77,30666.52,30667.640000000003,10334
2026-06-03T05:00:00+00:00,30667.640000000003,30688.640000000003,30641.09,30672.390000000003,16869
2026-06-03T05:30:00+00:00,30672.390000000003,30676.02,30646.59,30654.640000000003,20832
2026-06-03T06:00:00+00:00,30654.640000000003,30678.84,30636.34,30656.140000000003,28941
2026-06-03T06:30:00+00:00,30656.140000000003,30683.140000000003,30645.02,30663.640000000003,25425
2026-06-03T07:00:00+00:00,30663.640000000003,30704.890000000003,30652.890000000003,30672.52,28980
2026-06-03T07:30:00+00:00,30672.52,30687.890000000003,30652.02,30687.52,30180
2026-06-03T08:00:00+00:00,30687.52,30716.640000000003,30666.09,30703.640000000003,33297
2026-06-03T08:30:00+00:00,30703.640000000003,30707.02,30672.640000000003,30682.77,24101
2026-06-03T09:00:00+00:00,30682.77,30735.27,30676.890000000003,30732.02,26201
2026-06-03T09:30:00+00:00,30732.02,30734.890000000003,30696.52,30699.52,27416
2026-06-03T10:00:00+00:00,30699.52,30750.140000000003,30681.27,30729.640000000003,42310
2026-06-03T10:30:00+00:00,30729.640000000003,30748.77,30708.640000000003,30719.640000000003,21438
2026-06-03T11:00:00+00:00,30719.640000000003,30751.140000000003,30718.77,30741.640000000003,24994
2026-06-03T11:30:00+00:00,30741.640000000003,30759.27,30732.09,30745.390000000003,24494
2026-06-03T12:00:00+00:00,30745.390000000003,30762.27,30719.77,30719.77,30843
2026-06-03T12:30:00+00:00,30719.77,30720.77,30665.52,30682.640000000003,41324
2026-06-03T13:00:00+00:00,30682.640000000003,30726.77,30678.34,30719.52,42487
2026-06-03T13:30:00+00:00,30719.52,30773.04,30462.29,30525.84,294672
2026-06-03T14:00:00+00:00,30525.84,30690.420000000002,30513.09,30688.670000000002,204366
2026-06-03T14:30:00+00:00,30688.670000000002,30705.420000000002,30611.04,30632.670000000002,147473
2026-06-03T15:00:00+00:00,30632.670000000002,30681.29,30580.920000000002,30634.420000000002,141186
2026-06-03T15:30:00+00:00,30634.420000000002,30657.920000000002,30533.79,30570.29,117723
2026-06-03T16:00:00+00:00,30570.29,30589.04,30496.920000000002,30518.79,112071
2026-06-03T16:30:00+00:00,30518.79,30572.920000000002,30471.670000000002,30572.79,104091
2026-06-03T17:00:00+00:00,30572.79,30574.79,30482.09,30538.920000000002,88045
2026-06-03T17:30:00+00:00,30538.920000000002,30612.920000000002,30509.34,30608.79,68606
2026-06-03T18:00:00+00:00,30608.79,30645.29,30574.04,30642.670000000002,70059
2026-06-03T18:30:00+00:00,30642.670000000002,30647.920000000002,30600.920000000002,30617.54,64981
2026-06-03T19:00:00+00:00,30617.54,30626.04,30576.920000000002,30600.920000000002,75189
2026-06-03T19:30:00+00:00,30600.920000000002,30659.79,30590.920000000002,30600.640000000003,87308
2026-06-03T20:00:00+00:00,30600.640000000003,30605.02,30510.09,30529.52,60871
2026-06-03T20:30:00+00:00,30529.52,30531.890000000003,30443.640000000003,30460.59,47488
2026-06-03T22:00:00+00:00,30460.59,30460.780000000002,30368.280000000002,30400.530000000002,40158
2026-06-03T22:30:00+00:00,30400.530000000002,30433.66,30331.230000000003,30420.280000000002,40924
2026-06-03T23:00:00+00:00,30420.280000000002,30425.66,30353.51,30368.38,32307.827871131005
2026-06-03T23:30:00+00:00,30368.38,30385.26,30333.51,30356.51,35678
2026-06-04T00:00:00+00:00,30356.51,30425.38,30340.38,30418.51,61832
2026-06-04T00:30:00+00:00,30418.51,30465.13,30416.63,30461.51,47791
2026-06-04T01:00:00+00:00,30461.51,30493.76,30435.63,30453.76,50293
2026-06-04T01:30:00+00:00,30453.76,30487.38,30401.01,30416.01,52424
2026-06-04T02:00:00+00:00,30416.01,30419.76,30315.26,30377.01,54921
2026-06-04T02:30:00+00:00,30377.01,30403.51,30350.88,30375.63,39720
2026-06-04T03:00:00+00:00,30375.63,30432.88,30372.38,30432.38,30727
2026-06-04T03:30:00+00:00,30432.38,30449.51,30409.01,30442.76,32796
2026-06-04T04:00:00+00:00,30442.76,30465.26,30428.26,30451.88,24914
2026-06-04T04:30:00+00:00,30451.88,30470.63,30446.01,30460.01,28729
2026-06-04T05:00:00+00:00,30460.01,30462.88,30413.13,30424.63,36839
2026-06-04T05:30:00+00:00,30424.63,30455.88,30416.63,30446.38,37679
2026-06-04T06:00:00+00:00,30446.38,30463.38,30427.63,30451.51,36368
2026-06-04T06:30:00+00:00,30451.51,30496.63,30432.88,30492.13,29962
2026-06-04T07:00:00+00:00,30492.13,30506.76,30453.38,30481.26,33734
2026-06-04T07:30:00+00:00,30481.26,30495.26,30453.01,30462.26,28450
2026-06-04T08:00:00+00:00,30462.26,30464.01,30302.76,30334.51,62137
2026-06-04T08:30:00+00:00,30334.51,30364.26,30289.38,30306.63,51438
2026-06-04T09:00:00+00:00,30306.63,30309.13,30211.13,30266.01,60858
2026-06-04T09:30:00+00:00,30266.01,30311.51,30254.13,30299.13,44854
2026-06-04T10:00:00+00:00,30299.13,30300.13,30231.13,30234.26,38476
2026-06-04T10:30:00+00:00,30234.26,30254.26,30167.01,30207.51,46682
2026-06-04T11:00:00+00:00,30207.51,30242.13,30190.26,30233.63,60344
2026-06-04T11:30:00+00:00,30233.63,30250.88,30127.01,30242.38,74858
2026-06-04T12:00:00+00:00,30242.38,30248.51,30186.01,30208.08,65615
2026-06-04T12:30:00+00:00,30208.08,30292.38,30207.83,30272.63,58705
2026-06-04T13:00:00+00:00,30272.63,30293.26,30227.88,30232.13,66599
2026-06-04T13:30:00+00:00,30232.13,30327.16,30151.03,30211.66,345506
2026-06-04T14:00:00+00:00,30211.66,30311.16,30114.33,30304.41,256632
2026-06-04T14:30:00+00:00,30304.41,30322.91,30254.53,30319.66,169196
2026-06-04T15:00:00+00:00,30319.66,30432.28,30317.16,30405.03,120329
2026-06-04T15:30:00+00:00,30405.03,30411.41,30325.78,30376.03,107089
2026-06-04T16:00:00+00:00,30376.03,30449.16,30356.41,30443.16,78581
2026-06-04T16:30:00+00:00,30443.16,30456.53,30399.16,30442.16,73520
2026-06-04T17:00:00+00:00,30442.16,30480.78,30427.41,30477.28,60348
2026-06-04T17:30:00+00:00,30477.28,30526.28,30474.16,30522.53,56981
2026-06-04T18:00:00+00:00,30522.53,30561.16,30518.53,30549.16,58266
2026-06-04T18:30:00+00:00,30549.16,30555.41,30513.28,30520.78,58314
2026-06-04T19:00:00+00:00,30520.78,30558.91,30493.91,30557.53,64349
2026-06-04T19:30:00+00:00,30557.53,30566.16,30444.28,30448.03,89870
2026-06-04T20:00:00+00:00,30448.03,30457.76,30364.76,30375.88,49821
2026-06-04T20:30:00+00:00,30375.88,30386.38,30359.88,30363.08,24888
2026-06-04T22:00:00+00:00,30363.08,30383.5,30278.38,30304.75,27272
2026-06-04T22:30:00+00:00,30304.75,30331.13,30291.95,30328.25,18697
2026-06-04T23:00:00+00:00,30328.25,30333,30251,30272.25,23574
2026-06-04T23:30:00+00:00,30272.25,30273.88,30216.88,30225.88,28656
2026-06-05T00:00:00+00:00,30225.88,30226.88,30131.7,30155.75,60748
2026-06-05T00:30:00+00:00,30155.75,30175.38,30093.38,30104.88,54988
2026-06-05T01:00:00+00:00,30104.88,30115.38,30014.25,30047.25,65492
2026-06-05T01:30:00+00:00,30047.25,30161,30046,30157.25,58100
2026-06-05T02:00:00+00:00,30157.25,30201.63,30133.13,30195.75,42788
2026-06-05T02:30:00+00:00,30195.75,30210.75,30170,30176.13,41220
2026-06-05T03:00:00+00:00,30176.13,30190.5,30148.25,30150.88,37988
2026-06-05T03:30:00+00:00,30150.88,30170,30107.75,30124.75,39688
2026-06-05T04:00:00+00:00,30124.75,30166.13,30118.45,30139.13,39241
2026-06-05T04:30:00+00:00,30139.13,30204.88,30127.95,30191.63,38836
2026-06-05T05:00:00+00:00,30191.63,30195.25,30152.25,30162.25,42281
2026-06-05T05:30:00+00:00,30162.25,30185.88,30124.5,30131.63,42079
2026-06-05T06:00:00+00:00,30131.63,30175.75,30093.13,30105.38,47543
2026-06-05T06:30:00+00:00,30105.38,30118.75,30074.88,30085,43378
2026-06-05T07:00:00+00:00,30085,30089.25,30024,30068.38,52233
2026-06-05T07:30:00+00:00,30068.38,30120.75,30064.25,30112.75,43883
2026-06-05T08:00:00+00:00,30112.75,30179.88,30081.88,30178.63,53035
2026-06-05T08:30:00+00:00,30178.63,30184.38,30110.38,30120.88,38967
2026-06-05T09:00:00+00:00,30120.88,30221,30113.88,30144.63,53146
2026-06-05T09:30:00+00:00,30144.63,30174.75,30135.38,30159.88,30705
2026-06-05T10:00:00+00:00,30159.88,30197.63,30154.38,30193.5,22897
2026-06-05T10:30:00+00:00,30193.5,30198.38,30153.88,30156.75,23513
2026-06-05T11:00:00+00:00,30156.75,30159.13,30097.95,30146.63,33604
2026-06-05T11:30:00+00:00,30146.63,30156.38,30106.63,30109.63,31062
2026-06-05T12:00:00+00:00,30109.63,30119.13,30065.2,30073.7,41767
2026-06-05T12:30:00+00:00,30073.7,30113.75,30005.13,30016.38,84208
2026-06-05T13:00:00+00:00,30016.38,30033.5,29975.13,29997.88,76394
2026-06-05T13:30:00+00:00,29997.88,30061.78,29733.65,29736.4,340771
2026-06-05T14:00:00+00:00,29736.4,29904.78,29720.78,29787.28,274592
2026-06-05T14:30:00+00:00,29787.28,29890.65,29767.78,29815.28,211934
2026-06-05T15:00:00+00:00,29815.28,29831.9,29658.03,29679.65,168027
2026-06-05T15:30:00+00:00,29679.65,29701.65,29577.2,29621.03,156424
2026-06-05T16:00:00+00:00,29621.03,29622.78,29498.53,29506.4,151690
2026-06-05T16:30:00+00:00,29506.4,29511.28,29341.7,29453.03,183713
2026-06-05T17:00:00+00:00,29453.03,29454.78,29324.4,29402.4,160322
2026-06-05T17:30:00+00:00,29402.4,29467.03,29367.65,29432.7,139893.17167845776
2026-06-05T18:00:00+00:00,29432.7,29438.329999999998,29182.5,29205.829999999998,156337
2026-06-05T18:30:00+00:00,29205.829999999998,29218.079999999998,29057.7,29150.75,182155
2026-06-05T19:00:00+00:00,29150.75,29172.829999999998,28935.829999999998,29116.329999999998,225200
2026-06-05T19:30:00+00:00,29116.329999999998,29156.079999999998,28966.95,28977.2,260137
2026-06-05T20:00:00+00:00,28977.2,29003.05,28762.030000000002,28828.15,103547
2026-06-05T20:30:00+00:00,28828.15,28828.4,28751.15,28780.730000000003,29563
2026-06-07T22:00:00+00:00,28780.730000000003,28994.710000000003,28780.730000000003,28938.84,62785
2026-06-07T22:30:00+00:00,28938.84,28989.59,28844.09,28864.16,48710
2026-06-07T23:00:00+00:00,28864.16,28972.59,28864.16,28949.59,38735
2026-06-07T23:30:00+00:00,28949.59,29074.09,28936.46,29058.84,42510
2026-06-08T00:00:00+00:00,29058.84,29197.46,29031.71,29194.21,59801
2026-06-08T00:30:00+00:00,29194.21,29259.21,29135.21,29188.84,57796
2026-06-08T01:00:00+00:00,29188.84,29206.71,29043.46,29046.96,83492
2026-06-08T01:30:00+00:00,29046.96,29150.09,28997.09,29130.21,86898
2026-06-08T02:00:00+00:00,29130.21,29150.46,29076.59,29144.96,65212
2026-06-08T02:30:00+00:00,29144.96,29214.46,29101.16,29182.09,57138
2026-06-08T03:00:00+00:00,29182.09,29202.96,29147.84,29188.59,51180
2026-06-08T03:30:00+00:00,29188.59,29203.21,29171.96,29183.34,44048
2026-06-08T04:00:00+00:00,29183.34,29193.46,29118.96,29142.09,49141
2026-06-08T04:30:00+00:00,29142.09,29149.84,29060.71,29061.96,52454
2026-06-08T05:00:00+00:00,29061.96,29110.59,29032.46,29062.96,63999
2026-06-08T05:30:00+00:00,29062.96,29068.21,28944.21,28987.46,64593
2026-06-08T06:00:00+00:00,28987.46,29104.09,28973.46,29101.96,64141
2026-06-08T06:30:00+00:00,29101.96,29120.59,29020.71,29073.21,50832
2026-06-08T07:00:00+00:00,29073.21,29210.09,29055.09,29199.34,60753
2026-06-08T07:30:00+00:00,29199.34,29251.84,29161.71,29228.21,47751
2026-06-08T08:00:00+00:00,29228.21,29228.21,29173.21,29195.21,59679
2026-06-08T08:30:00+00:00,29195.21,29237.96,29129.84,29148.96,50921
2026-06-08T09:00:00+00:00,29148.96,29194.46,29116.34,29163.71,39830
2026-06-08T09:30:00+00:00,29163.71,29218.66,29135.21,29210.96,46504
2026-06-08T10:00:00+00:00,29210.96,29211.71,29147.21,29164.34,38654
2026-06-08T10:30:00+00:00,29164.34,29244.09,29160.96,29213.09,46023
2026-06-08T11:00:00+00:00,29213.09,29381.09,29184.16,29379.96,69023
2026-06-08T11:30:00+00:00,29379.96,29409.09,29343.34,29346.59,54779
2026-06-08T12:00:00+00:00,29346.59,29428.84,29338.09,29428.34,54229
2026-06-08T12:30:00+00:00,29428.34,29480.46,29427.71,29456.96,53134
2026-06-08T13:00:00+00:00,29456.96,29575.34,29455.34,29499.34,70409
2026-06-08T13:30:00+00:00,29499.34,29554.86,29314.49,29322.11,345800
2026-06-08T14:00:00+00:00,29322.11,29502.86,29304.74,29489.24,272522
2026-06-08T14:30:00+00:00,29489.24,29651.74,29480.36,29647.99,175599
2026-06-08T15:00:00+00:00,29647.99,29714.11,29595.74,29601.99,125635
2026-06-08T15:30:00+00:00,29601.99,29680.74,29531.24,29582.36,155591
2026-06-08T16:00:00+00:00,29582.36,29663.49,29552.36,29556.49,132473
2026-06-08T16:30:00+00:00,29556.49,29602.99,29526.24,29552.11,126180
2026-06-08T17:00:00+00:00,29552.11,29576.24,29458.74,29574.49,138852
2026-06-08T17:30:00+00:00,29574.49,29594.99,29482.49,29530.24,139779
2026-06-08T18:00:00+00:00,29530.24,29582.24,29528.24,29563.24,106433
2026-06-08T18:30:00+00:00,29563.24,29589.36,29500.36,29513.49,92535
2026-06-08T19:00:00+00:00,29513.49,29519.49,29349.61,29407.74,122847
2026-06-08T19:30:00+00:00,29407.74,29464.61,29392.11,29425.61,132270
2026-06-08T20:00:00+00:00,29425.61,29441.59,29372.84,29402.96,42070
2026-06-08T20:30:00+00:00,29402.96,29420.34,29388.96,29407.79,18451
2026-06-08T22:00:00+00:00,29407.79,29440.89,29295.51,29303.26,36440
2026-06-08T22:30:00+00:00,29303.26,29402.14,29301.51,29399.14,24522
2026-06-08T23:00:00+00:00,29399.14,29436.51,29380.14,29406.64,22018
2026-06-08T23:30:00+00:00,29406.64,29455.01,29358.46,29398.21,26858
2026-06-09T00:00:00+00:00,29398.21,29413.76,29304.14,29343.01,77234
2026-06-09T00:30:00+00:00,29343.01,29350.01,29278.89,29311.14,60842
2026-06-09T01:00:00+00:00,29311.14,29449.76,29303.64,29430.01,69212
2026-06-09T01:30:00+00:00,29430.01,29519.76,29422.39,29465.76,58692
2026-06-09T02:00:00+00:00,29465.76,29489.51,29434.39,29464.51,51983
2026-06-09T02:30:00+00:00,29464.51,29497.51,29447.26,29487.89,47605
2026-06-09T03:00:00+00:00,29487.89,29525.64,29475.14,29512.64,37011
2026-06-09T03:30:00+00:00,29512.64,29566.01,29507.89,29554.89,35295
2026-06-09T04:00:00+00:00,29554.89,29596.39,29542.64,29584.89,29832
2026-06-09T04:30:00+00:00,29584.89,29604.26,29572.39,29577.51,30245
2026-06-09T05:00:00+00:00,29577.51,29599.51,29564.26,29566.01,33242
2026-06-09T05:30:00+00:00,29566.01,29625.01,29565.89,29607.51,40206
2026-06-09T06:00:00+00:00,29607.51,29648.39,29599.51,29609.51,37117
2026-06-09T06:30:00+00:00,29609.51,29625.51,29575.14,29596.64,31267
2026-06-09T07:00:00+00:00,29596.64,29663.14,29575.01,29586.14,44256
2026-06-09T07:30:00+00:00,29586.14,29612.14,29557.64,29566.51,40067
2026-06-09T08:00:00+00:00,29566.51,29647.39,29540.39,29635.76,50544
2026-06-09T08:30:00+00:00,29635.76,29660.14,29611.39,29615.51,30468
2026-06-09T09:00:00+00:00,29615.51,29664.89,29610.26,29659.89,25054
2026-06-09T09:30:00+00:00,29659.89,29669.89,29630.76,29653.76,22145
2026-06-09T10:00:00+00:00,29653.76,29671.01,29597.21,29646.64,29117
2026-06-09T10:30:00+00:00,29646.64,29672.01,29621.26,29658.76,23838
2026-06-09T11:00:00+00:00,29658.76,29677.39,29645.51,29663.26,32399
2026-06-09T11:30:00+00:00,29663.26,29700.89,29653.39,29655.01,26505
2026-06-09T12:00:00+00:00,29655.01,29674.64,29626.26,29643.39,34980
2026-06-09T12:30:00+00:00,29643.39,29710.51,29642.89,29709.01,41697
2026-06-09T13:00:00+00:00,29709.01,29720.39,29666.39,29711.01,51081
2026-06-09T13:30:00+00:00,29711.01,29820.29,29609.66,29646.21,225698
2026-06-09T14:00:00+00:00,29646.21,29685.41,29341.66,29417.79,261479
2026-06-09T14:30:00+00:00,29417.79,29461.54,29058.41,29214.04,260031
2026-06-09T15:00:00+00:00,29214.04,29274.91,28823.41,28833.41,236099
2026-06-09T15:30:00+00:00,28833.41,28944.54,28656.16,28669.16,248143
2026-06-09T16:00:00+00:00,28669.16,28761.04,28378.66,28500.16,247502
2026-06-09T16:30:00+00:00,28500.16,28544.79,28202.66,28454.54,222988
2026-06-09T17:00:00+00:00,28454.54,28759.91,28445.21,28718.54,204634
2026-06-09T17:30:00+00:00,28718.54,28898.16,28682.29,28804.29,191599
2026-06-09T18:00:00+00:00,28804.29,28953.29,28760.16,28947.29,160513
2026-06-09T18:30:00+00:00,28947.29,29064.54,28888.91,29040.41,137754
2026-06-09T19:00:00+00:00,29040.41,29118.54,28815.54,28927.41,178581
2026-06-09T19:30:00+00:00,28927.41,29106.79,28825.41,29090.29,206144
2026-06-09T20:00:00+00:00,29090.29,29169.26,29056.76,29095.01,67884
2026-06-09T20:30:00+00:00,29095.01,29133.14,29075.64,29113.34,27682
2026-06-09T22:00:00+00:00,29113.34,29113.34,29007.17,29045.92,24942
2026-06-09T22:30:00+00:00,29045.92,29049.97,28963.97,29003.42,28531
2026-06-09T23:00:00+00:00,29003.42,29074.67,28976.67,28980.92,22053
2026-06-09T23:30:00+00:00,28980.92,29048.72,28957.92,29041.85,29710
2026-06-10T00:00:00+00:00,29041.85,29144.47,29041.85,29094.6,63403
2026-06-10T00:30:00+00:00,29094.6,29100.1,28951.92,29051.67,58241
2026-06-10T01:00:00+00:00,29051.67,29089.47,29020.92,29048.67,52625
2026-06-10T01:30:00+00:00,29048.67,29074.85,28987.92,29010.85,57169
2026-06-10T02:00:00+00:00,29010.85,29018.47,28951.35,28992.72,48317
2026-06-10T02:30:00+00:00,28992.72,29011.85,28937.85,28947.47,42043
2026-06-10T03:00:00+00:00,28947.47,29022.1,28943.72,28986.22,41002
2026-06-10T03:30:00+00:00,28986.22,29001.35,28950.72,28969.22,38372
2026-06-10T04:00:00+00:00,28969.22,28978.97,28907.6,28918.1,34195
2026-06-10T04:30:00+00:00,28918.1,28922.1,28846.92,28874.42,26064
2026-06-10T05:00:00+00:00,28874.42,28925.1,28832.35,28915.35,38041
2026-06-10T05:30:00+00:00,28915.35,28944.22,28856.67,28920.6,50942
2026-06-10T06:00:00+00:00,28920.6,28976.85,28912.35,28960.1,37483
2026-06-10T06:30:00+00:00,28960.1,28989.85,28935.85,28945.47,28166
2026-06-10T07:00:00+00:00,28945.47,28977.22,28907.1,28920.47,44247
2026-06-10T07:30:00+00:00,28920.47,28959.6,28907.6,28940.22,39258
2026-06-10T08:00:00+00:00,28940.22,28940.22,28820.1,28837.47,51809
2026-06-10T08:30:00+00:00,28837.47,28865.72,28721.72,28739.6,50336
2026-06-10T09:00:00+00:00,28739.6,28772.92,28662.1,28754.72,58030
2026-06-10T09:30:00+00:00,28754.72,28795.35,28712.42,28755.72,48924
2026-06-10T10:00:00+00:00,28755.72,28762.97,28678.22,28744.72,39825
2026-06-10T10:30:00+00:00,28744.72,28820.72,28737.6,28804.67,42442
2026-06-10T11:00:00+00:00,28804.67,28821.72,28608.92,28649.6,91744
2026-06-10T11:30:00+00:00,28649.6,28679.35,28587.6,28654.72,74084
2026-06-10T12:00:00+00:00,28654.72,28729.72,28640.1,28724.67,62780
2026-06-10T12:30:00+00:00,28724.67,28969.1,28715.85,28809.35,122830
2026-06-10T13:00:00+00:00,28809.35,28865.6,28799.47,28829.35,89413
2026-06-10T13:30:00+00:00,28829.35,29138.87,28751.92,28999,218965
2026-06-10T14:00:00+00:00,28999,29206.87,28947.5,29148.5,203610
2026-06-10T14:30:00+00:00,29148.5,29226.62,28834.5,28879.5,202414
2026-06-10T15:00:00+00:00,28879.5,28961.25,28644.37,28768.5,203870
2026-06-10T15:30:00+00:00,28768.5,28851.75,28605.17,28832.25,170801
2026-06-10T16:00:00+00:00,28832.25,28872.75,28681.5,28719,154552
2026-06-10T16:30:00+00:00,28719,28828.25,28641.87,28695.5,160869
2026-06-10T17:00:00+00:00,28695.5,28757.12,28606.12,28665.62,147440
2026-06-10T17:30:00+00:00,28665.62,28770.5,28595.37,28756.25,162882
2026-06-10T18:00:00+00:00,28756.25,28808.62,28675.75,28690.62,140678
2026-06-10T18:30:00+00:00,28690.62,28693.25,28553.12,28584.75,133682
2026-06-10T19:00:00+00:00,28584.75,28644.12,28472.25,28524.5,149463
2026-06-10T19:30:00+00:00,28524.5,28640.75,28503.37,28505.62,172980
2026-06-10T20:00:00+00:00,28505.62,28510.92,28411.17,28463.97,50531
2026-06-10T20:30:00+00:00,28463.97,28475.35,28387.92,28447.54,30338
2026-06-10T22:00:00+00:00,28447.54,28447.54,28339.17,28392.92,43537
2026-06-10T22:30:00+00:00,28392.92,28449.04,28310.54,28321.99,43358
2026-06-10T23:00:00+00:00,28321.99,28384.74,28246.54,28377.99,53927
2026-06-10T23:30:00+00:00,28377.99,28425.49,28331.24,28343.17,39793
2026-06-11T00:00:00+00:00,28343.17,28550.74,28316.24,28463.24,85328
2026-06-11T00:30:00+00:00,28463.24,28545.67,28409.49,28530.42,62724
2026-06-11T01:00:00+00:00,28530.42,28742.79,28530.42,28732.79,58858
2026-06-11T01:30:00+00:00,28732.79,28738.42,28614.29,28623.17,52353
2026-06-11T02:00:00+00:00,28623.17,28677.17,28531.92,28538.49,50913
2026-06-11T02:30:00+00:00,28538.49,28628.42,28514.79,28616.04,50004
2026-06-11T03:00:00+00:00,28616.04,28649.99,28561.99,28602.04,46750
2026-06-11T03:30:00+00:00,28602.04,28723.04,28598.99,28719.04,44960
2026-06-11T04:00:00+00:00,28719.04,28737.29,28685.04,28722.79,40078
2026-06-11T04:30:00+00:00,28722.79,28782.54,28712.17,28755.79,33753
2026-06-11T05:00:00+00:00,28755.79,28761.54,28695.67,28714.92,38088
2026-06-11T05:30:00+00:00,28714.92,28735.29,28693.04,28727.17,35892
2026-06-11T06:00:00+00:00,28727.17,28753.42,28669.17,28730.79,41901
2026-06-11T06:30:00+00:00,28730.79,28776.92,28708.42,28772.29,30592
2026-06-11T07:00:00+00:00,28772.29,28848.29,28747.67,28829.29,39579
2026-06-11T07:30:00+00:00,28829.29,28846.79,28812.29,28825.04,32157
2026-06-11T08:00:00+00:00,28825.04,28913.04,28825.04,28885.49,36352
2026-06-11T08:30:00+00:00,28885.49,28914.92,28870.04,28890.79,28381
2026-06-11T09:00:00+00:00,28890.79,28901.92,28838.989999999998,28853.789999999997,26865
2026-06-11T09:30:00+00:00,28853.789999999997,28887.539999999997,28837.989999999998,28857.67,25250
2026-06-11T10:00:00+00:00,28857.67,28896.67,28854.489999999998,28857.17,25665
2026-06-11T10:30:00+00:00,28857.17,28894.289999999997,28855.92,28858.92,23689
2026-06-11T11:00:00+00:00,28858.92,28859.789999999997,28791.989999999998,28833.92,47060
2026-06-11T11:30:00+00:00,28833.92,28889.039999999997,28828.67,28881.289999999997,39263
2026-06-11T12:00:00+00:00,28881.289999999997,28894.17,28694.739999999998,28727.239999999998,62229
2026-06-11T12:30:00+00:00,28727.239999999998,28806.539999999997,28617.239999999998,28792.289999999997,103040
2026-06-11T13:00:00+00:00,28792.289999999997,28796.039999999997,28722.739999999998,28732.92,77528
2026-06-11T13:30:00+00:00,28732.92,28994.319999999996,28631.569999999996,28881.19,338402
2026-06-11T14:00:00+00:00,28881.19,29029.319999999996,28733.319999999996,28850.94,287894
2026-06-11T14:30:00+00:00,28850.94,28919.94,28587.739999999998,28629.819999999996,225510
2026-06-11T15:00:00+00:00,28629.819999999996,28839.819999999996,28558.489999999998,28738.94,229164
2026-06-11T15:30:00+00:00,28738.94,28887.569999999996,28721.989999999998,28838.569999999996,184840
2026-06-11T16:00:00+00:00,28838.569999999996,28955.69,28806.94,28826.94,173436
2026-06-11T16:30:00+00:00,28826.94,28947.94,28744.239999999998,28750.19,157136
2026-06-11T17:00:00+00:00,28750.19,29073.319999999996,28659.239999999998,29066.69,179583
2026-06-11T17:30:00+00:00,29066.69,29281.44,29066.44,29194.69,266117
2026-06-11T18:00:00+00:00,29194.69,29246.19,29049.239999999998,29168.319999999996,210079
2026-06-11T18:30:00+00:00,29168.319999999996,29290.19,29153.069999999996,29249.319999999996,144604
2026-06-11T19:00:00+00:00,29249.319999999996,29425.69,29210.569999999996,29404.94,149874
2026-06-11T19:30:00+00:00,29404.94,29522.44,29384.489999999998,29438.569999999996,143129
2026-06-11T20:00:00+00:00,29438.569999999996,29502.92,29396.489999999998,29455.039999999997,50313
2026-06-11T20:30:00+00:00,29455.039999999997,29465.92,29388.989999999998,29414.859999999997,23967
2026-06-11T22:00:00+00:00,29414.859999999997,29527.78,29414.859999999997,29511.329999999998,34677
2026-06-11T22:30:00+00:00,29511.329999999998,29567.46,29499.03,29539.78,19563
2026-06-11T23:00:00+00:00,29539.78,29546.53,29474.46,29502.03,22116
2026-06-11T23:30:00+00:00,29502.03,29578.579999999998,29501.53,29559.03,22953
2026-06-12T00:00:00+00:00,29559.03,29605.579999999998,29518.28,29591.46,46003
2026-06-12T00:30:00+00:00,29591.46,29626.46,29545.28,29569.78,36338
2026-06-12T01:00:00+00:00,29569.78,29571.579999999998,29452.78,29463.46,47468
2026-06-12T01:30:00+00:00,29463.46,29538.829999999998,29447.03,29533.71,36337
2026-06-12T02:00:00+00:00,29533.71,29568.829999999998,29492.28,29494.829999999998,37819
2026-06-12T02:30:00+00:00,29494.829999999998,29554.03,29485.03,29544.03,32654
2026-06-12T03:00:00+00:00,29544.03,29545.28,29470.28,29502.03,30169
2026-06-12T03:30:00+00:00,29502.03,29535.21,29482.53,29510.78,35597
2026-06-12T04:00:00+00:00,29510.78,29520.579999999998,29470.079999999998,29517.46,30475
2026-06-12T04:30:00+00:00,29517.46,29530.71,29502.28,29525.03,25773
2026-06-12T05:00:00+00:00,29525.03,29536.079999999998,29485.28,29515.03,29122
2026-06-12T05:30:00+00:00,29515.03,29515.28,29356.28,29382.579999999998,54165
2026-06-12T06:00:00+00:00,29382.579999999998,29455.71,29372.53,29406.28,41072
2026-06-12T06:30:00+00:00,29406.28,29407.079999999998,29317.03,29341.78,29804
2026-06-12T07:00:00+00:00,29341.78,29352.079999999998,29242.28,29279.28,45242
2026-06-12T07:30:00+00:00,29279.28,29440.21,29266.53,29413.53,44080
2026-06-12T08:00:00+00:00,29413.53,29548.079999999998,29398.28,29511.829999999998,61804
2026-06-12T08:30:00+00:00,29511.829999999998,29518.329999999998,29429.28,29461.28,40301
2026-06-12T09:00:00+00:00,29461.28,29597.829999999998,29458.579999999998,29593.28,47959
2026-06-12T09:30:00+00:00,29593.28,29649.829999999998,29570.28,29603.28,42999
2026-06-12T10:00:00+00:00,29603.28,29638.579999999998,29498.03,29511.78,38050
2026-06-12T10:30:00+00:00,29511.78,29553.03,29507.78,29531.03,37368
2026-06-12T11:00:00+00:00,29531.03,29627.96,29530.28,29612.46,54042
2026-06-12T11:30:00+00:00,29612.46,29640.96,29577.21,29619.46,41810
2026-06-12T12:00:00+00:00,29619.46,29627.46,29510.28,29515.46,57033
2026-06-12T12:30:00+00:00,29515.46,29528.829999999998,29363.03,29394.03,61137
2026-06-12T13:00:00+00:00,29394.03,29478.579999999998,29336.03,29476.71,65903
2026-06-12T13:30:00+00:00,29476.71,29480.73,29212.78,29331.53,332106
2026-06-12T14:00:00+00:00,29331.53,29609.23,29321.28,29495.109999999997,244721
2026-06-12T14:30:00+00:00,29495.109999999997,29625.359999999997,29334.03,29614.48,239647
2026-06-12T15:00:00+00:00,29614.48,29741.48,29578.53,29726.73,149345
2026-06-12T15:30:00+00:00,29726.73,29730.73,29391.03,29422.23,157471
2026-06-12T16:00:00+00:00,29422.23,29649.109999999997,29391.03,29575.48,159505
2026-06-12T16:30:00+00:00,29575.48,29660.609999999997,29556.53,29652.859999999997,96484
2026-06-12T17:00:00+00:00,29652.859999999997,29733.359999999997,29640.23,29702.109999999997,92923
2026-06-12T17:30:00+00:00,29702.109999999997,29709.359999999997,29629.28,29664.409999999996,87275.54013923684
2026-06-12T18:00:00+00:00,29664.409999999996,29690.03,29589.03,29646.409999999996,96750
2026-06-12T18:30:00+00:00,29646.409999999996,29700.53,29619.079999999998,29626.53,84700
2026-06-12T19:00:00+00:00,29626.53,29693.03,29620.829999999998,29642.409999999996,84757
2026-06-12T19:30:00+00:00,29642.409999999996,29665.159999999996,29562.659999999996,29632.03,114539
2026-06-12T20:00:00+00:00,29632.03,29712.08,29628.079999999998,29669.710000000003,28668
2026-06-12T20:30:00+00:00,29669.710000000003,29683.58,29655.710000000003,29661.91,7590
2026-06-14T22:00:00+00:00,29661.91,30081.4,29661.91,30041.100000000002,45375
2026-06-14T22:30:00+00:00,30041.100000000002,30061.9,29999.850000000002,30037.9,49723
2026-06-14T23:00:00+00:00,30037.9,30057.65,29976.100000000002,30021.850000000002,27100
2026-06-14T23:30:00+00:00,30021.850000000002,30047.15,30004.100000000002,30040.850000000002,25970
2026-06-15T00:00:00+00:00,30040.850000000002,30158.530000000002,30030.100000000002,30146.850000000002,47995
2026-06-15T00:30:00+00:00,30146.850000000002,30150.650000000005,30118.030000000002,30125.850000000002,30245
2026-06-15T01:00:00+00:00,30125.850000000002,30157.400000000005,30113.600000000002,30145.400000000005,34807
2026-06-15T01:30:00+00:00,30145.400000000005,30171.280000000002,30131.350000000002,30155.350000000002,28429
2026-06-15T02:00:00+00:00,30155.350000000002,30194.900000000005,30150.850000000002,30193.100000000002,22337
2026-06-15T02:30:00+00:00,30193.100000000002,30198.150000000005,30175.100000000002,30188.600000000002,16584
2026-06-15T03:00:00+00:00,30188.600000000002,30203.780000000002,30173.100000000002,30192.530000000002,19215
2026-06-15T03:30:00+00:00,30192.530000000002,30204.850000000002,30169.850000000002,30174.350000000002,19710
2026-06-15T04:00:00+00:00,30174.350000000002,30202.600000000002,30159.100000000002,30199.350000000002,17173
2026-06-15T04:30:00+00:00,30199.350000000002,30219.530000000002,30193.350000000002,30218.150000000005,18000
2026-06-15T05:00:00+00:00,30218.150000000005,30231.650000000005,30209.600000000002,30220.850000000002,20227
2026-06-15T05:30:00+00:00,30220.850000000002,30226.650000000005,30191.900000000005,30222.280000000002,21998
2026-06-15T06:00:00+00:00,30222.280000000002,30244.530000000002,30208.100000000002,30228.850000000002,29075
2026-06-15T06:30:00+00:00,30228.850000000002,30244.400000000005,30210.100000000002,30236.600000000002,24052
2026-06-15T07:00:00+00:00,30236.600000000002,30252.150000000005,30208.100000000002,30240.350000000002,35244
2026-06-15T07:30:00+00:00,30240.350000000002,30256.400000000005,30225.100000000002,30231.600000000002,32235
2026-06-15T08:00:00+00:00,30231.600000000002,30291.350000000002,30225.350000000002,30287.350000000002,41304
2026-06-15T08:30:00+00:00,30287.350000000002,30311.400000000005,30270.150000000005,30274.100000000002,25844
2026-06-15T09:00:00+00:00,30274.100000000002,30286.780000000002,30218.350000000002,30222.350000000002,30838
2026-06-15T09:30:00+00:00,30222.350000000002,30238.780000000002,30193.850000000002,30231.600000000002,27665
2026-06-15T10:00:00+00:00,30231.600000000002,30254.150000000005,30225.600000000002,30250.900000000005,21383
2026-06-15T10:30:00+00:00,30250.900000000005,30252.650000000005,30215.150000000005,30245.280000000002,22072
2026-06-15T11:00:00+00:00,30245.280000000002,30300.030000000002,30240.600000000002,30297.780000000002,32332
2026-06-15T11:30:00+00:00,30297.780000000002,30306.280000000002,30256.030000000002,30283.350000000002,40687
2026-06-15T12:00:00+00:00,30283.350000000002,30301.400000000005,30246.100000000002,30254.100000000002,46009
2026-06-15T12:30:00+00:00,30254.100000000002,30272.150000000005,30225.030000000002,30267.150000000005,45947
2026-06-15T13:00:00+00:00,30267.150000000005,30327.280000000002,30249.600000000002,30319.350000000002,49090
2026-06-15T13:30:00+00:00,30319.350000000002,30483.430000000004,30293.850000000002,30387.600000000002,268770
2026-06-15T14:00:00+00:00,30387.600000000002,30447.930000000004,30359.180000000004,30444.930000000004,211119
2026-06-15T14:30:00+00:00,30444.930000000004,30477.930000000004,30386.680000000004,30462.300000000003,156703
2026-06-15T15:00:00+00:00,30462.300000000003,30538.680000000004,30460.930000000004,30533.550000000003,94524
2026-06-15T15:30:00+00:00,30533.550000000003,30574.680000000004,30490.300000000003,30566.800000000003,81104
2026-06-15T16:00:00+00:00,30566.800000000003,30597.800000000003,30555.680000000004,30586.930000000004,63135
2026-06-15T16:30:00+00:00,30586.930000000004,30599.300000000003,30537.430000000004,30554.180000000004,66637
2026-06-15T17:00:00+00:00,30554.180000000004,30576.180000000004,30522.600000000002,30567.430000000004,79952
2026-06-15T17:30:00+00:00,30567.430000000004,30575.930000000004,30538.930000000004,30542.930000000004,58512
2026-06-15T18:00:00+00:00,30542.930000000004,30563.180000000004,30518.050000000003,30526.180000000004,74153
2026-06-15T18:30:00+00:00,30526.180000000004,30576.550000000003,30510.930000000004,30547.300000000003,66624
2026-06-15T19:00:00+00:00,30547.300000000003,30557.800000000003,30517.930000000004,30518.430000000004,72783
2026-06-15T19:30:00+00:00,30518.430000000004,30561.930000000004,30500.930000000004,30558.680000000004,97177
2026-06-15T20:00:00+00:00,30558.680000000004,30574.900000000005,30527.900000000005,30532.030000000002,29544
2026-06-15T20:30:00+00:00,30532.030000000002,30541.780000000002,30509.650000000005,30516.850000000002,16411
2026-06-15T22:00:00+00:00,30516.850000000002,30550.560000000005,30443.060000000005,30468.810000000005,28233
2026-06-15T22:30:00+00:00,30468.810000000005,30497.560000000005,30456.060000000005,30489.810000000005,9191
2026-06-15T23:00:00+00:00,30489.810000000005,30515.310000000005,30479.310000000005,30512.310000000005,8502
2026-06-15T23:30:00+00:00,30512.310000000005,30528.560000000005,30492.810000000005,30520.060000000005,9337
2026-06-16T00:00:00+00:00,30520.060000000005,30531.810000000005,30482.560000000005,30518.060000000005,22033
2026-06-16T00:30:00+00:00,30518.060000000005,30539.610000000004,30454.810000000005,30463.060000000005,38297
2026-06-16T01:00:00+00:00,30463.060000000005,30483.990000000005,30443.060000000005,30470.810000000005,49242
2026-06-16T01:30:00+00:00,30470.810000000005,30488.860000000004,30456.310000000005,30469.060000000005,33739
2026-06-16T02:00:00+00:00,30469.060000000005,30485.860000000004,30456.740000000005,30466.060000000005,30407
2026-06-16T02:30:00+00:00,30466.060000000005,30490.360000000004,30458.860000000004,30468.060000000005,21014
2026-06-16T03:00:00+00:00,30468.060000000005,30507.110000000004,30463.560000000005,30498.060000000005,26256
2026-06-16T03:30:00+00:00,30498.060000000005,30540.610000000004,30497.810000000005,30516.810000000005,29411
2026-06-16T04:00:00+00:00,30516.810000000005,30521.810000000005,30496.740000000005,30508.310000000005,25660
2026-06-16T04:30:00+00:00,30508.310000000005,30514.990000000005,30480.990000000005,30500.310000000005,23694
2026-06-16T05:00:00+00:00,30500.310000000005,30531.740000000005,30500.310000000005,30519.810000000005,21901
2026-06-16T05:30:00+00:00,30519.810000000005,30524.060000000005,30482.610000000004,30491.560000000005,32983
2026-06-16T06:00:00+00:00,30491.560000000005,30523.560000000005,30484.810000000005,30517.240000000005,29718
2026-06-16T06:30:00+00:00,30517.240000000005,30521.860000000004,30496.810000000005,30513.860000000004,23768
2026-06-16T07:00:00+00:00,30513.860000000004,30533.990000000005,30501.810000000005,30525.060000000005,34499
2026-06-16T07:30:00+00:00,30525.060000000005,30529.240000000005,30493.560000000005,30525.490000000005,31710
2026-06-16T08:00:00+00:00,30525.490000000005,30588.490000000005,30515.060000000005,30588.490000000005,37840
2026-06-16T08:30:00+00:00,30588.490000000005,30628.490000000005,30550.740000000005,30610.810000000005,34367
2026-06-16T09:00:00+00:00,30610.810000000005,30615.860000000004,30565.060000000005,30570.110000000004,30001
2026-06-16T09:30:00+00:00,30570.110000000004,30591.860000000004,30546.740000000005,30554.860000000004,28617
2026-06-16T10:00:00+00:00,30554.860000000004,30598.740000000005,30554.240000000005,30590.310000000005,24976
2026-06-16T10:30:00+00:00,30590.310000000005,30617.110000000004,30579.240000000005,30614.560000000005,23725
2026-06-16T11:00:00+00:00,30614.560000000005,30654.360000000004,30604.610000000004,30631.490000000005,37692
2026-06-16T11:30:00+00:00,30631.490000000005,30641.110000000004,30610.610000000004,30621.310000000005,34932
2026-06-16T12:00:00+00:00,30621.310000000005,30634.110000000004,30520.310000000005,30544.810000000005,48856
2026-06-16T12:30:00+00:00,30544.810000000005,30552.560000000005,30497.310000000005,30509.240000000005,58489
2026-06-16T13:00:00+00:00,30509.240000000005,30528.120000000006,30467.370000000006,30493.620000000006,59314
2026-06-16T13:30:00+00:00,30493.620000000006,30570.770000000008,30433.270000000008,30489.770000000008,286851
2026-06-16T14:00:00+00:00,30489.770000000008,30538.140000000007,30356.020000000008,30365.270000000008,214535
2026-06-16T14:30:00+00:00,30365.270000000008,30398.020000000008,30245.940000000006,30284.020000000008,267691
2026-06-16T15:00:00+00:00,30284.020000000008,30347.020000000008,30182.940000000006,30221.390000000007,212636
2026-06-16T15:30:00+00:00,30221.390000000007,30259.020000000008,30091.690000000006,30151.270000000008,194052
2026-06-16T16:00:00+00:00,30151.270000000008,30257.890000000007,30145.190000000006,30219.640000000007,144106
2026-06-16T16:30:00+00:00,30219.640000000007,30224.640000000007,30129.940000000006,30176.520000000008,147927
2026-06-16T17:00:00+00:00,30176.520000000008,30178.270000000008,30106.940000000006,30136.520000000008,109357
2026-06-16T17:30:00+00:00,30136.520000000008,30196.270000000008,30080.140000000007,30153.890000000007,106270
2026-06-16T18:00:00+00:00,30153.890000000007,30173.140000000007,30124.020000000008,30148.020000000008,90754
2026-06-16T18:30:00+00:00,30148.020000000008,30153.770000000008,30101.440000000006,30120.020000000008,88814
2026-06-16T19:00:00+00:00,30120.020000000008,30157.020000000008,30015.940000000006,30120.140000000007,134134
2026-06-16T19:30:00+00:00,30120.140000000007,30135.140000000007,29973.440000000006,29982.270000000008,168027
2026-06-16T20:00:00+00:00,29982.270000000008,30002.690000000006,29945.190000000006,29974.990000000005,48741
2026-06-16T20:30:00+00:00,29974.990000000005,29989.620000000006,29964.870000000006,29979.690000000006,18377
2026-06-16T22:00:00+00:00,29979.690000000006,30051.450000000004,29979.690000000006,30042.450000000004,13519
2026-06-16T22:30:00+00:00,30042.450000000004,30064.200000000004,30011.700000000004,30054.450000000004,10287
2026-06-16T23:00:00+00:00,30054.450000000004,30055.950000000004,30001.700000000004,30010.450000000004,13235
2026-06-16T23:30:00+00:00,30010.450000000004,30032.000000000007,29983.950000000004,30007.200000000004,18744
2026-06-17T00:00:00+00:00,30007.200000000004,30061.950000000004,30007.200000000004,30055.950000000004,41530
2026-06-17T00:30:00+00:00,30055.950000000004,30080.200000000004,30042.950000000004,30060.700000000004,28258
2026-06-17T01:00:00+00:00,30060.700000000004,30099.250000000007,30043.950000000004,30093.200000000004,29365
2026-06-17T01:30:00+00:00,30093.200000000004,30127.200000000004,30086.700000000004,30124.200000000004,21992
2026-06-17T02:00:00+00:00,30124.200000000004,30139.750000000007,30115.880000000005,30129.500000000007,17787
2026-06-17T02:30:00+00:00,30129.500000000007,30131.000000000007,30109.950000000004,30117.700000000004,18895
2026-06-17T03:00:00+00:00,30117.700000000004,30133.000000000007,30094.950000000004,30110.200000000004,19833
2026-06-17T03:30:00+00:00,30110.200000000004,30147.500000000007,30106.200000000004,30143.700000000004,19663
2026-06-17T04:00:00+00:00,30143.700000000004,30159.880000000005,30136.950000000004,30151.750000000007,13685
2026-06-17T04:30:00+00:00,30151.750000000007,30164.750000000007,30125.200000000004,30164.450000000004,18986
2026-06-17T05:00:00+00:00,30164.450000000004,30183.750000000007,30158.950000000004,30169.450000000004,17553
2026-06-17T05:30:00+00:00,30169.450000000004,30205.630000000005,30165.700000000004,30177.450000000004,17941
2026-06-17T06:00:00+00:00,30177.450000000004,30200.250000000007,30166.700000000004,30169.200000000004,25266
2026-06-17T06:30:00+00:00,30169.200000000004,30223.000000000007,30163.700000000004,30220.700000000004,16884
2026-06-17T07:00:00+00:00,30220.700000000004,30256.750000000007,30214.700000000004,30228.950000000004,24901
2026-06-17T07:30:00+00:00,30228.950000000004,30251.380000000005,30220.200000000004,30237.250000000007,21161
2026-06-17T08:00:00+00:00,30237.250000000007,30261.750000000007,30190.200000000004,30196.750000000007,34834
2026-06-17T08:30:00+00:00,30196.750000000007,30201.880000000005,30141.700000000004,30185.200000000004,36815
2026-06-17T09:00:00+00:00,30185.200000000004,30200.380000000005,30164.450000000004,30188.950000000004,26374
2026-06-17T09:30:00+00:00,30188.950000000004,30198.250000000007,30121.880000000005,30135.250000000007,29699
2026-06-17T10:00:00+00:00,30135.250000000007,30153.950000000004,30094.950000000004,30137.450000000004,30065
2026-06-17T10:30:00+00:00,30137.450000000004,30175.200000000004,30124.950000000004,30135.200000000004,24661
2026-06-17T11:00:00+00:00,30135.200000000004,30168.200000000004,30117.950000000004,30144.950000000004,30583
2026-06-17T11:30:00+00:00,30144.950000000004,30148.450000000004,30065.700000000004,30093.700000000004,36307
2026-06-17T12:00:00+00:00,30093.700000000004,30155.750000000007,30091.950000000004,30133.700000000004,33740
2026-06-17T12:30:00+00:00,30133.700000000004,30195.000000000007,30133.700000000004,30165.450000000004,35840
2026-06-17T13:00:00+00:00,30165.450000000004,30205.880000000005,30140.000000000007,30201.700000000004,43384
2026-06-17T13:30:00+00:00,30201.700000000004,30218.150000000005,30023.450000000004,30024.700000000004,238580
2026-06-17T14:00:00+00:00,30024.700000000004,30221.780000000006,29997.950000000004,30185.900000000005,193485
2026-06-17T14:30:00+00:00,30185.900000000005,30192.280000000006,29965.700000000004,30035.700000000004,194695
2026-06-17T15:00:00+00:00,30035.700000000004,30135.400000000005,30023.950000000004,30093.200000000004,143917
2026-06-17T15:30:00+00:00,30093.200000000004,30134.400000000005,30075.450000000004,30125.200000000004,70446
2026-06-17T16:00:00+00:00,30125.200000000004,30148.780000000006,30098.700000000004,30134.950000000004,31459
2026-06-17T16:30:00+00:00,30134.950000000004,30148.400000000005,30073.950000000004,30086.450000000004,31845
2026-06-17T17:00:00+00:00,30086.450000000004,30104.900000000005,29997.950000000004,30096.700000000004,40872
2026-06-17T17:30:00+00:00,30096.700000000004,30153.700000000004,30061.450000000004,30146.950000000004,36784
2026-06-17T18:00:00+00:00,30146.950000000004,30146.950000000004,29756.200000000004,29926.200000000004,127273
2026-06-17T18:30:00+00:00,29926.200000000004,30202.450000000004,29891.200000000004,29955.950000000004,115566
2026-06-17T19:00:00+00:00,29955.950000000004,30051.200000000004,29781.700000000004,29810.950000000004,160054
2026-06-17T19:30:00+00:00,29810.950000000004,29844.200000000004,29605.200000000004,29675.200000000004,170432
2026-06-17T20:00:00+00:00,29675.200000000004,29815.700000000004,29671.950000000004,29805.450000000004,36465
2026-06-17T20:30:00+00:00,29805.450000000004,29842.450000000004,29792.450000000004,29825.700000000004,12709
2026-06-17T22:00:00+00:00,29825.700000000004,29941.980000000007,29782.680000000008,29914.610000000008,34263
2026-06-17T22:30:00+00:00,29914.610000000008,29945.730000000007,29906.730000000007,29922.360000000008,17412
2026-06-17T23:00:00+00:00,29922.360000000008,29986.860000000008,29912.610000000008,29977.360000000008,18287
2026-06-17T23:30:00+00:00,29977.360000000008,30000.110000000008,29955.610000000008,30000.110000000008,20481
2026-06-18T00:00:00+00:00,30000.110000000008,30119.110000000008,29993.480000000007,30069.980000000007,53422
2026-06-18T00:30:00+00:00,30069.980000000007,30102.860000000008,30039.860000000008,30053.980000000007,44377
2026-06-18T01:00:00+00:00,30053.980000000007,30125.860000000008,30050.230000000007,30094.610000000008,46812
2026-06-18T01:30:00+00:00,30094.610000000008,30112.610000000008,30054.980000000007,30068.360000000008,43390
2026-06-18T02:00:00+00:00,30068.360000000008,30117.610000000008,30060.860000000008,30088.110000000008,35150
2026-06-18T02:30:00+00:00,30088.110000000008,30101.230000000007,30069.180000000008,30087.730000000007,25993
2026-06-18T03:00:00+00:00,30087.730000000007,30099.480000000007,30063.360000000008,30090.980000000007,24977
2026-06-18T03:30:00+00:00,30090.980000000007,30106.110000000008,30057.360000000008,30086.980000000007,27335
2026-06-18T04:00:00+00:00,30086.980000000007,30092.230000000007,30009.180000000008,30018.730000000007,29821
2026-06-18T04:30:00+00:00,30018.730000000007,30034.730000000007,29970.480000000007,30028.480000000007,32967
2026-06-18T05:00:00+00:00,30028.480000000007,30059.360000000008,30010.680000000008,30049.360000000008,30596
2026-06-18T05:30:00+00:00,30049.360000000008,30064.980000000007,30023.480000000007,30041.480000000007,33609
2026-06-18T06:00:00+00:00,30041.480000000007,30071.110000000008,30008.930000000008,30067.860000000008,45841
2026-06-18T06:30:00+00:00,30067.860000000008,30112.980000000007,30020.430000000008,30107.110000000008,29746
2026-06-18T07:00:00+00:00,30107.110000000008,30125.360000000008,30069.680000000008,30116.110000000008,36516
2026-06-18T07:30:00+00:00,30116.110000000008,30131.860000000008,30087.360000000008,30131.610000000008,31741
2026-06-18T08:00:00+00:00,30131.610000000008,30186.230000000007,30106.430000000008,30116.980000000007,37892
2026-06-18T08:30:00+00:00,30116.980000000007,30154.610000000008,30074.860000000008,30083.110000000008,35779
2026-06-18T09:00:00+00:00,30083.110000000008,30136.360000000008,30074.430000000008,30121.980000000007,32008
2026-06-18T09:30:00+00:00,30121.980000000007,30182.360000000008,30111.730000000007,30175.230000000007,24948
2026-06-18T10:00:00+00:00,30175.230000000007,30181.360000000008,30148.730000000007,30161.730000000007,27886
2026-06-18T10:30:00+00:00,30161.730000000007,30173.480000000007,30108.610000000008,30121.980000000007,28103
2026-06-18T11:00:00+00:00,30121.980000000007,30144.730000000007,30054.730000000007,30090.360000000008,51738
2026-06-18T11:30:00+00:00,30090.360000000008,30110.730000000007,30042.680000000008,30110.110000000008,47502
2026-06-18T12:00:00+00:00,30110.110000000008,30160.480000000007,30083.730000000007,30157.480000000007,49373
2026-06-18T12:30:00+00:00,30157.480000000007,30223.610000000008,30145.110000000008,30202.110000000008,47028
2026-06-18T13:00:00+00:00,30202.110000000008,30299.480000000007,30155.180000000008,30281.480000000007,68112
2026-06-18T13:30:00+00:00,30281.480000000007,30302.260000000006,30078.430000000008,30155.010000000006,322054
2026-06-18T14:00:00+00:00,30155.010000000006,30330.510000000006,30136.760000000006,30208.630000000005,243083
2026-06-18T14:30:00+00:00,30208.630000000005,30348.010000000006,30151.180000000008,30310.260000000006,208137
2026-06-18T15:00:00+00:00,30310.260000000006,30363.010000000006,30254.180000000008,30270.380000000005,176484
2026-06-18T15:30:00+00:00,30270.380000000005,30338.630000000005,30183.760000000006,30328.010000000006,160720
2026-06-18T16:00:00+00:00,30328.010000000006,30378.130000000005,30316.130000000005,30369.760000000006,107431
2026-06-18T16:30:00+00:00,30369.760000000006,30395.130000000005,30337.680000000008,30372.380000000005,82589
2026-06-18T17:00:00+00:00,30372.380000000005,30421.880000000005,30344.260000000006,30397.010000000006,67862
2026-06-18T17:30:00+00:00,30397.010000000006,30423.880000000005,30390.260000000006,30395.760000000006,57023
2026-06-18T18:00:00+00:00,30395.760000000006,30406.010000000006,30368.010000000006,30381.130000000005,66872
2026-06-18T18:30:00+00:00,30381.130000000005,30405.510000000006,30353.630000000005,30378.010000000006,63307
2026-06-18T19:00:00+00:00,30378.010000000006,30389.880000000005,30332.630000000005,30375.510000000006,82891
2026-06-18T19:30:00+00:00,30375.510000000006,30470.510000000006,30346.880000000005,30381.510000000006,121222
2026-06-18T20:00:00+00:00,30381.510000000006,30430.860000000008,30369.730000000007,30417.730000000007,39967
2026-06-18T20:30:00+00:00,30417.730000000007,30434.730000000007,30393.610000000008,30413.810000000005,15089
2026-06-18T22:00:00+00:00,30413.810000000005,30467.480000000007,30372.110000000008,30384.230000000007,24251
2026-06-18T22:30:00+00:00,30384.230000000007,30385.480000000007,30347.480000000007,30359.610000000008,15039
2026-06-18T23:00:00+00:00,30359.610000000008,30395.730000000007,30354.180000000008,30380.610000000008,14058
2026-06-18T23:30:00+00:00,30380.610000000008,30400.230000000007,30367.930000000008,30388.480000000007,19383
2026-06-19T00:00:00+00:00,30388.480000000007,30391.680000000008,30325.230000000007,30343.110000000008,49928
2026-06-19T00:30:00+00:00,30343.110000000008,30359.610000000008,30333.610000000008,30339.730000000007,29731
2026-06-19T01:00:00+00:00,30339.730000000007,30360.860000000008,30308.980000000007,30326.610000000008,26048
2026-06-19T01:30:00+00:00,30326.610000000008,30326.980000000007,30289.360000000008,30292.480000000007,18754
2026-06-19T02:00:00+00:00,30292.480000000007,30305.980000000007,30272.230000000007,30302.230000000007,18860
2026-06-19T02:30:00+00:00,30302.230000000007,30316.610000000008,30282.480000000007,30290.860000000008,15074
2026-06-19T03:00:00+00:00,30290.860000000008,30302.730000000007,30232.860000000008,30236.610000000008,24276
2026-06-19T03:30:00+00:00,30236.610000000008,30242.480000000007,30202.480000000007,30215.480000000007,35001
2026-06-19T04:00:00+00:00,30215.480000000007,30223.610000000008,30156.430000000008,30199.360000000008,35597
2026-06-19T04:30:00+00:00,30199.360000000008,30202.360000000008,30102.680000000008,30130.860000000008,35225
2026-06-19T05:00:00+00:00,30130.860000000008,30149.230000000007,30102.930000000008,30128.180000000008,34422
2026-06-19T05:30:00+00:00,30128.180000000008,30180.360000000008,30085.680000000008,30178.610000000008,33672
2026-06-19T06:00:00+00:00,30178.610000000008,30232.110000000008,30175.610000000008,30220.980000000007,26157
2026-06-19T06:30:00+00:00,30220.980000000007,30258.480000000007,30198.930000000008,30251.610000000008,19538
2026-06-19T07:00:00+00:00,30251.610000000008,30301.360000000008,30247.930000000008,30301.110000000008,17161
2026-06-19T07:30:00+00:00,30301.110000000008,30329.480000000007,30290.180000000008,30326.480000000007,17080
2026-06-19T08:00:00+00:00,30326.480000000007,30345.110000000008,30304.430000000008,30341.110000000008,18049
2026-06-19T08:30:00+00:00,30341.110000000008,30356.980000000007,30320.680000000008,30346.230000000007,14281
2026-06-19T09:00:00+00:00,30346.230000000007,30363.360000000008,30307.860000000008,30311.730000000007,18939
2026-06-19T09:30:00+00:00,30311.730000000007,30344.610000000008,30310.680000000008,30322.860000000008,19590
2026-06-19T10:00:00+00:00,30322.860000000008,30329.980000000007,30265.430000000008,30274.230000000007,21491
2026-06-19T10:30:00+00:00,30274.230000000007,30287.610000000008,30236.110000000008,30270.860000000008,26365
2026-06-19T11:00:00+00:00,30270.860000000008,30275.660000000007,30231.980000000007,30254.910000000007,21010.150702426567
2026-06-19T11:30:00+00:00,30254.910000000007,30296.660000000007,30253.160000000007,30286.660000000007,17745
2026-06-19T12:00:00+00:00,30286.660000000007,30289.910000000007,30257.910000000007,30259.030000000006,19159
2026-06-19T12:30:00+00:00,30259.030000000006,30365.280000000006,30221.730000000007,30348.530000000006,47507
2026-06-19T13:00:00+00:00,30348.530000000006,30359.910000000007,30322.410000000007,30341.530000000006,38504
2026-06-19T13:30:00+00:00,30341.530000000006,30390.680000000004,30327.980000000007,30377.810000000005,48135
2026-06-19T14:00:00+00:00,30377.810000000005,30380.560000000005,30344.560000000005,30364.930000000004,37025
2026-06-19T14:30:00+00:00,30364.930000000004,30394.060000000005,30353.430000000004,30386.430000000004,24990
2026-06-19T15:00:00+00:00,30386.430000000004,30400.680000000004,30376.060000000005,30393.310000000005,22744
2026-06-19T15:30:00+00:00,30393.310000000005,30396.560000000005,30349.560000000005,30380.180000000004,27750
2026-06-19T16:00:00+00:00,30380.180000000004,30381.930000000004,30354.930000000004,30379.310000000005,9274
2026-06-19T16:30:00+00:00,30379.310000000005,30398.060000000005,30336.480000000007,30341.480000000007,11643
2026-06-19T17:00:00+00:00,30341.480000000007,30343.280000000006,30312.15,30312.25,717.1915577292543
2026-06-19T17:30:00+00:00,30312.25,30314.850000000002,30312.150000000005,30313.85,221.2826973752474
2026-06-19T18:00:00+00:00,30313.85,30324.050000000003,30313.749999999996,30319.850000000002,155.61781828302747
2026-06-19T18:30:00+00:00,30322.050000000003,30324.95,30315.050000000003,30320.050000000003,200.2473445810356
2026-06-19T19:00:00+00:00,30320.15,30329.65,30320.15,30329.050000000003,160.07467541209218
2026-06-19T19:30:00+00:00,30329.050000000003,30329.450000000004,30299.15000000001,30315.15000000001,1962.1455958718093
2026-06-21T22:00:00+00:00,30342.800000000003,30342.800000000003,30171.31,30260.49,61776
2026-06-21T22:30:00+00:00,30260.49,30279.36,30206.74,30230.36,33184
2026-06-21T23:00:00+00:00,30230.36,30231.74,30129.56,30147.24,45461
2026-06-21T23:30:00+00:00,30147.24,30155.49,30045.11,30061.74,46396
2026-06-22T00:00:00+00:00,30061.74,30274.11,30055.11,30272.86,71606
2026-06-22T00:30:00+00:00,30272.86,30331.49,30257.61,30324.61,46951
2026-06-22T01:00:00+00:00,30324.61,30366.11,30320.99,30358.86,46271
2026-06-22T01:30:00+00:00,30358.86,30366.36,30311.36,30314.86,37058
2026-06-22T02:00:00+00:00,30314.86,30333.86,30296.24,30296.61,36149
2026-06-22T02:30:00+00:00,30296.61,30308.99,30284.99,30292.24,33244
2026-06-22T03:00:00+00:00,30292.24,30317.11,30255.99,30310.74,29496
2026-06-22T03:30:00+00:00,30310.74,30323.61,30253.11,30263.36,27207
2026-06-22T04:00:00+00:00,30263.36,30291.61,30250.99,30254.74,28774
2026-06-22T04:30:00+00:00,30254.74,30299.24,30231.86,30290.61,34312
2026-06-22T05:00:00+00:00,30290.61,30372.11,30279.11,30366.99,31417
2026-06-22T05:30:00+00:00,30366.99,30369.24,30336.74,30348.36,37741
2026-06-22T06:00:00+00:00,30348.36,30445.74,30345.11,30437.36,34068
2026-06-22T06:30:00+00:00,30437.36,30449.99,30412.24,30444.11,21748
2026-06-22T07:00:00+00:00,30444.11,30489.24,30441.11,30481.61,32680
2026-06-22T07:30:00+00:00,30481.61,30487.11,30452.81,30466.24,24186
2026-06-22T08:00:00+00:00,30466.24,30472.86,30394.49,30407.99,41612
2026-06-22T08:30:00+00:00,30407.99,30449.11,30399.99,30437.86,31214
2026-06-22T09:00:00+00:00,30437.86,30464.99,30417.74,30439.11,30483
2026-06-22T09:30:00+00:00,30439.11,30441.86,30406.24,30407.11,26169
2026-06-22T10:00:00+00:00,30407.11,30473.61,30406.36,30448.74,28124
2026-06-22T10:30:00+00:00,30448.74,30448.74,30410.49,30427.49,26001
2026-06-22T11:00:00+00:00,30427.49,30536.24,30418.81,30445.61,47443
2026-06-22T11:30:00+00:00,30445.61,30478.61,30434.99,30463.99,32718
2026-06-22T12:00:00+00:00,30463.99,30534.24,30459.74,30531.11,35955
2026-06-22T12:30:00+00:00,30531.11,30552.24,30504.24,30508.24,41867
2026-06-22T13:00:00+00:00,30508.24,30580.74,30508.24,30529.74,61150
2026-06-22T13:30:00+00:00,30529.74,30645.140000000003,30465.260000000002,30644.760000000002,322370
2026-06-22T14:00:00+00:00,30644.760000000002,30675.890000000003,30452.260000000002,30465.010000000002,238174
2026-06-22T14:30:00+00:00,30465.010000000002,30470.640000000003,30253.390000000003,30347.260000000002,283005
2026-06-22T15:00:00+00:00,30347.260000000002,30387.56,30291.440000000002,30305.190000000002,207104.63686601596
2026-06-22T15:30:00+00:00,30305.190000000002,30381.440000000002,30249.190000000002,30264.56,159250
2026-06-22T16:00:00+00:00,30264.56,30323.190000000002,30211.190000000002,30297.31,146823
2026-06-22T16:30:00+00:00,30297.31,30311.11,30230.440000000002,30297.31,116890
2026-06-22T17:00:00+00:00,30297.31,30319.36,30240.440000000002,30304.440000000002,89624
2026-06-22T17:30:00+00:00,30304.440000000002,30357.940000000002,30267.190000000002,30322.940000000002,81995
2026-06-22T18:00:00+00:00,30322.940000000002,30370.940000000002,30309.190000000002,30335.440000000002,71502
2026-06-22T18:30:00+00:00,30335.440000000002,30354.940000000002,30258.81,30266.440000000002,78232
2026-06-22T19:00:00+00:00,30266.440000000002,30304.56,30242.190000000002,30260.190000000002,88805
2026-06-22T19:30:00+00:00,30260.190000000002,30380.940000000002,30259.940000000002,30361.81,106414
2026-06-22T20:00:00+00:00,30361.81,30385.41,30346.91,30356.29,33376
2026-06-22T20:30:00+00:00,30356.29,30380.16,30355.04,30370.73,12513
2026-06-22T22:00:00+00:00,30370.73,30416.66,30351.86,30358.66,18184
2026-06-22T22:30:00+00:00,30358.66,30361.41,30284.11,30299.91,19724
2026-06-22T23:00:00+00:00,30299.91,30306.29,30263.16,30290.29,12247
2026-06-22T23:30:00+00:00,30290.29,30295.79,30258.36,30292.79,15402
2026-06-23T00:00:00+00:00,30292.79,30319.79,30178.36,30212.29,44402
2026-06-23T00:30:00+00:00,30212.29,30352.91,30199.66,30318.79,51202
2026-06-23T01:00:00+00:00,30318.79,30333.79,30268.16,30283.16,56764
2026-06-23T01:30:00+00:00,30283.16,30290.41,30124.29,30177.66,64496
2026-06-23T02:00:00+00:00,30177.66,30191.41,30119.04,30173.04,59564
2026-06-23T02:30:00+00:00,30173.04,30175.41,30107.11,30122.54,45318
2026-06-23T03:00:00+00:00,30122.54,30130.41,30068.16,30083.91,43622
2026-06-23T03:30:00+00:00,30083.91,30119.66,30018.91,30117.66,51091
2026-06-23T04:00:00+00:00,30117.66,30132.54,30023.61,30048.16,38162
2026-06-23T04:30:00+00:00,30048.16,30048.16,29948.79,29959.41,39745
2026-06-23T05:00:00+00:00,29959.41,29986.04,29898.66,29904.29,50816
2026-06-23T05:30:00+00:00,29904.29,29907.16,29810.29,29825.91,53233
2026-06-23T06:00:00+00:00,29825.91,29851.16,29721.79,29739.29,65512
2026-06-23T06:30:00+00:00,29739.29,29771.91,29668.04,29686.66,52622
2026-06-23T07:00:00+00:00,29686.66,29771.41,29661.61,29727.41,57948
2026-06-23T07:30:00+00:00,29727.41,29727.54,29606.66,29625.41,56586
2026-06-23T08:00:00+00:00,29625.41,29636.41,29494.16,29517.41,75955
2026-06-23T08:30:00+00:00,29517.41,29595.41,29497.29,29545.91,60752
2026-06-23T09:00:00+00:00,29545.91,29651.04,29541.54,29634.54,48590
2026-06-23T09:30:00+00:00,29634.54,29636.29,29575.04,29604.16,45999
2026-06-23T10:00:00+00:00,29604.16,29634.16,29533.36,29542.29,41665
2026-06-23T10:30:00+00:00,29542.29,29543.66,29470.04,29534.79,48066
2026-06-23T11:00:00+00:00,29534.79,29586.29,29505.41,29530.54,60109
2026-06-23T11:30:00+00:00,29530.54,29601.54,29519.54,29590.41,52767
2026-06-23T12:00:00+00:00,29590.41,29618.29,29462.29,29493.29,54402
2026-06-23T12:30:00+00:00,29493.29,29509.16,29424.86,29452.29,60128
2026-06-23T13:00:00+00:00,29452.29,29472.41,29393.66,29436.79,78782
2026-06-23T13:30:00+00:00,29436.79,29652.190000000002,29334.690000000002,29644.690000000002,376395
2026-06-23T14:00:00+00:00,29644.690000000002,29764.940000000002,29639.56,29701.06,278937
2026-06-23T14:30:00+00:00,29701.06,29715.81,29531.06,29572.56,255738
2026-06-23T15:00:00+00:00,29572.56,29603.940000000002,29428.690000000002,29444.81,212089
2026-06-23T15:30:00+00:00,29444.81,29539.31,29413.690000000002,29515.81,173280
2026-06-23T16:00:00+00:00,29515.81,29633.56,29508.31,29594.940000000002,137879
2026-06-23T16:30:00+00:00,29594.940000000002,29624.690000000002,29549.31,29581.56,120433
2026-06-23T17:00:00+00:00,29581.56,29609.940000000002,29510.06,29584.06,120467
2026-06-23T17:30:00+00:00,29584.06,29614.190000000002,29450.06,29450.56,107137
2026-06-23T18:00:00+00:00,29450.56,29500.690000000002,29427.56,29452.690000000002,101226
2026-06-23T18:30:00+00:00,29452.690000000002,29459.81,29295.31,29347.190000000002,109586
2026-06-23T19:00:00+00:00,29347.190000000002,29471.06,29330.440000000002,29429.440000000002,164439
2026-06-23T19:30:00+00:00,29429.440000000002,29462.690000000002,29360.940000000002,29362.940000000002,176237
2026-06-23T20:00:00+00:00,29362.940000000002,29461.54,29350.54,29452.66,39200
2026-06-23T20:30:00+00:00,29452.66,29474.66,29433.66,29468.61,18020
2026-06-23T22:00:00+00:00,29468.61,29530.36,29428.36,29432.74,28297
2026-06-23T22:30:00+00:00,29432.74,29454.99,29359.61,29406.36,29874
2026-06-23T23:00:00+00:00,29406.36,29420.74,29313.06,29408.49,30485
2026-06-23T23:30:00+00:00,29408.49,29491.61,29347.99,29475.11,40058
2026-06-24T00:00:00+00:00,29475.11,29585.24,29463.74,29575.36,74736
2026-06-24T00:30:00+00:00,29575.36,29618.61,29542.11,29573.11,58876
2026-06-24T01:00:00+00:00,29573.11,29579.74,29488.81,29543.11,67058
2026-06-24T01:30:00+00:00,29543.11,29578.61,29532.56,29553.49,56615
2026-06-24T02:00:00+00:00,29553.49,29565.49,29489.86,29523.24,43045
2026-06-24T02:30:00+00:00,29523.24,29537.49,29363.24,29364.99,46151
2026-06-24T03:00:00+00:00,29364.99,29477.49,29343.11,29475.99,51913
2026-06-24T03:30:00+00:00,29475.99,29506.24,29437.49,29472.99,47165
2026-06-24T04:00:00+00:00,29472.99,29477.11,29381.61,29395.61,40392
2026-06-24T04:30:00+00:00,29395.61,29517.99,29394.99,29512.24,47301
2026-06-24T05:00:00+00:00,29512.24,29589.49,29506.74,29562.61,47973
2026-06-24T05:30:00+00:00,29562.61,29611.24,29540.11,29547.11,39534
2026-06-24T06:00:00+00:00,29547.11,29579.61,29524.06,29542.99,44130
2026-06-24T06:30:00+00:00,29542.99,29592.49,29538.49,29549.86,26621
2026-06-24T07:00:00+00:00,29549.86,29568.36,29512.36,29520.74,43622
2026-06-24T07:30:00+00:00,29520.74,29563.36,29490.61,29497.61,38774
2026-06-24T08:00:00+00:00,29497.61,29591.11,29490.49,29565.49,47550
2026-06-24T08:30:00+00:00,29565.49,29593.99,29530.99,29546.36,35069
2026-06-24T09:00:00+00:00,29546.36,29570.99,29520.56,29534.49,36550
2026-06-24T09:30:00+00:00,29534.49,29541.74,29481.49,29536.11,35026
2026-06-24T10:00:00+00:00,29536.11,29548.36,29501.81,29544.11,29169
2026-06-24T10:30:00+00:00,29544.11,29578.99,29515.56,29520.99,27521
2026-06-24T11:00:00+00:00,29520.99,29552.24,29461.81,29481.74,37769
2026-06-24T11:30:00+00:00,29481.74,29592.49,29478.99,29588.61,44083
2026-06-24T12:00:00+00:00,29588.61,29599.86,29550.49,29579.11,46206
2026-06-24T12:30:00+00:00,29579.11,29592.36,29479.61,29490.74,41719
2026-06-24T13:00:00+00:00,29490.74,29518.11,29419.61,29438.99,77394
2026-06-24T13:30:00+00:00,29438.99,29568.760000000002,29290.06,29411.81,331907
2026-06-24T14:00:00+00:00,29411.81,29459.010000000002,29252.81,29433.64,265086
2026-06-24T14:30:00+00:00,29433.64,29620.510000000002,29431.14,29618.260000000002,208240
2026-06-24T15:00:00+00:00,29618.260000000002,29634.64,29431.760000000002,29528.14,194566
2026-06-24T15:30:00+00:00,29528.14,29555.89,29427.64,29483.510000000002,169668
2026-06-24T16:00:00+00:00,29483.510000000002,29532.14,29456.56,29480.760000000002,145758
2026-06-24T16:30:00+00:00,29480.760000000002,29482.14,29323.260000000002,29333.760000000002,149146
2026-06-24T17:00:00+00:00,29333.760000000002,29388.64,29130.64,29138.510000000002,164018
2026-06-24T17:30:00+00:00,29138.510000000002,29193.010000000002,29092.64,29116.14,197577
2026-06-24T18:00:00+00:00,29116.14,29290.64,29104.510000000002,29267.14,175772
2026-06-24T18:30:00+00:00,29267.14,29283.510000000002,29052.14,29072.760000000002,163906
2026-06-24T19:00:00+00:00,29072.760000000002,29141.260000000002,28991.89,29111.89,177453
2026-06-24T19:30:00+00:00,29111.89,29256.39,29084.510000000002,29241.14,185887
2026-06-24T20:00:00+00:00,29241.14,29756.74,29213.06,29737.11,97927
2026-06-24T20:30:00+00:00,29737.11,29884.36,29693.61,29823.190000000002,56574
2026-06-24T22:00:00+00:00,29823.190000000002,29904.99,29790.06,29794.86,35603
2026-06-24T22:30:00+00:00,29794.86,29817.36,29783.99,29788.86,23415
2026-06-24T23:00:00+00:00,29788.86,29833.49,29784.74,29814.36,18991
2026-06-24T23:30:00+00:00,29814.36,29872.74,29812.74,29833.36,26661
2026-06-25T00:00:00+00:00,29833.36,29839.61,29763.61,29773.49,50714
2026-06-25T00:30:00+00:00,29773.49,29778.61,29673.74,29703.86,50942
2026-06-25T01:00:00+00:00,29703.86,29732.86,29687.86,29702.24,55731
2026-06-25T01:30:00+00:00,29702.24,29768.36,29697.36,29735.24,47580
2026-06-25T02:00:00+00:00,29735.24,29757.61,29662.11,29722.49,41087
2026-06-25T02:30:00+00:00,29722.49,29739.49,29702.86,29735.36,29248
2026-06-25T03:00:00+00:00,29735.36,29775.74,29718.31,29762.11,31416
2026-06-25T03:30:00+00:00,29762.11,29781.74,29735.81,29770.86,25726
2026-06-25T04:00:00+00:00,29770.86,29781.49,29749.49,29756.49,22059
2026-06-25T04:30:00+00:00,29756.49,29800.49,29735.36,29777.61,23558
2026-06-25T05:00:00+00:00,29777.61,29834.61,29776.61,29830.61,24443
2026-06-25T05:30:00+00:00,29830.61,29858.49,29820.11,29825.99,27658
2026-06-25T06:00:00+00:00,29825.99,29868.49,29814.81,29848.11,26875
2026-06-25T06:30:00+00:00,29848.11,29857.36,29835.61,29842.74,22062
2026-06-25T07:00:00+00:00,29842.74,29923.61,29842.74,29908.74,30048
2026-06-25T07:30:00+00:00,29908.74,29918.74,29886.49,29917.49,24023
2026-06-25T08:00:00+00:00,29917.49,29955.11,29894.74,29906.74,33430
2026-06-25T08:30:00+00:00,29906.74,29920.86,29847.74,29857.49,25146
2026-06-25T09:00:00+00:00,29857.49,29888.61,29850.36,29874.74,24370
2026-06-25T09:30:00+00:00,29874.74,29894.74,29866.24,29869.24,20893
2026-06-25T10:00:00+00:00,29869.24,29906.24,29861.74,29900.99,22492
2026-06-25T10:30:00+00:00,29900.99,29922.49,29876.86,29896.74,23072
2026-06-25T11:00:00+00:00,29896.74,29930.24,29845.74,29853.86,33688
2026-06-25T11:30:00+00:00,29853.86,29888.74,29836.36,29868.11,35991
2026-06-25T12:00:00+00:00,29868.11,29918.61,29854.11,29868.56,32521
2026-06-25T12:30:00+00:00,29868.56,29999.06,29862.81,29938.99,62062
2026-06-25T13:00:00+00:00,29938.99,29951.99,29867.81,29889.24,53716
2026-06-25T13:30:00+00:00,29889.24,29930.510000000002,29033.56,29053.06,395190
2026-06-25T14:00:00+00:00,29053.06,29427.14,29044.06,29324.64,356286
2026-06-25T14:30:00+00:00,29324.64,29513.64,29299.760000000002,29371.760000000002,279155
2026-06-25T15:00:00+00:00,29371.760000000002,29483.310000000005,29199.930000000008,29350.930000000008,240331.671430112
2026-06-25T15:30:00+00:00,29350.930000000008,29499.560000000005,29342.730000000007,29396.930000000008,178901
2026-06-25T16:00:00+00:00,29396.930000000008,29608.930000000008,29380.810000000005,29501.060000000005,176080
2026-06-25T16:30:00+00:00,29501.060000000005,29505.810000000005,29323.680000000008,29419.060000000005,164329
2026-06-25T17:00:00+00:00,29419.060000000005,29548.310000000005,29409.430000000008,29502.810000000005,137329
2026-06-25T17:30:00+00:00,29502.810000000005,29540.560000000005,29418.180000000008,29531.430000000008,141128
2026-06-25T18:00:00+00:00,29531.430000000008,29628.430000000008,29416.480000000007,29614.930000000008,171930
2026-06-25T18:30:00+00:00,29614.930000000008,29615.430000000008,29440.680000000008,29510.680000000008,134232
2026-06-25T19:00:00+00:00,29510.680000000008,29514.430000000008,29363.680000000008,29419.680000000008,143159
2026-06-25T19:30:00+00:00,29419.680000000008,29488.560000000005,29353.180000000008,29487.180000000008,165414
2026-06-25T20:00:00+00:00,29487.180000000008,29659.410000000007,29485.030000000006,29556.660000000007,58796
2026-06-25T20:30:00+00:00,29556.660000000007,29560.530000000006,29487.410000000007,29497.100000000006,16481
2026-06-25T22:00:00+00:00,29497.100000000006,29507.500000000007,29360.570000000007,29363.370000000006,26915
2026-06-25T22:30:00+00:00,29363.370000000006,29433.750000000007,29352.500000000007,29425.120000000006,20588
2026-06-25T23:00:00+00:00,29425.120000000006,29639.500000000007,29415.500000000007,29613.320000000007,26698
2026-06-25T23:30:00+00:00,29613.320000000007,29625.370000000006,29413.070000000007,29452.620000000006,28164
2026-06-26T00:00:00+00:00,29452.620000000006,29518.500000000007,29397.250000000007,29455.500000000007,74794
2026-06-26T00:30:00+00:00,29455.500000000007,29460.620000000006,29362.570000000007,29383.250000000007,68444
2026-06-26T01:00:00+00:00,29383.250000000007,29422.870000000006,29312.250000000007,29358.570000000007,54935
2026-06-26T01:30:00+00:00,29358.570000000007,29366.870000000006,29208.750000000007,29238.820000000007,44288
2026-06-26T02:00:00+00:00,29238.820000000007,29251.870000000006,29140.820000000007,29162.750000000007,38649
2026-06-26T02:30:00+00:00,29162.750000000007,29178.120000000006,28977.320000000007,29011.320000000007,40115
2026-06-26T03:00:00+00:00,29011.320000000007,29015.870000000006,28962.320000000007,28995.070000000007,37133
2026-06-26T03:30:00+00:00,28995.070000000007,29115.870000000006,28907.570000000007,29112.500000000007,45382
2026-06-26T04:00:00+00:00,29112.500000000007,29132.120000000006,29024.320000000007,29069.820000000007,38129
2026-06-26T04:30:00+00:00,29069.820000000007,29092.570000000007,28999.070000000007,29016.870000000006,32592
2026-06-26T05:00:00+00:00,29016.870000000006,29127.750000000007,29002.500000000007,29115.870000000006,35026
2026-06-26T05:30:00+00:00,29115.870000000006,29156.120000000006,29046.870000000006,29072.120000000006,33600
2026-06-26T06:00:00+00:00,29072.120000000006,29145.000000000007,29036.120000000006,29140.620000000006,40312
2026-06-26T06:30:00+00:00,29140.620000000006,29282.250000000007,29126.570000000007,29249.570000000007,29844
2026-06-26T07:00:00+00:00,29249.570000000007,29284.620000000006,29182.120000000006,29283.320000000007,34463
2026-06-26T07:30:00+00:00,29283.320000000007,29309.370000000006,29242.320000000007,29273.370000000006,25866
2026-06-26T08:00:00+00:00,29273.370000000006,29303.870000000006,29204.070000000007,29249.570000000007,36127
2026-06-26T08:30:00+00:00,29249.570000000007,29251.370000000006,29110.500000000007,29145.320000000007,30277
2026-06-26T09:00:00+00:00,29145.320000000007,29158.500000000007,29091.250000000007,29124.870000000006,31189
2026-06-26T09:30:00+00:00,29124.870000000006,29191.000000000007,29101.750000000007,29117.500000000007,27063
2026-06-26T10:00:00+00:00,29117.500000000007,29146.000000000007,29064.570000000007,29119.570000000007,24633
2026-06-26T10:30:00+00:00,29119.570000000007,29133.620000000006,29087.320000000007,29107.820000000007,25805
2026-06-26T11:00:00+00:00,29107.820000000007,29172.120000000006,29097.570000000007,29116.620000000006,31339
2026-06-26T11:30:00+00:00,29116.620000000006,29144.500000000007,29051.370000000006,29097.120000000006,32141
2026-06-26T12:00:00+00:00,29097.120000000006,29196.370000000006,29083.320000000007,29141.570000000007,38984
2026-06-26T12:30:00+00:00,29141.570000000007,29152.250000000007,29044.750000000007,29062.250000000007,39700
2026-06-26T13:00:00+00:00,29062.250000000007,29111.320000000007,28958.250000000007,29108.120000000006,66341
2026-06-26T13:30:00+00:00,29108.120000000006,29210.770000000008,28928.820000000007,29187.320000000007,321693
2026-06-26T14:00:00+00:00,29187.320000000007,29410.900000000005,29165.070000000007,29339.900000000005,239746
2026-06-26T14:30:00+00:00,29339.900000000005,29364.400000000005,29202.900000000005,29248.900000000005,203451
2026-06-26T15:00:00+00:00,29248.900000000005,29340.270000000008,29156.070000000007,29339.150000000005,195972
2026-06-26T15:30:00+00:00,29339.150000000005,29463.020000000008,29278.150000000005,29367.020000000008,168999
2026-06-26T16:00:00+00:00,29367.020000000008,29373.770000000008,29241.070000000007,29304.400000000005,146847
2026-06-26T16:30:00+00:00,29304.400000000005,29391.770000000008,29304.400000000005,29358.770000000008,119058
2026-06-26T17:00:00+00:00,29358.770000000008,29447.400000000005,29322.650000000005,29381.020000000008,107433
2026-06-26T17:30:00+00:00,29381.020000000008,29423.270000000008,29283.07000000001,29292.190000000013,114842.750749393
2026-06-26T18:00:00+00:00,29292.190000000013,29329.57000000001,29204.240000000013,29209.82000000001,111353
2026-06-26T18:30:00+00:00,29209.82000000001,29259.940000000013,29136.690000000013,29163.32000000001,103314
2026-06-26T19:00:00+00:00,29163.32000000001,29252.57000000001,29143.07000000001,29199.32000000001,129200
2026-06-26T19:30:00+00:00,29199.32000000001,29316.940000000013,29031.990000000013,29046.990000000013,168319
2026-06-26T20:00:00+00:00,29046.990000000013,29157.240000000013,29013.740000000013,29088.280000000002,66780
2026-06-26T20:30:00+00:00,29088.280000000002,29094.780000000002,29003.65,29017.980000000003,25225
2026-06-28T22:00:00+00:00,29017.980000000003,29356.600000000002,29017.980000000003,29324.600000000002,39622
2026-06-28T22:30:00+00:00,29324.600000000002,29363.100000000002,29322.850000000002,29325.780000000002,21035
2026-06-28T23:00:00+00:00,29325.780000000002,29433.4,29316.100000000002,29415.350000000002,26410
2026-06-28T23:30:00+00:00,29415.350000000002,29449.9,29379.850000000002,29386.4,24068
2026-06-29T00:00:00+00:00,29386.4,29388.780000000002,29142.280000000002,29145.65,75022
2026-06-29T00:30:00+00:00,29145.65,29271.530000000002,29130.530000000002,29259.780000000002,62634
2026-06-29T01:00:00+00:00,29259.780000000002,29288.9,29200.030000000002,29207.530000000002,61000
2026-06-29T01:30:00+00:00,29207.530000000002,29325.030000000002,29187.600000000002,29282.850000000002,65829
2026-06-29T02:00:00+00:00,29282.850000000002,29298.4,29155.600000000002,29291.65,52563
2026-06-29T02:30:00+00:00,29291.65,29311.15,29269.530000000002,29289.600000000002,36561
2026-06-29T03:00:00+00:00,29289.600000000002,29345.65,29289.600000000002,29322.4,30670
2026-06-29T03:30:00+00:00,29322.4,29371.9,29248.530000000002,29359.780000000002,39349
2026-06-29T04:00:00+00:00,29359.780000000002,29360.780000000002,29290.350000000002,29306.9,30822
2026-06-29T04:30:00+00:00,29306.9,29320.9,29271.850000000002,29285.100000000002,32991
2026-06-29T05:00:00+00:00,29285.100000000002,29324.4,29258.100000000002,29300.15,42599
2026-06-29T05:30:00+00:00,29300.15,29438.4,29290.600000000002,29435.600000000002,39842
2026-06-29T06:00:00+00:00,29435.600000000002,29442.4,29357.350000000002,29416.530000000002,36007
2026-06-29T06:30:00+00:00,29416.530000000002,29450.780000000002,29383.600000000002,29397.280000000002,26004
2026-06-29T07:00:00+00:00,29397.280000000002,29421.65,29342.850000000002,29410.100000000002,36299
2026-06-29T07:30:00+00:00,29410.100000000002,29462.530000000002,29394.100000000002,29429.350000000002,30708
2026-06-29T08:00:00+00:00,29429.350000000002,29498.15,29421.600000000002,29460.350000000002,38733
2026-06-29T08:30:00+00:00,29460.350000000002,29488.15,29419.850000000002,29425.780000000002,29473
2026-06-29T09:00:00+00:00,29425.780000000002,29454.530000000002,29407.350000000002,29444.9,27082
2026-06-29T09:30:00+00:00,29444.9,29453.9,29386.600000000002,29431.280000000002,26036
2026-06-29T10:00:00+00:00,29431.280000000002,29489.530000000002,29429.850000000002,29483.9,24342
2026-06-29T10:30:00+00:00,29483.9,29512.530000000002,29463.600000000002,29508.15,23940
2026-06-29T11:00:00+00:00,29508.15,29524.030000000002,29450.65,29477.9,30404
2026-06-29T11:30:00+00:00,29477.9,29525.65,29463.850000000002,29471.280000000002,34186
2026-06-29T12:00:00+00:00,29471.280000000002,29505.780000000002,29458.780000000002,29483.280000000002,34783
2026-06-29T12:30:00+00:00,29483.280000000002,29497.780000000002,29417.030000000002,29471.4,37498
2026-06-29T13:00:00+00:00,29471.4,29500.030000000002,29395.100000000002,29410.530000000002,41860
2026-06-29T13:30:00+00:00,29410.530000000002,29605.550000000003,29324.300000000003,29385.300000000003,320426
2026-06-29T14:00:00+00:00,29385.300000000003,29398.550000000003,29041.43,29312.18,330371
2026-06-29T14:30:00+00:00,29312.18,29483.68,29264.850000000002,29481.050000000003,261117
2026-06-29T15:00:00+00:00,29481.050000000003,29541.800000000003,29426.68,29537.18,210678
2026-06-29T15:30:00+00:00,29537.18,29614.300000000003,29501.93,29606.300000000003,126609
2026-06-29T16:00:00+00:00,29606.300000000003,29674.68,29601.43,29637.93,92829
2026-06-29T16:30:00+00:00,29637.93,29699.68,29610.300000000003,29682.800000000003,78733
2026-06-29T17:00:00+00:00,29682.800000000003,29781.43,29682.800000000003,29778.43,64843
2026-06-29T17:30:00+00:00,29778.43,29804.93,29754.050000000003,29770.550000000003,54313
2026-06-29T18:00:00+00:00,29770.550000000003,29791.43,29753.800000000003,29759.300000000003,55205
2026-06-29T18:30:00+00:00,29759.300000000003,29835.93,29755.68,29799.550000000003,53659
2026-06-29T19:00:00+00:00,29799.550000000003,29825.550000000003,29764.43,29792.93,65051
2026-06-29T19:30:00+00:00,29792.93,29835.550000000003,29740.68,29813.93,81142
2026-06-29T20:00:00+00:00,29813.93,29815.780000000002,29762.9,29787.4,30928
2026-06-29T20:30:00+00:00,29787.4,29788.4,29758.4,29761.730000000003,13313
2026-06-29T22:00:00+00:00,29761.730000000003,29811.06,29746.63,29785.68,21351
2026-06-29T22:30:00+00:00,29785.68,29804.06,29767.31,29787.68,13357
2026-06-29T23:00:00+00:00,29787.68,29821.06,29781.43,29811.81,12134
2026-06-29T23:30:00+00:00,29811.81,29830.18,29793.56,29815.43,17106
2026-06-30T00:00:00+00:00,29815.43,29861.68,29762.68,29772.81,56774
2026-06-30T00:30:00+00:00,29772.81,29790.31,29711.31,29785.56,58447
2026-06-30T01:00:00+00:00,29785.56,29841.43,29726.81,29840.43,54992
2026-06-30T01:30:00+00:00,29840.43,29855.18,29789.56,29829.68,42811
2026-06-30T02:00:00+00:00,29829.68,29832.18,29753.56,29804.68,34427
2026-06-30T02:30:00+00:00,29804.68,29827.56,29792.18,29795.93,29234
2026-06-30T03:00:00+00:00,29795.93,29841.18,29787.18,29837.18,25714
2026-06-30T03:30:00+00:00,29837.18,29905.81,29832.18,29871.93,27049
2026-06-30T04:00:00+00:00,29871.93,29945.68,29870.43,29945.43,23078
2026-06-30T04:30:00+00:00,29945.43,29984.43,29937.68,29961.93,22890
2026-06-30T05:00:00+00:00,29961.93,29992.18,29931.18,29936.68,28085
2026-06-30T05:30:00+00:00,29936.68,29946.06,29892.31,29942.68,32252
2026-06-30T06:00:00+00:00,29942.68,29948.56,29894.06,29919.81,30345
2026-06-30T06:30:00+00:00,29919.81,29924.18,29874.31,29908.93,24620
2026-06-30T07:00:00+00:00,29908.93,29926.06,29882.93,29893.06,33058
2026-06-30T07:30:00+00:00,29893.06,29906.68,29844.38,29857.43,28684
2026-06-30T08:00:00+00:00,29857.43,29903.31,29842.56,29900.18,36798
2026-06-30T08:30:00+00:00,29900.18,29910.31,29794.63,29845.68,34717
2026-06-30T09:00:00+00:00,29845.68,29863.06,29833.81,29834.93,27341
2026-06-30T09:30:00+00:00,29834.93,29869.43,29810.31,29858.06,28335
2026-06-30T10:00:00+00:00,29858.06,29893.81,29843.93,29891.06,24509
2026-06-30T10:30:00+00:00,29891.06,29927.31,29862.18,29915.81,20802
2026-06-30T11:00:00+00:00,29915.81,29945.31,29890.31,29909.81,33251
2026-06-30T11:30:00+00:00,29909.81,29950.93,29895.81,29913.68,31868
2026-06-30T12:00:00+00:00,29913.68,29918.56,29812.43,29814.56,47831
2026-06-30T12:30:00+00:00,29814.56,29835.06,29780.06,29788.81,49797
2026-06-30T13:00:00+00:00,29788.81,29827.81,29772.43,29823.18,55628
2026-06-30T13:30:00+00:00,29823.18,30142.210000000003,29809.38,30140.38,274447
2026-06-30T14:00:00+00:00,30140.38,30200.460000000003,30050.83,30186.33,220308
2026-06-30T14:30:00+00:00,30186.33,30217.83,30058.710000000003,30081.08,165158
2026-06-30T15:00:00+00:00,30081.08,30192.08,30075.83,30186.710000000003,125510
2026-06-30T15:30:00+00:00,30186.710000000003,30257.83,30169.960000000003,30236.210000000003,66503
2026-06-30T16:00:00+00:00,30236.210000000003,30284.83,30229.08,30270.710000000003,53941
2026-06-30T16:30:00+00:00,30270.710000000003,30322.58,30253.710000000003,30303.960000000003,50178
2026-06-30T17:00:00+00:00,30303.960000000003,30338.710000000003,30300.83,30306.08,45126
2026-06-30T17:30:00+00:00,30306.08,30321.58,30291.960000000003,30300.710000000003,48471
2026-06-30T18:00:00+00:00,30300.710000000003,30324.460000000003,30274.960000000003,30309.83,52691
2026-06-30T18:30:00+00:00,30309.83,30351.33,30299.08,30330.210000000003,45520
2026-06-30T19:00:00+00:00,30330.210000000003,30375.710000000003,30327.960000000003,30351.33,50945
2026-06-30T19:30:00+00:00,30351.33,30370.210000000003,30286.58,30292.88,92066
2026-06-30T20:00:00+00:00,30292.88,30319.06,30269.93,30279.81,45073
2026-06-30T20:30:00+00:00,30279.81,30286.31,30260.31,30276.63,12650
2026-06-30T22:00:00+00:00,30276.63,30321.58,30272.530000000002,30318.58,18124
2026-06-30T22:30:00+00:00,30318.58,30318.58,30283.58,30296.210000000003,11505
2026-06-30T23:00:00+00:00,30296.210000000003,30325.210000000003,30295.460000000003,30311.58,11230
2026-06-30T23:30:00+00:00,30311.58,30328.710000000003,30302.210000000003,30319.08,17963
2026-07-01T00:00:00+00:00,30319.08,30339.08,30293.33,30322.210000000003,39987
2026-07-01T00:30:00+00:00,30322.210000000003,30334.710000000003,30309.210000000003,30309.460000000003,25898
2026-07-01T01:00:00+00:00,30309.460000000003,30315.58,30252.33,30271.83,44249
2026-07-01T01:30:00+00:00,30271.83,30289.33,30237.58,30238.83,36042
2026-07-01T02:00:00+00:00,30238.83,30241.710000000003,30152.960000000003,30207.58,38343
2026-07-01T02:30:00+00:00,30207.58,30231.710000000003,30194.33,30223.710000000003,24295
2026-07-01T03:00:00+00:00,30223.710000000003,30251.960000000003,30215.460000000003,30223.710000000003,21553
2026-07-01T03:30:00+00:00,30223.710000000003,30263.210000000003,30216.960000000003,30252.58,22983
2026-07-01T04:00:00+00:00,30252.58,30253.83,30214.960000000003,30237.58,21336
2026-07-01T04:30:00+00:00,30237.58,30260.460000000003,30219.210000000003,30229.83,18724
2026-07-01T05:00:00+00:00,30229.83,30248.960000000003,30215.08,30222.33,21882
2026-07-01T05:30:00+00:00,30222.33,30238.210000000003,30208.33,30215.33,26125
2026-07-01T06:00:00+00:00,30215.33,30229.83,30150.33,30181.33,26310
2026-07-01T06:30:00+00:00,30181.33,30205.460000000003,30166.33,30177.33,23747
2026-07-01T07:00:00+00:00,30177.33,30181.08,30085.08,30135.33,36879
2026-07-01T07:30:00+00:00,30135.33,30169.58,30130.210000000003,30159.960000000003,22812
2026-07-01T08:00:00+00:00,30159.960000000003,30162.460000000003,30108.280000000002,30117.83,32761
2026-07-01T08:30:00+00:00,30117.83,30164.210000000003,30103.710000000003,30163.08,28760
2026-07-01T09:00:00+00:00,30163.08,30163.58,30124.33,30138.710000000003,27706
2026-07-01T09:30:00+00:00,30138.710000000003,30171.710000000003,30132.710000000003,30169.960000000003,21155
2026-07-01T10:00:00+00:00,30169.960000000003,30182.08,30137.58,30180.83,21563
2026-07-01T10:30:00+00:00,30180.83,30200.08,30149.780000000002,30193.33,17856
2026-07-01T11:00:00+00:00,30193.33,30221.33,30182.33,30185.460000000003,26977
2026-07-01T11:30:00+00:00,30185.460000000003,30188.08,30140.710000000003,30148.33,30498
2026-07-01T12:00:00+00:00,30148.33,30173.58,30118.08,30154.960000000003,36830
2026-07-01T12:30:00+00:00,30154.960000000003,30180.460000000003,30019.33,30052.58,90168
2026-07-01T13:00:00+00:00,30052.58,30099.960000000003,29998.58,30022.460000000003,93656
2026-07-01T13:30:00+00:00,30022.460000000003,30068.530000000002,29873.980000000003,30066.030000000002,438306
2026-07-01T14:00:00+00:00,30066.030000000002,30113.36,30030.86,30070.61,223370
2026-07-01T14:30:00+00:00,30070.61,30075.730000000003,29923.230000000003,29978.980000000003,200287
2026-07-01T15:00:00+00:00,29978.980000000003,30131.980000000003,29972.480000000003,30128.86,146642
2026-07-01T15:30:00+00:00,30128.86,30141.230000000003,30014.11,30040.86,121826
2026-07-01T16:00:00+00:00,30040.86,30067.36,30004.11,30030.980000000003,104325
2026-07-01T16:30:00+00:00,30030.980000000003,30048.86,29959.280000000002,29975.86,84799
2026-07-01T17:00:00+00:00,29975.86,30026.730000000003,29938.780000000002,29995.86,88246
2026-07-01T17:30:00+00:00,29995.86,30009.230000000003,29943.480000000003,29949.480000000003,70959
2026-07-01T18:00:00+00:00,29949.480000000003,29976.61,29924.61,29945.739999999998,68787.57859327662
2026-07-01T18:30:00+00:00,29945.739999999998,29961.489999999998,29885.739999999998,29919.239999999998,62726
2026-07-01T19:00:00+00:00,29919.239999999998,30002.239999999998,29913.61,29976.239999999998,81361
2026-07-01T19:30:00+00:00,29976.239999999998,30018.11,29840.61,29866.61,117994
2026-07-01T20:00:00+00:00,29866.61,29872.71,29795.16,29838.96,47711
2026-07-01T20:30:00+00:00,29838.96,29860.34,29806.59,29851.539999999997,21756
2026-07-01T22:00:00+00:00,29851.539999999997,29902.239999999998,29845.739999999998,29888.989999999998,18335
2026-07-01T22:30:00+00:00,29888.989999999998,29909.739999999998,29874.69,29901.239999999998,11162
2026-07-01T23:00:00+00:00,29901.239999999998,29903.989999999998,29848.239999999998,29861.489999999998,10267
2026-07-01T23:30:00+00:00,29861.489999999998,29868.489999999998,29804.69,29838.739999999998,21492
2026-07-02T00:00:00+00:00,29838.739999999998,29859.239999999998,29746.94,29855.489999999998,70643
2026-07-02T00:30:00+00:00,29855.489999999998,29911.239999999998,29799.489999999998,29903.37,55173
2026-07-02T01:00:00+00:00,29903.37,29998.739999999998,29891.44,29988.12,46475
2026-07-02T01:30:00+00:00,29988.12,30021.739999999998,29983.12,29996.87,42456
2026-07-02T02:00:00+00:00,29996.87,30032.62,29979.94,29986.239999999998,32322
2026-07-02T02:30:00+00:00,29986.239999999998,30022.12,29974.739999999998,30001.239999999998,29135
2026-07-02T03:00:00+00:00,30001.239999999998,30007.239999999998,29928.489999999998,29945.37,28366
2026-07-02T03:30:00+00:00,29945.37,29989.739999999998,29931.739999999998,29966.489999999998,36596
2026-07-02T04:00:00+00:00,29966.489999999998,29982.37,29896.37,29928.87,34907
2026-07-02T04:30:00+00:00,29928.87,29929.989999999998,29844.19,29906.87,36815
2026-07-02T05:00:00+00:00,29906.87,29952.87,29887.739999999998,29908.739999999998,32851
2026-07-02T05:30:00+00:00,29908.739999999998,29910.739999999998,29831.62,29844.37,40238
2026-07-02T06:00:00+00:00,29844.37,29860.489999999998,29741.489999999998,29748.12,45437
2026-07-02T06:30:00+00:00,29748.12,29801.239999999998,29688.739999999998,29713.87,39399
2026-07-02T07:00:00+00:00,29713.87,29731.489999999998,29619.989999999998,29656.62,47499
2026-07-02T07:30:00+00:00,29656.62,29737.87,29652.44,29685.12,39906
2026-07-02T08:00:00+00:00,29685.12,29735.489999999998,29620.989999999998,29719.37,54024
2026-07-02T08:30:00+00:00,29719.37,29832.12,29709.62,29827.37,35994
2026-07-02T09:00:00+00:00,29827.37,29827.489999999998,29737.87,29776.62,36090
2026-07-02T09:30:00+00:00,29776.62,29808.739999999998,29745.62,29752.239999999998,31216
2026-07-02T10:00:00+00:00,29752.239999999998,29754.489999999998,29713.87,29742.12,32884
2026-07-02T10:30:00+00:00,29742.12,29802.12,29741.739999999998,29797.489999999998,26691
2026-07-02T11:00:00+00:00,29797.489999999998,29815.239999999998,29761.44,29799.62,33216
2026-07-02T11:30:00+00:00,29799.62,29872.739999999998,29785.19,29828.489999999998,35139
2026-07-02T12:00:00+00:00,29828.489999999998,29980.62,29815.87,29972.19,47830
2026-07-02T12:30:00+00:00,29972.19,30113.239999999998,29949.12,29976.87,107402
2026-07-02T13:00:00+00:00,29976.87,30009.489999999998,29867.62,29870.62,91153
2026-07-02T13:30:00+00:00,29870.62,30055.52,29801.77,30051.02,356277
2026-07-02T14:00:00+00:00,30051.02,30087.27,29704.77,29729.02,290648
2026-07-02T14:30:00+00:00,29729.02,29800.39,29525.19,29634.52,350276
2026-07-02T15:00:00+00:00,29634.52,29645.77,29405.14,29464.64,308514
2026-07-02T15:30:00+00:00,29464.64,29610.89,29430.52,29470.39,229073
2026-07-02T16:00:00+00:00,29470.39,29482.39,29342.27,29353.14,190499
2026-07-02T16:30:00+00:00,29353.14,29357.39,29228.39,29255.89,169035
2026-07-02T17:00:00+00:00,29255.89,29277.14,29180.94,29242.14,173476
2026-07-02T17:30:00+00:00,29242.14,29267.52,29122.77,29133.02,154898
2026-07-02T18:00:00+00:00,29133.02,29297.52,29124.89,29282.27,152769
2026-07-02T18:30:00+00:00,29282.27,29321.77,29233.02,29282.64,136200
2026-07-02T19:00:00+00:00,29282.64,29297.14,29143.64,29216.39,147691
2026-07-02T19:30:00+00:00,29216.39,29382.02,29205.52,29333.77,167963
2026-07-02T20:00:00+00:00,29333.77,29355.489999999998,29307.989999999998,29342.12,42408
2026-07-02T20:30:00+00:00,29342.12,29358.489999999998,29330.62,29346.309999999998,20269
2026-07-02T22:00:00+00:00,29346.309999999998,29397.829999999998,29346.309999999998,29380.71,7551
2026-07-02T22:30:00+00:00,29380.71,29423.96,29370.21,29418.329999999998,9039
2026-07-02T23:00:00+00:00,29418.329999999998,29419.579999999998,29354.28,29404.079999999998,13989
2026-07-02T23:30:00+00:00,29404.079999999998,29419.96,29367.53,29401.78,20135
2026-07-03T00:00:00+00:00,29401.78,29440.329999999998,29342.579999999998,29362.96,54026
2026-07-03T00:30:00+00:00,29362.96,29403.71,29324.53,29338.78,49836
2026-07-03T01:00:00+00:00,29338.78,29498.96,29335.53,29457.71,45945
2026-07-03T01:30:00+00:00,29457.71,29500.46,29445.78,29484.329999999998,30363
2026-07-03T02:00:00+00:00,29484.329999999998,29532.71,29482.78,29530.71,19750
2026-07-03T02:30:00+00:00,29530.71,29557.079999999998,29507.46,29551.96,16678
2026-07-03T03:00:00+00:00,29551.96,29563.329999999998,29532.579999999998,29562.21,15943
2026-07-03T03:30:00+00:00,29562.21,29576.46,29519.829999999998,29569.71,18010
2026-07-03T04:00:00+00:00,29569.71,29605.579999999998,29564.829999999998,29605.079999999998,15381
2026-07-03T04:30:00+00:00,29605.079999999998,29622.079999999998,29588.829999999998,29604.329999999998,15394
2026-07-03T05:00:00+00:00,29604.329999999998,29634.079999999998,29591.78,29611.21,16762
2026-07-03T05:30:00+00:00,29611.21,29642.829999999998,29606.21,29626.71,15774
2026-07-03T06:00:00+00:00,29626.71,29689.329999999998,29622.71,29670.21,19171
2026-07-03T06:30:00+00:00,29670.21,29675.079999999998,29635.829999999998,29642.71,14685
2026-07-03T07:00:00+00:00,29642.71,29669.21,29628.079999999998,29662.079999999998,18529
2026-07-03T07:30:00+00:00,29662.079999999998,29670.46,29637.579999999998,29646.579999999998,15793
2026-07-03T08:00:00+00:00,29646.579999999998,29663.21,29634.28,29647.329999999998,18165
2026-07-03T08:30:00+00:00,29647.329999999998,29675.21,29633.71,29651.21,17695
2026-07-03T09:00:00+00:00,29651.21,29694.46,29629.71,29689.579999999998,17709
2026-07-03T09:30:00+00:00,29689.579999999998,29702.21,29669.829999999998,29672.96,13150
2026-07-03T10:00:00+00:00,29672.96,29685.21,29658.53,29677.329999999998,9971
2026-07-03T10:30:00+00:00,29677.329999999998,29695.829999999998,29667.079999999998,29682.21,11258
2026-07-03T11:00:00+00:00,29682.21,29692.21,29668.079999999998,29675.71,13127
2026-07-03T11:30:00+00:00,29675.71,29709.829999999998,29672.53,29702.579999999998,11021
2026-07-03T12:00:00+00:00,29702.579999999998,29724.829999999998,29677.96,29686.329999999998,16225
2026-07-03T12:30:00+00:00,29686.329999999998,29706.46,29679.96,29704.21,13622
2026-07-03T13:00:00+00:00,29704.21,29725.829999999998,29688.079999999998,29722.329999999998,19163
2026-07-03T13:30:00+00:00,29722.329999999998,29757.61,29706.23,29741.61,34678
2026-07-03T14:00:00+00:00,29741.61,29747.81,29690.890000000003,29709.260000000002,24121.84821737941
2026-07-03T14:30:00+00:00,29709.260000000002,29730.640000000003,29701.760000000002,29720.640000000003,21033
2026-07-03T15:00:00+00:00,29720.640000000003,29726.890000000003,29699.640000000003,29700.760000000002,17206
2026-07-03T15:30:00+00:00,29700.760000000002,29715.010000000002,29687.06,29708.390000000003,17028
2026-07-03T16:00:00+00:00,29708.390000000003,29717.260000000002,29696.890000000003,29702.760000000002,11431
2026-07-03T16:30:00+00:00,29702.760000000002,29726.760000000002,29693.390000000003,29704.06,13440
2026-07-03T17:00:00+00:00,29704.06,29704.160000000003,29643.850000000002,29653.250000000004,272.19361391936206
2026-07-03T17:30:00+00:00,29653.250000000004,29654.45,29649.250000000004,29654.05,126.79206499446116
2026-07-03T18:00:00+00:00,29654.05,29654.55,29647.850000000002,29647.950000000004,202.07113317417748
2026-07-03T18:30:00+00:00,29647.950000000004,29652.75,29643.850000000002,29648.450000000004,282.53804341572834
2026-07-03T19:00:00+00:00,29652.75,29663.75,29650.45,29661.050000000003,393.41690861259434
2026-07-03T19:30:00+00:00,29661.050000000003,29665.950000000004,29648.250000000007,29657.750000000007,1713.3082446135913
2026-07-05T22:00:00+00:00,29703.9,29787.350000000002,29669.170000000002,29744.22,26134
2026-07-05T22:30:00+00:00,29744.22,29786.600000000002,29742.600000000002,29753.47,16762
2026-07-05T23:00:00+00:00,29753.47,29815.600000000002,29734.600000000002,29792.72,16495
2026-07-05T23:30:00+00:00,29792.72,29817.72,29772.100000000002,29793.22,21496
2026-07-06T00:00:00+00:00,29793.22,29812.600000000002,29687.600000000002,29690.850000000002,63342
2026-07-06T00:30:00+00:00,29690.850000000002,29777.47,29652.850000000002,29733.22,55399
2026-07-06T01:00:00+00:00,29733.22,29739.600000000002,29581.100000000002,29620.47,53755
2026-07-06T01:30:00+00:00,29620.47,29663.22,29558.47,29600.600000000002,54182
2026-07-06T02:00:00+00:00,29600.600000000002,29626.47,29542.600000000002,29544.47,49385
2026-07-06T02:30:00+00:00,29544.47,29555.97,29491.350000000002,29533.97,39677
2026-07-06T03:00:00+00:00,29533.97,29599.100000000002,29524.350000000002,29595.350000000002,29931
2026-07-06T03:30:00+00:00,29595.350000000002,29614.47,29501.600000000002,29538.600000000002,36220
2026-07-06T04:00:00+00:00,29538.600000000002,29608.72,29511.350000000002,29603.600000000002,28702
2026-07-06T04:30:00+00:00,29603.600000000002,29648.350000000002,29596.600000000002,29636.72,28343
2026-07-06T05:00:00+00:00,29636.72,29640.22,29575.97,29577.22,28299
2026-07-06T05:30:00+00:00,29577.22,29609.100000000002,29560.850000000002,29598.600000000002,32177
2026-07-06T06:00:00+00:00,29598.600000000002,29615.350000000002,29562.850000000002,29597.600000000002,28487
2026-07-06T06:30:00+00:00,29597.600000000002,29665.97,29591.97,29655.22,22834
2026-07-06T07:00:00+00:00,29655.22,29671.47,29626.47,29629.22,25709
2026-07-06T07:30:00+00:00,29629.22,29683.350000000002,29624.22,29659.97,20171
2026-07-06T08:00:00+00:00,29659.97,29692.22,29587.97,29640.850000000002,32558
2026-07-06T08:30:00+00:00,29640.850000000002,29679.22,29615.600000000002,29677.47,22902
2026-07-06T09:00:00+00:00,29677.47,29683.47,29652.100000000002,29672.22,24099
2026-07-06T09:30:00+00:00,29672.22,29696.100000000002,29634.97,29685.47,22732
2026-07-06T10:00:00+00:00,29685.47,29699.22,29660.350000000002,29671.100000000002,21401
2026-07-06T10:30:00+00:00,29671.100000000002,29692.97,29655.100000000002,29692.600000000002,18231
2026-07-06T11:00:00+00:00,29692.600000000002,29703.72,29649.47,29688.600000000002,30472
2026-07-06T11:30:00+00:00,29688.600000000002,29722.850000000002,29678.72,29686.47,30817
2026-07-06T12:00:00+00:00,29686.47,29744.100000000002,29673.47,29701.350000000002,40192
2026-07-06T12:30:00+00:00,29701.350000000002,29743.350000000002,29695.170000000002,29741.97,32204
2026-07-06T13:00:00+00:00,29741.97,29745.72,29628.72,29643.100000000002,46966
2026-07-06T13:30:00+00:00,29643.100000000002,29816.370000000003,29584.920000000002,29739.920000000002,294062
2026-07-06T14:00:00+00:00,29739.920000000002,29850.870000000003,29711.920000000002,29821,209299
2026-07-06T14:30:00+00:00,29821,29875.870000000003,29795.420000000002,29833.870000000003,145245
2026-07-06T15:00:00+00:00,29833.870000000003,29870.75,29749.75,29869.620000000003,128562
2026-07-06T15:30:00+00:00,29869.620000000003,29892.120000000003,29840.25,29882,72539
2026-07-06T16:00:00+00:00,29882,29902.25,29833.370000000003,29841.370000000003,60860
2026-07-06T16:30:00+00:00,29841.370000000003,29852.620000000003,29789.5,29797.5,62753
2026-07-06T17:00:00+00:00,29797.5,29844.620000000003,29756,29763.5,67366
2026-07-06T17:30:00+00:00,29763.5,29768.620000000003,29690.5,29705,84199
2026-07-06T18:00:00+00:00,29705,29808,29703.870000000003,29780.5,62669
2026-07-06T18:30:00+00:00,29780.5,29812.25,29756.75,29798.75,51983
2026-07-06T19:00:00+00:00,29798.75,29860.25,29789.25,29844.25,56598
2026-07-06T19:30:00+00:00,29844.25,29846.25,29739.870000000003,29759.25,88701
2026-07-06T20:00:00+00:00,29759.25,29780.72,29741.22,29767.600000000002,27038
2026-07-06T20:30:00+00:00,29767.600000000002,29773.72,29739.47,29755.050000000003,8893
2026-07-06T22:00:00+00:00,29755.050000000003,29780.83,29748.08,29759.08,8376
2026-07-06T22:30:00+00:00,29759.08,29777.08,29696.83,29701.58,15623
2026-07-06T23:00:00+00:00,29701.58,29736.58,29680.83,29705.83,14552
2026-07-06T23:30:00+00:00,29705.83,29714.08,29647.08,29660.08,21291
2026-07-07T00:00:00+00:00,29660.08,29721.45,29623.95,29686.33,55166
2026-07-07T00:30:00+00:00,29686.33,29694.95,29615.83,29625.08,46766
2026-07-07T01:00:00+00:00,29625.08,29642.33,29534.65,29547.08,48891
2026-07-07T01:30:00+00:00,29547.08,29628.95,29524.58,29580.33,44764
2026-07-07T02:00:00+00:00,29580.33,29626.83,29574.7,29579.95,42050
2026-07-07T02:30:00+00:00,29579.95,29588.58,29546.4,29554.7,35242
2026-07-07T03:00:00+00:00,29554.7,29591.7,29487.45,29492.2,34771
2026-07-07T03:30:00+00:00,29492.2,29515.95,29436.58,29476.33,40243
2026-07-07T04:00:00+00:00,29476.33,29488.2,29423.95,29445.58,28248
2026-07-07T04:30:00+00:00,29445.58,29464.08,29415.2,29432.7,26115
2026-07-07T05:00:00+00:00,29432.7,29434.08,29365.83,29398.2,32789
2026-07-07T05:30:00+00:00,29398.2,29511.83,29397.95,29495.83,43600
2026-07-07T06:00:00+00:00,29495.83,29508.45,29438.95,29469.33,35646
2026-07-07T06:30:00+00:00,29469.33,29500.83,29453.95,29496.95,20987
2026-07-07T07:00:00+00:00,29496.95,29551.45,29475.2,29524.33,33783
2026-07-07T07:30:00+00:00,29524.33,29530.95,29451.08,29453.7,25473
2026-07-07T08:00:00+00:00,29453.7,29517.08,29449.2,29499.08,35488
2026-07-07T08:30:00+00:00,29499.08,29512.08,29466.08,29466.58,24253
2026-07-07T09:00:00+00:00,29466.58,29501.33,29450.08,29463.08,22404
2026-07-07T09:30:00+00:00,29463.08,29472.2,29429.95,29470.45,25527
2026-07-07T10:00:00+00:00,29470.45,29496.58,29447.08,29480.95,24533
2026-07-07T10:30:00+00:00,29480.95,29480.95,29432.83,29466.33,23244
2026-07-07T11:00:00+00:00,29466.33,29468.58,29410.65,29439.58,39593
2026-07-07T11:30:00+00:00,29439.58,29453.7,29399.08,29448.95,38148
2026-07-07T12:00:00+00:00,29448.95,29523.7,29446.95,29494.83,42306
2026-07-07T12:30:00+00:00,29494.83,29515.7,29429.83,29450.2,44624
2026-07-07T13:00:00+00:00,29450.2,29462.95,29388.15,29400.83,55931
2026-07-07T13:30:00+00:00,29400.83,29492.350000000002,29228.350000000002,29277.730000000003,351778
2026-07-07T14:00:00+00:00,29277.730000000003,29313.100000000002,29067.600000000002,29112.100000000002,291337
2026-07-07T14:30:00+00:00,29112.100000000002,29135.230000000003,29017.980000000003,29110.600000000002,255142
2026-07-07T15:00:00+00:00,29110.600000000002,29165.600000000002,29079.4,29122.350000000002,189020
2026-07-07T15:30:00+00:00,29122.350000000002,29196.850000000002,29056.230000000003,29195.350000000002,145643
2026-07-07T16:00:00+00:00,29195.350000000002,29354.850000000002,29184.730000000003,29339.850000000002,120763
2026-07-07T16:30:00+00:00,29339.850000000002,29366.230000000003,29294.480000000003,29347.730000000003,98882
2026-07-07T17:00:00+00:00,29347.730000000003,29388.600000000002,29318.100000000002,29341.730000000003,90930
2026-07-07T17:30:00+00:00,29341.730000000003,29376.980000000003,29336.230000000003,29374.980000000003,82799
2026-07-07T18:00:00+00:00,29374.980000000003,29382.230000000003,29317.65,29324.980000000003,72658
2026-07-07T18:30:00+00:00,29324.980000000003,29338.980000000003,29192.480000000003,29198.600000000002,110338
2026-07-07T19:00:00+00:00,29198.600000000002,29218.100000000002,29078.600000000002,29128.980000000003,151236
2026-07-07T19:30:00+00:00,29128.980000000003,29207.730000000003,29111.600000000002,29203.350000000002,155555
2026-07-07T20:00:00+00:00,29203.350000000002,29244.83,29195.33,29223.83,34877
2026-07-07T20:30:00+00:00,29223.83,29232.2,29219.83,29227.280000000002,13313
2026-07-07T22:00:00+00:00,29227.280000000002,29227.280000000002,29133.480000000003,29186.280000000002,19124
2026-07-07T22:30:00+00:00,29186.280000000002,29211.91,29177.41,29196.16,12588
2026-07-07T23:00:00+00:00,29196.16,29219.41,29170.280000000002,29209.91,13813
2026-07-07T23:30:00+00:00,29209.91,29220.41,29106.480000000003,29114.280000000002,22395
2026-07-08T00:00:00+00:00,29114.280000000002,29291.280000000002,29079.91,29267.230000000003,68640
2026-07-08T00:30:00+00:00,29267.230000000003,29360.030000000002,29221.480000000003,29356.41,44296
2026-07-08T01:00:00+00:00,29356.41,29371.030000000002,29294.780000000002,29299.41,38439
2026-07-08T01:30:00+00:00,29299.41,29307.91,29240.530000000002,29249.91,51400
2026-07-08T02:00:00+00:00,29249.91,29272.16,29201.66,29235.16,45483
2026-07-08T02:30:00+00:00,29235.16,29288.530000000002,29213.16,29274.41,37653
2026-07-08T03:00:00+00:00,29274.41,29332.91,29274.41,29329.030000000002,28195
2026-07-08T03:30:00+00:00,29329.030000000002,29345.530000000002,29278.41,29280.530000000002,30416
2026-07-08T04:00:00+00:00,29280.530000000002,29286.91,29241.780000000002,29255.030000000002,31457
2026-07-08T04:30:00+00:00,29255.030000000002,29259.530000000002,29189.780000000002,29229.16,40398
2026-07-08T05:00:00+00:00,29229.16,29260.280000000002,29192.780000000002,29198.280000000002,45074
2026-07-08T05:30:00+00:00,29198.280000000002,29198.41,29125.66,29160.91,39328
2026-07-08T06:00:00+00:00,29160.91,29176.91,29134.280000000002,29135.030000000002,36697
2026-07-08T06:30:00+00:00,29135.030000000002,29165.530000000002,29096.230000000003,29143.530000000002,28713
2026-07-08T07:00:00+00:00,29143.530000000002,29168.91,29095.030000000002,29165.16,41688
2026-07-08T07:30:00+00:00,29165.16,29221.91,29160.230000000003,29195.030000000002,31303
2026-07-08T08:00:00+00:00,29195.030000000002,29228.530000000002,28877.480000000003,28893.230000000003,92145
2026-07-08T08:30:00+00:00,28893.230000000003,28918.280000000002,28771.230000000003,28823.16,87181
2026-07-08T09:00:00+00:00,28823.16,28847.280000000002,28722.980000000003,28774.530000000002,63913
2026-07-08T09:30:00+00:00,28774.530000000002,28824.41,28762.030000000002,28772.030000000002,44016
2026-07-08T10:00:00+00:00,28772.030000000002,28835.66,28736.730000000003,28833.780000000002,38093
2026-07-08T10:30:00+00:00,28833.780000000002,28873.980000000003,28809.16,28832.230000000003,34425
2026-07-08T11:00:00+00:00,28832.230000000003,28842.41,28789.41,28800.780000000002,39311
2026-07-08T11:30:00+00:00,28800.780000000002,28938.41,28786.480000000003,28902.530000000002,53251
2026-07-08T12:00:00+00:00,28902.530000000002,28997.280000000002,28866.980000000003,28991.030000000002,43443
2026-07-08T12:30:00+00:00,28991.030000000002,29052.66,28959.780000000002,28967.66,44491
2026-07-08T13:00:00+00:00,28967.66,29043.030000000002,28962.030000000002,29015.16,66503
2026-07-08T13:30:00+00:00,29015.16,29212.81,29015.16,29180.31,329401
2026-07-08T14:00:00+00:00,29180.31,29203.18,29049.43,29106.18,257624
2026-07-08T14:30:00+00:00,29106.18,29149.56,28965.06,29025.06,236565
2026-07-08T15:00:00+00:00,29025.06,29038.06,28848.81,28871.43,197927
2026-07-08T15:30:00+00:00,28871.43,28966.68,28848.18,28910.81,151780
2026-07-08T16:00:00+00:00,28910.81,29116.56,28906.480000000003,29090.56,95011
2026-07-08T16:30:00+00:00,29090.56,29190.93,29059.730000000003,29186.68,95555
2026-07-08T17:00:00+00:00,29186.68,29258.56,29148.81,29254.81,92766
2026-07-08T17:30:00+00:00,29254.81,29271.68,29138.06,29166.93,82787
2026-07-08T18:00:00+00:00,29166.93,29238.780000000002,29142.730000000003,29185.660000000003,84031.12454907918
2026-07-08T18:30:00+00:00,29185.660000000003,29237.780000000002,29160.910000000003,29218.780000000002,76961
2026-07-08T19:00:00+00:00,29218.780000000002,29251.660000000003,29189.910000000003,29238.910000000003,75133
2026-07-08T19:30:00+00:00,29238.910000000003,29313.530000000002,29194.580000000005,29271.410000000003,104815
2026-07-08T20:00:00+00:00,29271.410000000003,29281.880000000005,29199.510000000002,29208.010000000002,34597
2026-07-08T20:30:00+00:00,29208.010000000002,29220.080000000005,29165.880000000005,29203.960000000003,24631
2026-07-08T22:00:00+00:00,29203.960000000003,29264.210000000003,29203.960000000003,29238.710000000003,10267
2026-07-08T22:30:00+00:00,29238.710000000003,29252.910000000003,29220.910000000003,29240.590000000004,10440
2026-07-08T23:00:00+00:00,29240.590000000004,29271.410000000003,29210.910000000003,29239.340000000004,12652
2026-07-08T23:30:00+00:00,29239.340000000004,29318.210000000003,29215.910000000003,29307.340000000004,23440
2026-07-09T00:00:00+00:00,29307.340000000004,29382.590000000004,29305.910000000003,29376.340000000004,44572
2026-07-09T00:30:00+00:00,29376.340000000004,29398.090000000004,29302.160000000003,29318.840000000004,43060
2026-07-09T01:00:00+00:00,29318.840000000004,29370.340000000004,29278.090000000004,29345.460000000003,41133
2026-07-09T01:30:00+00:00,29345.460000000003,29356.340000000004,29260.160000000003,29264.840000000004,48930
2026-07-09T02:00:00+00:00,29264.840000000004,29392.340000000004,29241.710000000003,29349.460000000003,41521
2026-07-09T02:30:00+00:00,29349.460000000003,29358.710000000003,29234.910000000003,29244.840000000004,41329
2026-07-09T03:00:00+00:00,29244.840000000004,29296.590000000004,29211.960000000003,29295.340000000004,42018
2026-07-09T03:30:00+00:00,29295.340000000004,29332.840000000004,29289.710000000003,29321.590000000004,37282
2026-07-09T04:00:00+00:00,29321.590000000004,29333.340000000004,29278.090000000004,29288.460000000003,31491
2026-07-09T04:30:00+00:00,29288.460000000003,29374.210000000003,29288.340000000004,29367.960000000003,29189
2026-07-09T05:00:00+00:00,29367.960000000003,29412.340000000004,29323.960000000003,29329.460000000003,38800
2026-07-09T05:30:00+00:00,29329.460000000003,29424.710000000003,29289.840000000004,29422.340000000004,38692
2026-07-09T06:00:00+00:00,29422.340000000004,29458.460000000003,29387.460000000003,29443.590000000004,33752
2026-07-09T06:30:00+00:00,29443.590000000004,29452.590000000004,29413.590000000004,29427.710000000003,25846
2026-07-09T07:00:00+00:00,29427.710000000003,29482.590000000004,29418.960000000003,29467.210000000003,32191
2026-07-09T07:30:00+00:00,29467.210000000003,29521.710000000003,29456.210000000003,29499.840000000004,23002
2026-07-09T08:00:00+00:00,29499.840000000004,29550.710000000003,29479.460000000003,29514.460000000003,33685
2026-07-09T08:30:00+00:00,29514.460000000003,29520.210000000003,29458.590000000004,29476.840000000004,30276
2026-07-09T09:00:00+00:00,29476.840000000004,29485.090000000004,29444.840000000004,29466.090000000004,29624
2026-07-09T09:30:00+00:00,29466.090000000004,29476.960000000003,29428.590000000004,29460.090000000004,28209
2026-07-09T10:00:00+00:00,29460.090000000004,29484.340000000004,29447.460000000003,29465.710000000003,21589
2026-07-09T10:30:00+00:00,29465.710000000003,29475.840000000004,29379.210000000003,29415.960000000003,31775
2026-07-09T11:00:00+00:00,29415.960000000003,29458.710000000003,29393.590000000004,29456.960000000003,34241
2026-07-09T11:30:00+00:00,29456.960000000003,29536.090000000004,29442.660000000003,29511.590000000004,34063
2026-07-09T12:00:00+00:00,29511.590000000004,29565.210000000003,29495.960000000003,29563.840000000004,38247
2026-07-09T12:30:00+00:00,29563.840000000004,29601.710000000003,29530.590000000004,29550.960000000003,38055
2026-07-09T13:00:00+00:00,29550.960000000003,29574.840000000004,29540.710000000003,29561.840000000004,47842
2026-07-09T13:30:00+00:00,29561.840000000004,29746.240000000005,29487.110000000004,29726.360000000004,241583
2026-07-09T14:00:00+00:00,29726.360000000004,29738.110000000004,29429.740000000005,29578.740000000005,246011
2026-07-09T14:30:00+00:00,29578.740000000005,29636.990000000005,29510.410000000003,29602.610000000004,187667
2026-07-09T15:00:00+00:00,29602.610000000004,29701.490000000005,29595.240000000005,29689.490000000005,110418
2026-07-09T15:30:00+00:00,29689.490000000005,29720.860000000004,29671.990000000005,29701.740000000005,67270
2026-07-09T16:00:00+00:00,29701.740000000005,29739.490000000005,29696.240000000005,29706.360000000004,51467
2026-07-09T16:30:00+00:00,29706.360000000004,29732.240000000005,29679.910000000003,29712.740000000005,51166
2026-07-09T17:00:00+00:00,29712.740000000005,29805.740000000005,29708.860000000004,29804.110000000004,42155
2026-07-09T17:30:00+00:00,29804.110000000004,29808.860000000004,29766.410000000003,29789.740000000005,38297
2026-07-09T18:00:00+00:00,29789.740000000005,29800.110000000004,29757.740000000005,29772.610000000004,43886
2026-07-09T18:30:00+00:00,29772.610000000004,29783.610000000004,29744.990000000005,29754.860000000004,43035
2026-07-09T19:00:00+00:00,29754.860000000004,29773.490000000005,29718.660000000003,29747.240000000005,50007
2026-07-09T19:30:00+00:00,29747.240000000005,29770.110000000004,29712.610000000004,29763.860000000004,64795
2026-07-09T20:00:00+00:00,29763.860000000004,29788.840000000004,29752.460000000003,29755.090000000004,22082
2026-07-09T20:30:00+00:00,29755.090000000004,29764.590000000004,29741.590000000004,29745.780000000002,11312
2026-07-09T22:00:00+00:00,29745.780000000002,29776.610000000004,29720.560000000005,29724.490000000005,14946
2026-07-09T22:30:00+00:00,29724.490000000005,29742.360000000004,29721.610000000004,29737.610000000004,8618
2026-07-09T23:00:00+00:00,29737.610000000004,29779.490000000005,29723.490000000005,29774.240000000005,10026
2026-07-09T23:30:00+00:00,29774.240000000005,29775.490000000005,29741.990000000005,29748.860000000004,15158
2026-07-10T00:00:00+00:00,29748.860000000004,29767.990000000005,29637.860000000004,29653.990000000005,54864
2026-07-10T00:30:00+00:00,29653.990000000005,29685.860000000004,29620.610000000004,29682.860000000004,34487
2026-07-10T01:00:00+00:00,29682.860000000004,29692.490000000005,29633.990000000005,29684.240000000005,29161
2026-07-10T01:30:00+00:00,29684.240000000005,29738.610000000004,29670.740000000005,29708.240000000005,30122
2026-07-10T02:00:00+00:00,29708.240000000005,29717.860000000004,29670.240000000005,29698.990000000005,29982
2026-07-10T02:30:00+00:00,29698.990000000005,29768.860000000004,29690.240000000005,29767.610000000004,18582
2026-07-10T03:00:00+00:00,29767.610000000004,29779.240000000005,29738.110000000004,29740.360000000004,16353
2026-07-10T03:30:00+00:00,29740.360000000004,29749.360000000004,29728.360000000004,29748.740000000005,19013
2026-07-10T04:00:00+00:00,29748.740000000005,29764.990000000005,29733.310000000005,29743.740000000005,17857
2026-07-10T04:30:00+00:00,29743.740000000005,29745.610000000004,29691.610000000004,29699.240000000005,18880
2026-07-10T05:00:00+00:00,29699.240000000005,29713.240000000005,29681.740000000005,29692.240000000005,23266
2026-07-10T05:30:00+00:00,29692.240000000005,29697.490000000005,29656.360000000004,29661.740000000005,22448
2026-07-10T06:00:00+00:00,29661.740000000005,29673.110000000004,29591.740000000005,29605.490000000005,29811
2026-07-10T06:30:00+00:00,29605.490000000005,29648.490000000005,29601.240000000005,29635.360000000004,21586
2026-07-10T07:00:00+00:00,29635.360000000004,29641.740000000005,29607.310000000005,29631.860000000004,26159
2026-07-10T07:30:00+00:00,29631.860000000004,29634.610000000004,29579.360000000004,29589.490000000005,20983
2026-07-10T08:00:00+00:00,29589.490000000005,29620.360000000004,29559.490000000005,29584.240000000005,33382
2026-07-10T08:30:00+00:00,29584.240000000005,29614.740000000005,29569.740000000005,29589.740000000005,26344
2026-07-10T09:00:00+00:00,29589.740000000005,29633.110000000004,29532.560000000005,29627.990000000005,26108
2026-07-10T09:30:00+00:00,29627.990000000005,29643.490000000005,29616.490000000005,29631.240000000005,19194
2026-07-10T10:00:00+00:00,29631.240000000005,29657.610000000004,29621.810000000005,29654.240000000005,17676
2026-07-10T10:30:00+00:00,29654.240000000005,29678.240000000005,29650.610000000004,29666.490000000005,18237
2026-07-10T11:00:00+00:00,29666.490000000005,29703.490000000005,29664.860000000004,29668.240000000005,24938
2026-07-10T11:30:00+00:00,29668.240000000005,29668.240000000005,29622.860000000004,29631.490000000005,26749
2026-07-10T12:00:00+00:00,29631.490000000005,29695.360000000004,29587.740000000005,29667.360000000004,41538
2026-07-10T12:30:00+00:00,29667.360000000004,29676.990000000005,29616.360000000004,29616.360000000004,36419
2026-07-10T13:00:00+00:00,29616.360000000004,29666.740000000005,29606.740000000005,29651.360000000004,42704
2026-07-10T13:30:00+00:00,29651.360000000004,29784.760000000002,29614.260000000002,29738.760000000002,276552
2026-07-10T14:00:00+00:00,29738.760000000002,29782.140000000003,29661.560000000005,29723.510000000002,209215
2026-07-10T14:30:00+00:00,29723.510000000002,29773.760000000002,29492.560000000005,29634.260000000002,207026
2026-07-10T15:00:00+00:00,29634.260000000002,29804.140000000003,29597.010000000002,29795.890000000003,157682
2026-07-10T15:30:00+00:00,29795.890000000003,29808.010000000002,29650.010000000002,29761.140000000003,139874
2026-07-10T16:00:00+00:00,29761.140000000003,29845.390000000003,29760.510000000002,29830.010000000002,78859
2026-07-10T16:30:00+00:00,29830.010000000002,29859.140000000003,29821.140000000003,29843.260000000002,55616
2026-07-10T17:00:00+00:00,29843.260000000002,29867.510000000002,29813.260000000002,29866.640000000003,48528
2026-07-10T17:30:00+00:00,29866.640000000003,29888.390000000003,29848.140000000003,29855.140000000003,41035
2026-07-10T18:00:00+00:00,29855.140000000003,29886.140000000003,29838.310000000005,29861.890000000003,45151
2026-07-10T18:30:00+00:00,29861.890000000003,29874.260000000002,29845.010000000002,29854.640000000003,38814
2026-07-10T19:00:00+00:00,29854.640000000003,29893.010000000002,29849.890000000003,29862.510000000002,42889
2026-07-10T19:30:00+00:00,29862.510000000002,29884.010000000002,29841.390000000003,29853.510000000002,53768
2026-07-10T20:00:00+00:00,29853.510000000002,29877.860000000004,29847.860000000004,29871.390000000003,17310
2026-07-10T20:30:00+00:00,29871.390000000003,29877.890000000003,29868.510000000002,29875.210000000003,2328
2026-07-12T22:00:00+00:00,29875.210000000003,30539.000000000004,29875.210000000003,30446.120000000003,25401
2026-07-12T22:30:00+00:00,30446.120000000003,30474.370000000003,30432.320000000003,30470.120000000003,9034
2026-07-12T23:00:00+00:00,30470.120000000003,30470.750000000004,30429.370000000003,30449.000000000004,11487
2026-07-12T23:30:00+00:00,30449.000000000004,30457.870000000003,30404.500000000004,30452.370000000003,20584
2026-07-13T00:00:00+00:00,30452.370000000003,30601.750000000004,30431.500000000004,30527.000000000004,57687
2026-07-13T00:30:00+00:00,30527.000000000004,30531.500000000004,30367.870000000003,30394.870000000003,58970
2026-07-13T01:00:00+00:00,30394.870000000003,30410.250000000004,30348.750000000004,30368.250000000004,50693
2026-07-13T01:30:00+00:00,30368.250000000004,30402.620000000003,30297.120000000003,30320.750000000004,59702
2026-07-13T02:00:00+00:00,30320.750000000004,30368.620000000003,30287.570000000003,30357.750000000004,41511
2026-07-13T02:30:00+00:00,30357.750000000004,30359.870000000003,30274.870000000003,30276.370000000003,32523
2026-07-13T03:00:00+00:00,30276.370000000003,30281.870000000003,30242.500000000004,30269.500000000004,26302
2026-07-13T03:30:00+00:00,30269.500000000004,30287.500000000004,30243.250000000004,30248.250000000004,29686
2026-07-13T04:00:00+00:00,30248.250000000004,30249.750000000004,30198.500000000004,30211.620000000003,28070
2026-07-13T04:30:00+00:00,30211.620000000003,30216.370000000003,30173.120000000003,30186.870000000003,19075
2026-07-13T05:00:00+00:00,30186.870000000003,30253.250000000004,30137.370000000003,30145.000000000004,39487
2026-07-13T05:30:00+00:00,30145.000000000004,30230.120000000003,30103.320000000003,30209.500000000004,45629
2026-07-13T06:00:00+00:00,30209.500000000004,30225.620000000003,30145.500000000004,30190.250000000004,44224
2026-07-13T06:30:00+00:00,30190.250000000004,30211.370000000003,30158.000000000004,30190.620000000003,27865
2026-07-13T07:00:00+00:00,30190.620000000003,30249.750000000004,30166.870000000003,30231.870000000003,37309
2026-07-13T07:30:00+00:00,30231.870000000003,30232.000000000004,30196.120000000003,30213.370000000003,23914
2026-07-13T08:00:00+00:00,30213.370000000003,30301.000000000004,30207.120000000003,30285.370000000003,34717
2026-07-13T08:30:00+00:00,30285.370000000003,30313.620000000003,30260.370000000003,30306.870000000003,20748
2026-07-13T09:00:00+00:00,30306.870000000003,30326.120000000003,30277.320000000003,30320.870000000003,18894
2026-07-13T09:30:00+00:00,30320.870000000003,30336.500000000004,30311.750000000004,30330.870000000003,15682
2026-07-13T10:00:00+00:00,30330.870000000003,30337.870000000003,30298.620000000003,30301.250000000004,17237
2026-07-13T10:30:00+00:00,30301.250000000004,30323.750000000004,30295.870000000003,30316.250000000004,18281
2026-07-13T11:00:00+00:00,30316.250000000004,30359.370000000003,30301.620000000003,30333.870000000003,31050
2026-07-13T11:30:00+00:00,30333.870000000003,30353.370000000003,30289.500000000004,30300.750000000004,27165
2026-07-13T12:00:00+00:00,30300.750000000004,30317.870000000003,30242.620000000003,30244.870000000003,39002
2026-07-13T12:30:00+00:00,30244.870000000003,30284.500000000004,30216.000000000004,30278.620000000003,32943
2026-07-13T13:00:00+00:00,30278.620000000003,30307.750000000004,30243.370000000003,30270.250000000004,43988
2026-07-13T13:30:00+00:00,30270.250000000004,30297.270000000004,30078.400000000005,30191.150000000005,329016
2026-07-13T14:00:00+00:00,30191.150000000005,30263.020000000004,30049.150000000005,30262.020000000004,255528
2026-07-13T14:30:00+00:00,30262.020000000004,30284.270000000004,30163.900000000005,30277.900000000005,175728
2026-07-13T15:00:00+00:00,30277.900000000005,30312.520000000004,30222.650000000005,30268.770000000004,138584
2026-07-13T15:30:00+00:00,30268.770000000004,30281.770000000004,30157.150000000005,30171.770000000004,104378
2026-07-13T16:00:00+00:00,30171.770000000004,30198.900000000005,30095.900000000005,30118.520000000004,94219
2026-07-13T16:30:00+00:00,30118.520000000004,30118.650000000005,30020.900000000005,30086.520000000004,136096
2026-07-13T17:00:00+00:00,30086.520000000004,30140.900000000005,30058.520000000004,30078.400000000005,94734
2026-07-13T17:30:00+00:00,30078.400000000005,30093.770000000004,30028.520000000004,30039.900000000005,81102
2026-07-13T18:00:00+00:00,30039.900000000005,30099.650000000005,30027.900000000005,30034.900000000005,87100
2026-07-13T18:30:00+00:00,30034.900000000005,30081.770000000004,30015.020000000004,30053.270000000004,76927
2026-07-13T19:00:00+00:00,30053.270000000004,30085.150000000005,29966.070000000003,29979.520000000004,80479
2026-07-13T19:30:00+00:00,29979.520000000004,30064.770000000004,29953.820000000003,30026.770000000004,97700
2026-07-13T20:00:00+00:00,30026.770000000004,30033.750000000004,29946.500000000004,29996.750000000004,33442
2026-07-13T20:30:00+00:00,29996.750000000004,30004.120000000003,29979.500000000004,29989.820000000003,11482
2026-07-13T22:00:00+00:00,29989.820000000003,30045.090000000004,29989.820000000003,29999.590000000004,15622
2026-07-13T22:30:00+00:00,29999.590000000004,30024.970000000005,29959.970000000005,29964.970000000005,11081
2026-07-13T23:00:00+00:00,29964.970000000005,29969.720000000005,29927.470000000005,29933.090000000004,13012
2026-07-13T23:30:00+00:00,29933.090000000004,29989.340000000004,29893.220000000005,29986.840000000004,27564
2026-07-14T00:00:00+00:00,29986.840000000004,30040.970000000005,29891.790000000005,29984.840000000004,102386
2026-07-14T00:30:00+00:00,29984.840000000004,30100.090000000004,29964.970000000005,30087.590000000004,71461
2026-07-14T01:00:00+00:00,30087.590000000004,30106.590000000004,30046.290000000005,30070.040000000005,57511
2026-07-14T01:30:00+00:00,30070.040000000005,30080.970000000005,30002.720000000005,30013.340000000004,60726
2026-07-14T02:00:00+00:00,30013.340000000004,30054.590000000004,29938.970000000005,29966.840000000004,54049
2026-07-14T02:30:00+00:00,29966.840000000004,30021.340000000004,29931.720000000005,29953.720000000005,47269
2026-07-14T03:00:00+00:00,29953.720000000005,29957.590000000004,29869.220000000005,29942.720000000005,40462
2026-07-14T03:30:00+00:00,29942.720000000005,29993.970000000005,29899.970000000005,29990.340000000004,54894
2026-07-14T04:00:00+00:00,29990.340000000004,30019.470000000005,29937.470000000005,30015.220000000005,36678
2026-07-14T04:30:00+00:00,30015.220000000005,30082.090000000004,30008.220000000005,30075.090000000004,31909
2026-07-14T05:00:00+00:00,30075.090000000004,30175.470000000005,30054.720000000005,30170.090000000004,32396
2026-07-14T05:30:00+00:00,30170.090000000004,30197.220000000005,30143.220000000005,30158.340000000004,34720
2026-07-14T06:00:00+00:00,30158.340000000004,30214.840000000004,30152.290000000005,30171.220000000005,29704
2026-07-14T06:30:00+00:00,30171.220000000005,30199.970000000005,30128.720000000005,30129.340000000004,24916
2026-07-14T07:00:00+00:00,30129.340000000004,30186.840000000004,30111.470000000005,30173.090000000004,42016
2026-07-14T07:30:00+00:00,30173.090000000004,30174.840000000004,30122.220000000005,30139.090000000004,44638
2026-07-14T08:00:00+00:00,30139.090000000004,30196.590000000004,30113.470000000005,30184.470000000005,52086
2026-07-14T08:30:00+00:00,30184.470000000005,30201.470000000005,30136.220000000005,30137.970000000005,33002
2026-07-14T09:00:00+00:00,30137.970000000005,30194.720000000005,30123.720000000005,30139.840000000004,31359
2026-07-14T09:30:00+00:00,30139.840000000004,30188.720000000005,30139.340000000004,30167.840000000004,25474
2026-07-14T10:00:00+00:00,30167.840000000004,30186.470000000005,30151.090000000004,30162.090000000004,22285
2026-07-14T10:30:00+00:00,30162.090000000004,30198.340000000004,30143.840000000004,30172.340000000004,29387
2026-07-14T11:00:00+00:00,30172.340000000004,30235.970000000005,30120.340000000004,30206.720000000005,58664
2026-07-14T11:30:00+00:00,30206.720000000005,30233.840000000004,30179.720000000005,30198.840000000004,39771
2026-07-14T12:00:00+00:00,30198.840000000004,30257.290000000005,30134.290000000005,30248.040000000005,43331
2026-07-14T12:30:00+00:00,30248.040000000005,30486.720000000005,30236.290000000005,30338.590000000004,90203
2026-07-14T13:00:00+00:00,30338.590000000004,30397.470000000005,30308.220000000005,30376.840000000004,67040
2026-07-14T13:30:00+00:00,30376.840000000004,30381.49,30251.120000000003,30346.870000000003,299259
2026-07-14T14:00:00+00:00,30346.870000000003,30370.74,30133.620000000003,30249.620000000003,247176
2026-07-14T14:30:00+00:00,30249.620000000003,30402.49,30224.540000000005,30339.99,198526
2026-07-14T15:00:00+00:00,30339.99,30455.120000000003,30319.620000000003,30450.870000000003,132404
2026-07-14T15:30:00+00:00,30450.870000000003,30461.74,30326.370000000003,30351.870000000003,126994
2026-07-14T16:00:00+00:00,30351.870000000003,30357.620000000003,30270.620000000003,30344.74,94350
2026-07-14T16:30:00+00:00,30344.74,30395.74,30318.120000000003,30392.49,75843
2026-07-14T17:00:00+00:00,30392.49,30432.370000000003,30373.290000000005,30415.74,54656
2026-07-14T17:30:00+00:00,30415.74,30431.24,30384.870000000003,30429.24,46318
2026-07-14T18:00:00+00:00,30429.24,30443.620000000003,30408.74,30419.620000000003,41874
2026-07-14T18:30:00+00:00,30419.620000000003,30435.49,30376.540000000005,30390.370000000003,56272
2026-07-14T19:00:00+00:00,30390.370000000003,30403.870000000003,30346.24,30363.620000000003,53598
2026-07-14T19:30:00+00:00,30363.620000000003,30401.74,30336.99,30353.24,79954
2026-07-14T20:00:00+00:00,30353.24,30374.590000000004,30333.470000000005,30340.720000000005,24137
2026-07-14T20:30:00+00:00,30340.720000000005,30367.090000000004,30337.970000000005,30359.540000000005,10409
2026-07-14T22:00:00+00:00,30359.540000000005,30375.150000000005,30314.650000000005,30355.450000000004,13200
2026-07-14T22:30:00+00:00,30355.450000000004,30365.08,30333.450000000004,30342.58,6786
2026-07-14T23:00:00+00:00,30342.58,30438.83,30327.150000000005,30435.900000000005,10354
2026-07-14T23:30:00+00:00,30435.900000000005,30468.700000000004,30412.400000000005,30457.08,17868
2026-07-15T00:00:00+00:00,30457.08,30501.400000000005,30406.400000000005,30487.950000000004,40199
2026-07-15T00:30:00+00:00,30487.950000000004,30498.450000000004,30410.33,30487.200000000004,32857
2026-07-15T01:00:00+00:00,30487.200000000004,30510.08,30429.450000000004,30492.33,37326
2026-07-15T01:30:00+00:00,30492.33,30527.58,30459.900000000005,30525.450000000004,36914
2026-07-15T02:00:00+00:00,30525.450000000004,30550.450000000004,30518.200000000004,30538.58,21756
2026-07-15T02:30:00+00:00,30538.58,30556.08,30528.450000000004,30529.33,16674
2026-07-15T03:00:00+00:00,30529.33,30553.83,30516.200000000004,30547.83,18368
2026-07-15T03:30:00+00:00,30547.83,30587.83,30546.450000000004,30581.33,14429
2026-07-15T04:00:00+00:00,30581.33,30585.33,30558.150000000005,30559.08,15546
2026-07-15T04:30:00+00:00,30559.08,30591.700000000004,30552.08,30590.700000000004,14188
2026-07-15T05:00:00+00:00,30590.700000000004,30627.450000000004,30545.33,30550.33,34306
2026-07-15T05:30:00+00:00,30550.33,30600.200000000004,30536.83,30600.200000000004,25395
2026-07-15T06:00:00+00:00,30600.200000000004,30618.58,30592.33,30609.83,22142
2026-07-15T06:30:00+00:00,30609.83,30614.08,30578.58,30599.83,19116
2026-07-15T07:00:00+00:00,30599.83,30631.33,30497.450000000004,30536.33,29054
2026-07-15T07:30:00+00:00,30536.33,30573.83,30514.58,30565.33,25018
2026-07-15T08:00:00+00:00,30565.33,30567.700000000004,30440.700000000004,30482.450000000004,34031
2026-07-15T08:30:00+00:00,30482.450000000004,30512.200000000004,30466.700000000004,30505.950000000004,25214
2026-07-15T09:00:00+00:00,30505.950000000004,30532.200000000004,30505.450000000004,30518.08,19651
2026-07-15T09:30:00+00:00,30518.08,30528.08,30483.400000000005,30492.950000000004,20675
2026-07-15T10:00:00+00:00,30492.950000000004,30516.200000000004,30455.150000000005,30465.58,23220
2026-07-15T10:30:00+00:00,30465.58,30502.33,30458.33,30495.700000000004,19846
2026-07-15T11:00:00+00:00,30495.700000000004,30522.33,30484.58,30489.950000000004,26612
2026-07-15T11:30:00+00:00,30489.950000000004,30511.450000000004,30474.08,30481.200000000004,24589
2026-07-15T12:00:00+00:00,30481.200000000004,30486.450000000004,30425.08,30441.400000000005,30066
2026-07-15T12:30:00+00:00,30441.400000000005,30564.200000000004,30426.150000000005,30549.33,45425
2026-07-15T13:00:00+00:00,30549.33,30568.08,30505.33,30523.700000000004,39113
2026-07-15T13:30:00+00:00,30523.700000000004,30546.730000000003,30324.350000000002,30392.350000000002,252193
2026-07-15T14:00:00+00:00,30392.350000000002,30461.230000000003,30207.650000000005,30292.600000000002,234879
2026-07-15T14:30:00+00:00,30292.600000000002,30306.100000000002,30106.230000000003,30200.730000000003,235681
2026-07-15T15:00:00+00:00,30200.730000000003,30230.850000000002,30095.900000000005,30210.230000000003,178605
2026-07-15T15:30:00+00:00,30210.230000000003,30225.480000000003,30131.230000000003,30150.350000000002,135240
2026-07-15T16:00:00+00:00,30150.350000000002,30168.850000000002,30000.600000000002,30030.730000000003,138843
2026-07-15T16:30:00+00:00,30030.730000000003,30105.900000000005,29966.230000000003,30081.980000000003,123915
2026-07-15T17:00:00+00:00,30081.980000000003,30177.350000000002,30074.100000000002,30173.480000000003,77144
2026-07-15T17:30:00+00:00,30173.480000000003,30274.980000000003,30173.480000000003,30255.350000000002,68572
2026-07-15T18:00:00+00:00,30255.350000000002,30312.280000000006,30251.350000000002,30294.160000000007,56640.376721633955
2026-07-15T18:30:00+00:00,30294.160000000007,30304.410000000007,30164.660000000007,30182.160000000007,72839
2026-07-15T19:00:00+00:00,30182.160000000007,30238.410000000007,30158.910000000007,30212.410000000007,81679
2026-07-15T19:30:00+00:00,30212.410000000007,30276.160000000007,30178.030000000006,30270.280000000006,100485
2026-07-15T20:00:00+00:00,30270.280000000006,30306.260000000006,30230.08000000001,30288.010000000006,23125
2026-07-15T20:30:00+00:00,30288.010000000006,30289.260000000006,30269.58000000001,30277.83000000001,7361
2026-07-15T22:00:00+00:00,30277.83000000001,30322.250000000007,30269.450000000008,30290.63000000001,11869
2026-07-15T22:30:00+00:00,30290.63000000001,30298.000000000007,30249.700000000008,30290.450000000008,12537
2026-07-15T23:00:00+00:00,30290.450000000008,30309.750000000007,30269.700000000008,30290.700000000008,9091
2026-07-15T23:30:00+00:00,30290.700000000008,30306.88000000001,30255.450000000008,30264.750000000007,12452
2026-07-16T00:00:00+00:00,30264.750000000007,30336.250000000007,30236.750000000007,30243.630000000005,42875
2026-07-16T00:30:00+00:00,30243.630000000005,30269.500000000007,30196.130000000005,30225.500000000007,36055
2026-07-16T01:00:00+00:00,30225.500000000007,30240.950000000004,30175.630000000005,30178.880000000005,37297
2026-07-16T01:30:00+00:00,30178.880000000005,30260.130000000005,30168.380000000005,30223.630000000005,40805
2026-07-16T02:00:00+00:00,30223.630000000005,30279.380000000005,30194.380000000005,30270.250000000007,26682
2026-07-16T02:30:00+00:00,30270.250000000007,30309.000000000007,30246.630000000005,30301.250000000007,21439
2026-07-16T03:00:00+00:00,30301.250000000007,30325.250000000007,30284.380000000005,30290.130000000005,16278
2026-07-16T03:30:00+00:00,30290.130000000005,30320.250000000007,30281.130000000005,30317.380000000005,21486
2026-07-16T04:00:00+00:00,30317.380000000005,30329.380000000005,30283.880000000005,30290.500000000007,16261
2026-07-16T04:30:00+00:00,30290.500000000007,30294.750000000007,30271.380000000005,30282.000000000007,16024
2026-07-16T05:00:00+00:00,30282.000000000007,30349.130000000005,30271.250000000007,30340.130000000005,23457
2026-07-16T05:30:00+00:00,30340.130000000005,30369.880000000005,30241.130000000005,30260.750000000007,31884
2026-07-16T06:00:00+00:00,30260.750000000007,30321.700000000004,30220.500000000007,30259.700000000004,29629
2026-07-16T06:30:00+00:00,30259.700000000004,30270.380000000005,30215.950000000004,30258.630000000005,18549
2026-07-16T07:00:00+00:00,30258.630000000005,30258.630000000005,30186.000000000007,30196.630000000005,29192
2026-07-16T07:30:00+00:00,30196.630000000005,30203.130000000005,30122.250000000007,30136.500000000007,22480
2026-07-16T08:00:00+00:00,30136.500000000007,30145.750000000007,30052.000000000007,30112.500000000007,33046
2026-07-16T08:30:00+00:00,30112.500000000007,30168.630000000005,30102.630000000005,30165.380000000005,21874
2026-07-16T09:00:00+00:00,30165.380000000005,30218.380000000005,30165.380000000005,30187.750000000007,21377
2026-07-16T09:30:00+00:00,30187.750000000007,30205.630000000005,30101.880000000005,30104.630000000005,21857
2026-07-16T10:00:00+00:00,30104.630000000005,30135.250000000007,30085.630000000005,30112.250000000007,18416
2026-07-16T10:30:00+00:00,30112.250000000007,30128.630000000005,30077.000000000007,30103.750000000007,19905
2026-07-16T11:00:00+00:00,30103.750000000007,30104.750000000007,30021.130000000005,30045.750000000007,27015
2026-07-16T11:30:00+00:00,30045.750000000007,30046.000000000007,29934.950000000004,30020.500000000007,33566
2026-07-16T12:00:00+00:00,30020.500000000007,30031.630000000005,29953.000000000007,29979.700000000004,31474
2026-07-16T12:30:00+00:00,29979.700000000004,29993.130000000005,29937.630000000005,29966.250000000007,39035
2026-07-16T13:00:00+00:00,29966.250000000007,30061.630000000005,29963.000000000007,30036.750000000007,41797
2026-07-16T13:30:00+00:00,30036.750000000007,30103.030000000006,29834.150000000005,29920.450000000004,282390
2026-07-16T14:00:00+00:00,29920.450000000004,30074.150000000005,29895.200000000004,30056.780000000006,216128
2026-07-16T14:30:00+00:00,30056.780000000006,30076.030000000006,29937.780000000006,30008.900000000005,172022
2026-07-16T15:00:00+00:00,30008.900000000005,30032.030000000006,29910.780000000006,29980.650000000005,144878
2026-07-16T15:30:00+00:00,29980.650000000005,30039.900000000005,29929.400000000005,29965.530000000006,115480
2026-07-16T16:00:00+00:00,29965.530000000006,29969.150000000005,29835.950000000004,29873.900000000005,122188
2026-07-16T16:30:00+00:00,29873.900000000005,29925.900000000005,29845.150000000005,29912.400000000005,105033
2026-07-16T17:00:00+00:00,29912.400000000005,29916.280000000006,29849.530000000006,29907.530000000006,85395
2026-07-16T17:30:00+00:00,29907.530000000006,29918.400000000005,29794.030000000006,29817.280000000006,84298
2026-07-16T18:00:00+00:00,29817.280000000006,29878.030000000006,29791.700000000004,29843.650000000005,107332
2026-07-16T18:30:00+00:00,29843.650000000005,29843.650000000005,29773.400000000005,29784.780000000006,82999
2026-07-16T19:00:00+00:00,29784.780000000006,29816.280000000006,29694.280000000006,29722.530000000006,94810
2026-07-16T19:30:00+00:00,29722.530000000006,29807.400000000005,29653.530000000006,29790.900000000005,113946
2026-07-16T20:00:00+00:00,29790.900000000005,29803.200000000004,29736.130000000005,29754.380000000005,33511
2026-07-16T20:30:00+00:00,29754.380000000005,29763.380000000005,29737.880000000005,29751.820000000007,14013
2026-07-16T22:00:00+00:00,29751.820000000007,29798.010000000006,29716.960000000006,29719.010000000006,11923
2026-07-16T22:30:00+00:00,29719.010000000006,29738.640000000007,29695.760000000006,29715.390000000007,10987
2026-07-16T23:00:00+00:00,29715.390000000007,29723.890000000007,29656.140000000007,29672.140000000007,12716
2026-07-16T23:30:00+00:00,29672.140000000007,29708.510000000006,29640.510000000006,29675.010000000006,21920
2026-07-17T00:00:00+00:00,29675.010000000006,29704.010000000006,29592.010000000006,29598.260000000006,47940
2026-07-17T00:30:00+00:00,29598.260000000006,29662.010000000006,29575.390000000007,29636.890000000007,35902
2026-07-17T01:00:00+00:00,29636.890000000007,29685.390000000007,29591.460000000006,29619.890000000007,30168
2026-07-17T01:30:00+00:00,29619.890000000007,29622.260000000006,29525.760000000006,29551.140000000007,35363
2026-07-17T02:00:00+00:00,29551.140000000007,29565.390000000007,29497.510000000006,29508.510000000006,25756
2026-07-17T02:30:00+00:00,29508.510000000006,29518.010000000006,29482.710000000006,29504.010000000006,23724
2026-07-17T03:00:00+00:00,29504.010000000006,29605.510000000006,29495.890000000007,29594.510000000006,24440
2026-07-17T03:30:00+00:00,29594.510000000006,29596.260000000006,29490.510000000006,29491.260000000006,25577
2026-07-17T04:00:00+00:00,29491.260000000006,29492.010000000006,29383.260000000006,29388.390000000007,28007
2026-07-17T04:30:00+00:00,29388.390000000007,29420.510000000006,29355.010000000006,29385.260000000006,34992
2026-07-17T05:00:00+00:00,29385.260000000006,29401.260000000006,29363.760000000006,29370.640000000007,33973
2026-07-17T05:30:00+00:00,29370.640000000007,29390.890000000007,29306.760000000006,29335.510000000006,37887
2026-07-17T06:00:00+00:00,29335.510000000006,29404.260000000006,29304.760000000006,29394.960000000006,32788
2026-07-17T06:30:00+00:00,29394.960000000006,29404.260000000006,29312.260000000006,29323.390000000007,28755
2026-07-17T07:00:00+00:00,29323.390000000007,29346.760000000006,29293.890000000007,29326.890000000007,40918
2026-07-17T07:30:00+00:00,29326.890000000007,29338.210000000006,29263.260000000006,29266.510000000006,34676
2026-07-17T08:00:00+00:00,29266.510000000006,29314.010000000006,29157.890000000007,29188.510000000006,55265
2026-07-17T08:30:00+00:00,29188.510000000006,29239.510000000006,29136.760000000006,29208.760000000006,37260
2026-07-17T09:00:00+00:00,29208.760000000006,29269.760000000006,29199.390000000007,29269.760000000006,33705
2026-07-17T09:30:00+00:00,29269.760000000006,29307.010000000006,29242.260000000006,29290.760000000006,30057
2026-07-17T10:00:00+00:00,29290.760000000006,29366.640000000007,29272.710000000006,29353.890000000007,34426
2026-07-17T10:30:00+00:00,29353.890000000007,29404.510000000006,29343.760000000006,29363.890000000007,27488
2026-07-17T11:00:00+00:00,29363.890000000007,29387.640000000007,29308.890000000007,29340.890000000007,32511
2026-07-17T11:30:00+00:00,29340.890000000007,29344.140000000007,29298.510000000006,29320.010000000006,30572
2026-07-17T12:00:00+00:00,29320.010000000006,29325.010000000006,29242.390000000007,29255.390000000007,34563
2026-07-17T12:30:00+00:00,29255.390000000007,29270.140000000007,29226.890000000007,29244.760000000006,35834
2026-07-17T13:00:00+00:00,29244.760000000006,29245.260000000006,29161.510000000006,29186.260000000006,55712
2026-07-17T13:30:00+00:00,29186.260000000006,29264.410000000007,28988.540000000005,29254.960000000006,297991
2026-07-17T14:00:00+00:00,29254.960000000006,29467.160000000007,29245.710000000006,29411.790000000005,267476
2026-07-17T14:30:00+00:00,29411.790000000005,29474.540000000005,29301.660000000007,29306.910000000007,229130
2026-07-17T15:00:00+00:00,29306.910000000007,29338.660000000007,29254.290000000005,29332.040000000005,195131
2026-07-17T15:30:00+00:00,29332.040000000005,29528.290000000005,29300.460000000006,29513.410000000007,163177
2026-07-17T16:00:00+00:00,29513.410000000007,29535.160000000007,29427.290000000005,29494.660000000007,156181
2026-07-17T16:30:00+00:00,29494.660000000007,29608.290000000005,29466.660000000007,29555.540000000005,111052
2026-07-17T17:00:00+00:00,29555.540000000005,29626.040000000005,29547.040000000005,29615.540000000005,98583
2026-07-17T17:30:00+00:00,29615.540000000005,29621.660000000007,29465.040000000005,29476.040000000005,99985
2026-07-17T18:00:00+00:00,29476.040000000005,29515.410000000007,29402.660000000007,29432.410000000007,106704
2026-07-17T18:30:00+00:00,29432.410000000007,29471.790000000005,29376.790000000005,29441.790000000005,103109
2026-07-17T19:00:00+00:00,29441.790000000005,29449.040000000005,29299.040000000005,29375.410000000007,109883
2026-07-17T19:30:00+00:00,29375.410000000007,29433.290000000005,29335.410000000007,29344.410000000007,156279
2026-07-17T20:00:00+00:00,29344.410000000007,29344.640000000007,28581.79,28592.41,43783
2026-07-17T20:30:00+00:00,28592.41,28611.54,28592.41,28610.36,8952
2026-07-19T22:00:00+00:00,28610.36,28679.16,28577.54,28631.61,25057
2026-07-19T22:30:00+00:00,28631.61,28716.41,28625.54,28682.41,15784
2026-07-19T23:00:00+00:00,28682.41,28702.36,28648.86,28671.04,18059
2026-07-19T23:30:00+00:00,28671.04,28742.91,28659.86,28736.04,29927
2026-07-20T00:00:00+00:00,28736.04,28830.04,28673.54,28801.41,54454
2026-07-20T00:30:00+00:00,28801.41,28804.41,28718.91,28725.11,50153
2026-07-20T01:00:00+00:00,28725.11,28784.66,28679.66,28682.66,68388
2026-07-20T01:30:00+00:00,28682.66,28701.16,28630.41,28663.29,59625
2026-07-20T02:00:00+00:00,28663.29,28753.91,28660.54,28677.16,51546
2026-07-20T02:30:00+00:00,28677.16,28804.91,28677.16,28753.54,46131
2026-07-20T03:00:00+00:00,28753.54,28779.91,28723.16,28744.41,42194
2026-07-20T03:30:00+00:00,28744.41,28804.41,28717.66,28764.29,38895
2026-07-20T04:00:00+00:00,28764.29,28785.54,28711.29,28766.54,34920
2026-07-20T04:30:00+00:00,28766.54,28808.91,28755.66,28763.66,32740
2026-07-20T05:00:00+00:00,28763.66,28769.41,28679.04,28699.16,39731
2026-07-20T05:30:00+00:00,28699.16,28703.91,28656.41,28673.91,36438
2026-07-20T06:00:00+00:00,28673.91,28689.91,28635.79,28653.04,37816
2026-07-20T06:30:00+00:00,28653.04,28680.16,28633.16,28671.66,30730
2026-07-20T07:00:00+00:00,28671.66,28752.41,28665.11,28746.41,40131
2026-07-20T07:30:00+00:00,28746.41,28792.41,28744.29,28776.41,41092
2026-07-20T08:00:00+00:00,28776.41,28806.41,28756.66,28768.66,36142
2026-07-20T08:30:00+00:00,28768.66,28773.29,28727.66,28747.91,27446
2026-07-20T09:00:00+00:00,28747.91,28782.91,28722.54,28773.29,26902
2026-07-20T09:30:00+00:00,28773.29,28865.04,28765.41,28819.16,24436
2026-07-20T10:00:00+00:00,28819.16,28828.91,28788.29,28823.54,23461
2026-07-20T10:30:00+00:00,28823.54,28846.41,28814.04,28836.54,24554
2026-07-20T11:00:00+00:00,28836.54,28891.16,28831.16,28865.04,28570
2026-07-20T11:30:00+00:00,28865.04,28975.29,28862.91,28939.91,53890
2026-07-20T12:00:00+00:00,28939.91,28942.91,28849.16,28901.66,50436
2026-07-20T12:30:00+00:00,28901.66,28912.79,28868.54,28891.29,32699
2026-07-20T13:00:00+00:00,28891.29,28926.41,28888.79,28910.41,44266
2026-07-20T13:30:00+00:00,28910.41,29058.81,28848.31,28862.94,220217
2026-07-20T14:00:00+00:00,28862.94,28914.44,28775.81,28897.19,227548
2026-07-20T14:30:00+00:00,28897.19,28916.81,28743.19,28759.56,202438
2026-07-20T15:00:00+00:00,28759.56,28889.44,28740.69,28882.94,162458
2026-07-20T15:30:00+00:00,28882.94,28931.69,28843.06,28918.56,114524
2026-07-20T16:00:00+00:00,28918.56,28985.94,28896.94,28951.44,84328
2026-07-20T16:30:00+00:00,28951.44,28967.94,28823.44,28850.69,102028
2026-07-20T17:00:00+00:00,28850.69,28866.44,28779.31,28824.94,85620
2026-07-20T17:30:00+00:00,28824.94,28849.69,28768.44,28823.94,76600
2026-07-20T18:00:00+00:00,28823.94,28877.06,28799.94,28815.44,73265
2026-07-20T18:30:00+00:00,28815.44,28815.94,28723.31,28737.81,88129
2026-07-20T19:00:00+00:00,28737.81,28763.06,28664.31,28721.69,103992
2026-07-20T19:30:00+00:00,28721.69,28760.44,28635.69,28651.19,104536
2026-07-20T20:00:00+00:00,28651.19,28696.66,28617.79,28625.79,27168
2026-07-20T20:30:00+00:00,28625.79,28652.29,28624.91,28643.86,10216
2026-07-20T22:00:00+00:00,28643.86,28669.55,28575.3,28588.62,12545
2026-07-20T22:30:00+00:00,28588.62,28602.92,28571.12,28586.3,8473
2026-07-20T23:00:00+00:00,28586.3,28690.92,28581.8,28688.67,13644
2026-07-20T23:30:00+00:00,28688.67,28697.17,28627.67,28649.17,20469
2026-07-21T00:00:00+00:00,28649.17,28703.8,28576.17,28687.05,68529
2026-07-21T00:30:00+00:00,28687.05,28766.05,28683.67,28727.17,41423
2026-07-21T01:00:00+00:00,28727.17,28781.17,28706.92,28760.42,40792
2026-07-21T01:30:00+00:00,28760.42,28790.42,28736.42,28752.55,35869
2026-07-21T02:00:00+00:00,28752.55,28807.3,28729.05,28763.05,32080
2026-07-21T02:30:00+00:00,28763.05,28825.67,28763.05,28823.8,23481
2026-07-21T03:00:00+00:00,28823.8,28866.67,28821.55,28865.17,15347
2026-07-21T03:30:00+00:00,28865.17,28946.92,28862.17,28941.55,20770
2026-07-21T04:00:00+00:00,28941.55,28958.17,28925.05,28934.67,16023
2026-07-21T04:30:00+00:00,28934.67,28945.67,28918.3,28924.8,14683
2026-07-21T05:00:00+00:00,28924.8,28939.92,28886.42,28935.67,22066
2026-07-21T05:30:00+00:00,28935.67,28973.8,28908.92,28967.92,20938
2026-07-21T06:00:00+00:00,28967.92,29010.67,28965.3,28979.67,21640
2026-07-21T06:30:00+00:00,28979.67,29024.42,28979.67,29016.05,19207
2026-07-21T07:00:00+00:00,29016.05,29029.42,28961.92,28973.17,27185
2026-07-21T07:30:00+00:00,28973.17,28996.05,28957.42,28987.67,20700
2026-07-21T08:00:00+00:00,28987.67,29037.55,28973.87,29037.55,23984
2026-07-21T08:30:00+00:00,29037.55,29045.55,29019.55,29036.8,16011
2026-07-21T09:00:00+00:00,29036.8,29064.92,29032.17,29036.05,17201
2026-07-21T09:30:00+00:00,29036.05,29054.3,29020.8,29023.92,14964
2026-07-21T10:00:00+00:00,29023.92,29067.42,29023.92,29043.67,21742
2026-07-21T10:30:00+00:00,29043.67,29072.17,29025.8,29036.3,16412
2026-07-21T11:00:00+00:00,29036.3,29053.05,28990.55,28997.67,21633
2026-07-21T11:30:00+00:00,28997.67,29051.55,28996.05,29022.42,20641
2026-07-21T12:00:00+00:00,29022.42,29063.92,29003.05,29003.05,30343
2026-07-21T12:30:00+00:00,29003.05,29056.55,28981.55,29042.42,36993
2026-07-21T13:00:00+00:00,29042.42,29091.55,29026.3,29091.3,34093
2026-07-21T13:30:00+00:00,29091.3,29114.45,28962.7,29021.45,281998
2026-07-21T14:00:00+00:00,29021.45,29087.45,28934.95,29076.57,206461
2026-07-21T14:30:00+00:00,29076.57,29124.7,29033.32,29107.45,123947
2026-07-21T15:00:00+00:00,29107.45,29189.32,29051.7,29177.2,85727
2026-07-21T15:30:00+00:00,29177.2,29177.95,29127.57,29129.45,57180
2026-07-21T16:00:00+00:00,29129.45,29206.82,29124.45,29181.95,53735
2026-07-21T16:30:00+00:00,29181.95,29221.07,29173.32,29201.45,38653
2026-07-21T17:00:00+00:00,29201.45,29225.07,29193.07,29202.82,41793
2026-07-21T17:30:00+00:00,29202.82,29232.32,29197.7,29211.45,37577
2026-07-21T18:00:00+00:00,29211.45,29231.07,29189.2,29195.07,36657
2026-07-21T18:30:00+00:00,29195.07,29225.32,29180.82,29197.82,35566
2026-07-21T19:00:00+00:00,29197.82,29205.07,29160.82,29163.45,43069
2026-07-21T19:30:00+00:00,29163.45,29219.07,29161.45,29182.2,60108
2026-07-21T20:00:00+00:00,29182.2,29185.55,29153.3,29162.3,21292
2026-07-21T20:30:00+00:00,29162.3,29171.67,29148.8,29159.12,8454
2026-07-21T22:00:00+00:00,29159.12,29178.23,29133.55,29138.35,12673
2026-07-21T22:30:00+00:00,29138.35,29149.1,29120.98,29141.98,10126
2026-07-21T23:00:00+00:00,29141.98,29171.35,29129.6,29163.98,9738
2026-07-21T23:30:00+00:00,29163.98,29171.85,29138.35,29165.85,17034
2026-07-22T00:00:00+00:00,29165.85,29204.23,29154.6,29167.48,47065
2026-07-22T00:30:00+00:00,29167.48,29172.98,29127.48,29156.48,37325
2026-07-22T01:00:00+00:00,29156.48,29161.98,29102.48,29114.23,30811
2026-07-22T01:30:00+00:00,29114.23,29172.98,29100.48,29144.6,30352
2026-07-22T02:00:00+00:00,29144.6,29152.1,29106.98,29144.1,28555
2026-07-22T02:30:00+00:00,29144.1,29145.1,29097.23,29107.23,26998
2026-07-22T03:00:00+00:00,29107.23,29129.73,29078.35,29129.6,24703
2026-07-22T03:30:00+00:00,29129.6,29134.85,29058.35,29067.35,26413
2026-07-22T04:00:00+00:00,29067.35,29106.35,29056.1,29101.35,20497
2026-07-22T04:30:00+00:00,29101.35,29101.35,29061.73,29089.35,21331
2026-07-22T05:00:00+00:00,29089.35,29092.98,29033.73,29033.73,33832
2026-07-22T05:30:00+00:00,29033.73,29051.73,29008.73,29040.73,33015
2026-07-22T06:00:00+00:00,29040.73,29040.98,28928.1,28947.35,30912
2026-07-22T06:30:00+00:00,28947.35,28982.73,28930.98,28960.1,22863
2026-07-22T07:00:00+00:00,28960.1,28991.73,28918.98,28986.6,31400
2026-07-22T07:30:00+00:00,28986.6,28991.1,28894.48,28924.48,33129
2026-07-22T08:00:00+00:00,28924.48,28974.6,28908.73,28969.6,38759
2026-07-22T08:30:00+00:00,28969.6,28985.35,28948.48,28978.1,26803
2026-07-22T09:00:00+00:00,28978.1,29017.35,28975.1,28993.35,24646
2026-07-22T09:30:00+00:00,28993.35,28995.73,28957.6,28995.48,24875
2026-07-22T10:00:00+00:00,28995.48,29034.73,28981.48,29029.35,27128
2026-07-22T10:30:00+00:00,29029.35,29040.98,29001.6,29022.48,25462
2026-07-22T11:00:00+00:00,29022.48,29032.48,28967.1,28970.23,29004
2026-07-22T11:30:00+00:00,28970.23,28981.85,28886.1,28922.48,35346
2026-07-22T12:00:00+00:00,28922.48,28939.23,28863.23,28894.35,31502
2026-07-22T12:30:00+00:00,28894.35,28935.98,28830.55,28884.98,41282
2026-07-22T13:00:00+00:00,28884.98,28966.48,28884.98,28957.85,37510
2026-07-22T13:30:00+00:00,28957.85,29144.88,28957.85,29144,216495
2026-07-22T14:00:00+00:00,29144,29151.38,29064.63,29087.63,169509
2026-07-22T14:30:00+00:00,29087.63,29127.5,29042.88,29108.5,148824
2026-07-22T15:00:00+00:00,29108.5,29210.13,29108.5,29192.88,88285
2026-07-22T15:30:00+00:00,29192.88,29203.13,29143.25,29198,72421
2026-07-22T16:00:00+00:00,29198,29203,29168.88,29179.38,51093
2026-07-22T16:30:00+00:00,29179.38,29196.38,29145.38,29178.75,48249
2026-07-22T17:00:00+00:00,29178.75,29199,29163.63,29173.63,43485
2026-07-22T17:30:00+00:00,29173.63,29187.88,29102.88,29112.38,48929
2026-07-22T18:00:00+00:00,29112.38,29138.5,29090.88,29107.38,52976
2026-07-22T18:30:00+00:00,29107.38,29126.63,29076.38,29113.75,41862
2026-07-22T19:00:00+00:00,29113.75,29127.25,29083.63,29121.25,47153
2026-07-22T19:30:00+00:00,29121.25,29122.13,29027.13,29027.13,68793
2026-07-22T20:00:00+00:00,29027.13,29126.98,28987.3,29085.85,50042
2026-07-22T20:30:00+00:00,29085.85,29092.35,29034.3,29034.3,18713
2026-07-22T22:00:00+00:00,29034.3,29034.3,28931.68,28952.81,17690
2026-07-22T22:30:00+00:00,28952.81,28958.93,28910.31,28942.93,14548
2026-07-22T23:00:00+00:00,28942.93,28951.06,28898.68,28928.81,12051
2026-07-22T23:30:00+00:00,28928.81,29013.93,28928.68,29013.43,17074
2026-07-23T00:00:00+00:00,29013.43,29126.56,29003.68,29097.56,37128
2026-07-23T00:30:00+00:00,29097.56,29152.31,29089.68,29126.31,29722
2026-07-23T01:00:00+00:00,29126.31,29143.68,29102.93,29110.31,31555
2026-07-23T01:30:00+00:00,29110.31,29130.43,29046.68,29047.31,43990
2026-07-23T02:00:00+00:00,29047.31,29070.81,28963.31,28974.93,32825
2026-07-23T02:30:00+00:00,28974.93,28995.93,28929.93,28962.18,29310
2026-07-23T03:00:00+00:00,28962.18,28967.56,28901.31,28954.56,26824
2026-07-23T03:30:00+00:00,28954.56,28998.81,28943.06,28982.31,31364
2026-07-23T04:00:00+00:00,28982.31,29032.81,28938.68,29021.56,25573
2026-07-23T04:30:00+00:00,29021.56,29036.06,28983.18,28995.06,26400
2026-07-23T05:00:00+00:00,28995.06,29041.18,28969.93,29041.18,31236
2026-07-23T05:30:00+00:00,29041.18,29053.56,28950.18,28957.68,30992
2026-07-23T06:00:00+00:00,28957.68,28987.06,28948.31,28977.93,31591
2026-07-23T06:30:00+00:00,28977.93,28989.93,28947.43,28954.68,24915
2026-07-23T07:00:00+00:00,28954.68,28956.68,28825.18,28886.81,46363
2026-07-23T07:30:00+00:00,28886.81,28890.81,28792.93,28858.06,37949
2026-07-23T08:00:00+00:00,28858.06,28931.68,28829.68,28920.93,36226
2026-07-23T08:30:00+00:00,28920.93,28981.18,28901.56,28973.68,28945
2026-07-23T09:00:00+00:00,28973.68,29007.68,28948.56,28961.81,28957
2026-07-23T09:30:00+00:00,28961.81,28961.93,28916.18,28925.81,25670
2026-07-23T10:00:00+00:00,28925.81,28937.81,28907.68,28923.68,26551
2026-07-23T10:30:00+00:00,28923.68,28992.81,28917.31,28973.18,26734
2026-07-23T11:00:00+00:00,28973.18,28978.18,28863.68,28865.06,36016
2026-07-23T11:30:00+00:00,28865.06,28872.31,28784.43,28835.56,42945
2026-07-23T12:00:00+00:00,28835.56,28837.31,28726.06,28735.88,43550
2026-07-23T12:30:00+00:00,28735.88,28744.13,28627.43,28657.56,67785
2026-07-23T13:00:00+00:00,28657.56,28675.06,28569.31,28589.56,73771
2026-07-23T13:30:00+00:00,28589.56,28752.829999999998,28528.579999999998,28579.46,314247
2026-07-23T14:00:00+00:00,28579.46,28670.96,28550.079999999998,28604.46,290181
2026-07-23T14:30:00+00:00,28604.46,28642.579999999998,28448.829999999998,28468.579999999998,244306
2026-07-23T15:00:00+00:00,28468.579999999998,28474.96,28319.579999999998,28336.829999999998,174337
2026-07-23T15:30:00+00:00,28336.829999999998,28460.579999999998,28303.96,28459.079999999998,149301
2026-07-23T16:00:00+00:00,28459.079999999998,28585.829999999998,28444.71,28578.079999999998,123048
2026-07-23T16:30:00+00:00,28578.079999999998,28608.96,28480.829999999998,28512.329999999998,116585
2026-07-23T17:00:00+00:00,28512.329999999998,28547.329999999998,28459.71,28523.71,123788
2026-07-23T17:30:00+00:00,28523.71,28527.329999999998,28437.21,28439.579999999998,123708
2026-07-23T18:00:00+00:00,28439.579999999998,28455.21,28413.96,28446.329999999998,96516
2026-07-23T18:30:00+00:00,28446.329999999998,28473.96,28396.579999999998,28421.21,79090
2026-07-23T19:00:00+00:00,28421.21,28465.079999999998,28372.46,28453.21,73796
2026-07-23T19:30:00+00:00,28453.21,28503.829999999998,28357.46,28482.46,116652
2026-07-23T20:00:00+00:00,28482.46,28647.56,28482.46,28639.81,40419
2026-07-23T20:30:00+00:00,28639.81,28651.93,28596.06,28611.25,20429
2026-07-23T22:00:00+00:00,28611.25,28611.25,28499.73,28538.61,18932
2026-07-23T22:30:00+00:00,28538.61,28607.11,28538.23,28605.36,12269
2026-07-23T23:00:00+00:00,28605.36,28609.36,28565.11,28575.11,11449
2026-07-23T23:30:00+00:00,28575.11,28584.36,28534.11,28554.86,28070
2026-07-24T00:00:00+00:00,28554.86,28599.61,28491.36,28519.61,66770
2026-07-24T00:30:00+00:00,28519.61,28554.86,28497.73,28545.98,50510
2026-07-24T01:00:00+00:00,28545.98,28576.73,28516.73,28531.23,52720
2026-07-24T01:30:00+00:00,28531.23,28559.73,28486.61,28489.61,52068
2026-07-24T02:00:00+00:00,28489.61,28506.48,28461.86,28469.48,41387
2026-07-24T02:30:00+00:00,28469.48,28473.73,28391.98,28394.86,32686
2026-07-24T03:00:00+00:00,28394.86,28434.98,28393.61,28420.11,33847
2026-07-24T03:30:00+00:00,28420.11,28430.36,28356.73,28360.73,37918
2026-07-24T04:00:00+00:00,28360.73,28431.36,28342.36,28426.36,27859
2026-07-24T04:30:00+00:00,28426.36,28446.23,28387.11,28440.36,31238
2026-07-24T05:00:00+00:00,28440.36,28476.48,28423.36,28457.61,36671
2026-07-24T05:30:00+00:00,28457.61,28481.61,28419.48,28420.98,33305
2026-07-24T06:00:00+00:00,28420.98,28451.11,28378.61,28411.11,29498
2026-07-24T06:30:00+00:00,28411.11,28436.23,28357.11,28419.36,27343
2026-07-24T07:00:00+00:00,28419.36,28538.48,28415.61,28528.23,36475
2026-07-24T07:30:00+00:00,28528.23,28533.23,28485.86,28490.61,26698
2026-07-24T08:00:00+00:00,28490.61,28497.11,28432.36,28496.98,37564
2026-07-24T08:30:00+00:00,28496.98,28524.36,28484.48,28496.36,26472
2026-07-24T09:00:00+00:00,28496.36,28556.98,28486.98,28548.23,30761
2026-07-24T09:30:00+00:00,28548.23,28579.23,28538.98,28574.98,21455
2026-07-24T10:00:00+00:00,28574.98,28580.11,28529.23,28542.98,19916
2026-07-24T10:30:00+00:00,28542.98,28560.61,28508.61,28514.98,23206
2026-07-24T11:00:00+00:00,28514.98,28541.73,28507.11,28517.73,29685
2026-07-24T11:30:00+00:00,28517.73,28572.61,28477.23,28554.23,35699
2026-07-24T12:00:00+00:00,28554.23,28570.48,28500.86,28561.86,41900
2026-07-24T12:30:00+00:00,28561.86,28563.73,28463.73,28466.98,35139
2026-07-24T13:00:00+00:00,28466.98,28490.61,28414.86,28414.86,46419
2026-07-24T13:30:00+00:00,28414.86,28496.51,28189.63,28198.68,297099
2026-07-24T14:00:00+00:00,28198.68,28326.51,28176.76,28267.01,276112
2026-07-24T14:30:00+00:00,28267.01,28332.88,28130.51,28325.51,222017
2026-07-24T15:00:00+00:00,28325.51,28431.51,28231.13,28376.01,215046
2026-07-24T15:30:00+00:00,28376.01,28458.63,28360.63,28452.13,140466
2026-07-24T16:00:00+00:00,28452.13,28506.13,28426.51,28441.88,98523
2026-07-24T16:30:00+00:00,28441.88,28443.51,28337.51,28370.51,103790
2026-07-24T17:00:00+00:00,28370.51,28396.88,28303.51,28390.01,102514
2026-07-24T17:30:00+00:00,28390.01,28418.76,28327.88,28342.01,84442
2026-07-24T18:00:00+00:00,28342.01,28361.26,28209.63,28213.01,81625
2026-07-24T18:30:00+00:00,28213.01,28221.26,28134.88,28177.13,106117
2026-07-24T19:00:00+00:00,28177.13,28203.26,28088.76,28130.26,112910
2026-07-24T19:30:00+00:00,28130.26,28178.01,28100.76,28161.51,118519
2026-07-24T20:00:00+00:00,28161.51,28190.66,28135.18,28167.16,32977
2026-07-24T20:30:00+00:00,28167.16,28170.16,28146.86,28168.24,7992
2026-07-26T22:00:00+00:00,28168.24,28548.08,28168.24,28495.08,20059
2026-07-26T22:30:00+00:00,28495.08,28513.510000000002,28477.260000000002,28482.510000000002,13496
2026-07-26T23:00:00+00:00,28482.510000000002,28510.630000000005,28471.510000000002,28490.010000000002,13178
2026-07-26T23:30:00+00:00,28490.010000000002,28603.260000000002,28483.130000000005,28600.630000000005,20090
2026-07-27T00:00:00+00:00,28600.630000000005,28602.760000000002,28454.510000000002,28494.760000000002,27775
2026-07-27T00:30:00+00:00,28494.760000000002,28528.260000000002,28468.510000000002,28468.510000000002,29380
2026-07-27T01:00:00+00:00,28468.510000000002,28505.760000000002,28399.330000000005,28411.260000000002,33242
2026-07-27T01:30:00+00:00,28411.260000000002,28490.880000000005,28408.010000000002,28486.630000000005,37519
2026-07-27T02:00:00+00:00,28486.630000000005,28524.630000000005,28459.760000000002,28511.380000000005,31733
2026-07-27T02:30:00+00:00,28511.380000000005,28529.880000000005,28478.880000000005,28486.630000000005,32704
2026-07-27T03:00:00+00:00,28486.630000000005,28522.630000000005,28477.880000000005,28491.260000000002,28208
2026-07-27T03:30:00+00:00,28491.260000000002,28508.760000000002,28466.010000000002,28485.880000000005,32961
2026-07-27T04:00:00+00:00,28485.880000000005,28517.880000000005,28470.260000000002,28492.510000000002,30274
2026-07-27T04:30:00+00:00,28492.510000000002,28535.380000000005,28482.010000000002,28516.760000000002,27717
2026-07-27T05:00:00+00:00,28516.760000000002,28556.130000000005,28510.380000000005,28551.760000000002,26384
2026-07-27T05:30:00+00:00,28551.760000000002,28576.010000000002,28546.760000000002,28567.260000000002,25361
2026-07-27T06:00:00+00:00,28567.260000000002,28600.510000000002,28566.510000000002,28571.260000000002,26956
2026-07-27T06:30:00+00:00,28571.260000000002,28587.260000000002,28552.880000000005,28565.760000000002,22486
2026-07-27T07:00:00+00:00,28565.760000000002,28604.010000000002,28562.630000000005,28577.380000000005,34375
2026-07-27T07:30:00+00:00,28577.380000000005,28578.630000000005,28534.130000000005,28534.130000000005,27625
2026-07-27T08:00:00+00:00,28534.130000000005,28595.260000000002,28533.380000000005,28592.880000000005,38020
2026-07-27T08:30:00+00:00,28592.880000000005,28621.130000000005,28575.630000000005,28608.880000000005,23892
2026-07-27T09:00:00+00:00,28608.880000000005,28610.260000000002,28592.760000000002,28598.260000000002,21156
2026-07-27T09:30:00+00:00,28598.260000000002,28634.510000000002,28591.130000000005,28618.380000000005,19371
2026-07-27T10:00:00+00:00,28618.380000000005,28625.760000000002,28599.260000000002,28610.510000000002,19717
2026-07-27T10:30:00+00:00,28610.510000000002,28629.880000000005,28605.880000000005,28613.760000000002,15466
2026-07-27T11:00:00+00:00,28613.760000000002,28616.510000000002,28523.630000000005,28523.630000000005,24668
2026-07-27T11:30:00+00:00,28523.630000000005,28557.380000000005,28520.760000000002,28545.260000000002,28285
2026-07-27T12:00:00+00:00,28545.260000000002,28569.630000000005,28501.880000000005,28521.580000000005,33788
2026-07-27T12:30:00+00:00,28521.580000000005,28564.010000000002,28505.260000000002,28563.010000000002,33768
2026-07-27T13:00:00+00:00,28563.010000000002,28571.510000000002,28460.760000000002,28460.760000000002,48979
2026-07-27T13:30:00+00:00,28460.760000000002,28486.530000000002,28214.910000000003,28220.030000000002,318448
2026-07-27T14:00:00+00:00,28220.030000000002,28243.660000000003,27951.410000000003,27958.030000000002,251753
2026-07-27T14:30:00+00:00,27958.030000000002,28051.780000000002,27812.530000000002,28042.910000000003,273076
2026-07-27T15:00:00+00:00,28042.910000000003,28070.160000000003,27920.280000000002,27945.530000000002,225042
2026-07-27T15:30:00+00:00,27945.530000000002,27955.780000000002,27853.410000000003,27935.030000000002,181220
2026-07-27T16:00:00+00:00,27935.030000000002,28073.280000000002,27917.530000000002,28026.160000000003,165261
2026-07-27T16:30:00+00:00,28026.160000000003,28068.660000000003,27900.780000000002,27919.530000000002,145866
2026-07-27T17:00:00+00:00,27919.530000000002,27928.030000000002,27860.030000000002,27871.160000000003,112585
2026-07-27T17:30:00+00:00,27871.160000000003,27978.410000000003,27870.160000000003,27977.530000000002,104678
2026-07-27T18:00:00+00:00,27977.530000000002,27993.410000000003,27923.160000000003,27954.530000000002,98885
2026-07-27T18:30:00+00:00,27954.530000000002,28063.660000000003,27893.030000000002,28060.910000000003,102319
2026-07-27T19:00:00+00:00,28060.910000000003,28115.910000000003,28038.780000000002,28115.910000000003,76998
2026-07-27T19:30:00+00:00,28115.910000000003,28126.910000000003,28028.660000000003,28065.160000000003,90461
2026-07-27T20:00:00+00:00,28065.160000000003,28091.510000000002,28041.630000000005,28066.760000000002,26853
2026-07-27T20:30:00+00:00,28066.760000000002,28103.130000000005,28059.880000000005,28082.700000000004,16174
2026-07-27T22:00:00+00:00,28082.700000000004,28101.860000000004,28000.860000000004,28003.110000000004,15447
2026-07-27T22:30:00+00:00,28003.110000000004,28029.480000000003,27999.610000000004,28007.230000000003,11440
2026-07-27T23:00:00+00:00,28007.230000000003,28037.110000000004,27980.230000000003,28035.860000000004,14472
2026-07-27T23:30:00+00:00,28035.860000000004,28051.980000000003,27995.610000000004,28037.480000000003,29576
2026-07-28T00:00:00+00:00,28037.480000000003,28068.860000000004,27944.360000000004,27978.860000000004,79861
2026-07-28T00:30:00+00:00,27978.860000000004,28012.860000000004,27931.110000000004,27945.860000000004,68868
2026-07-28T01:00:00+00:00,27945.860000000004,27952.360000000004,27844.110000000004,27933.730000000003,61779
2026-07-28T01:30:00+00:00,27933.730000000003,27971.110000000004,27882.730000000003,27895.230000000003,56013
2026-07-28T02:00:00+00:00,27895.230000000003,27904.610000000004,27847.230000000003,27861.980000000003,48711
2026-07-28T02:30:00+00:00,27861.980000000003,27881.360000000004,27826.110000000004,27866.980000000003,47814
2026-07-28T03:00:00+00:00,27866.980000000003,27920.480000000003,27807.610000000004,27860.980000000003,44543
2026-07-28T03:30:00+00:00,27860.980000000003,27945.110000000004,27826.480000000003,27923.110000000004,56445
2026-07-28T04:00:00+00:00,27923.110000000004,27923.110000000004,27844.980000000003,27847.730000000003,41436
2026-07-28T04:30:00+00:00,27847.730000000003,27877.230000000003,27826.110000000004,27830.360000000004,39327
2026-07-28T05:00:00+00:00,27830.360000000004,27857.480000000003,27789.860000000004,27794.230000000003,40826
2026-07-28T05:30:00+00:00,27794.230000000003,27798.730000000003,27746.360000000004,27755.110000000004,37364
2026-07-28T06:00:00+00:00,27755.110000000004,27780.980000000003,27714.230000000003,27775.860000000004,43337
2026-07-28T06:30:00+00:00,27775.860000000004,27831.480000000003,27767.230000000003,27821.230000000003,36610
2026-07-28T07:00:00+00:00,27821.230000000003,27862.480000000003,27809.230000000003,27817.980000000003,45288
2026-07-28T07:30:00+00:00,27817.980000000003,27836.110000000004,27782.980000000003,27807.730000000003,39267
2026-07-28T08:00:00+00:00,27807.730000000003,27881.610000000004,27754.730000000003,27876.980000000003,58595
2026-07-28T08:30:00+00:00,27876.980000000003,27925.360000000004,27849.480000000003,27868.360000000004,40461
2026-07-28T09:00:00+00:00,27868.360000000004,27890.610000000004,27856.980000000003,27887.610000000004,36028
2026-07-28T09:30:00+00:00,27887.610000000004,27887.610000000004,27816.730000000003,27831.230000000003,28861
2026-07-28T10:00:00+00:00,27831.230000000003,27843.730000000003,27807.860000000004,27842.360000000004,31252
2026-07-28T10:30:00+00:00,27842.360000000004,27853.730000000003,27779.980000000003,27818.480000000003,37620
2026-07-28T11:00:00+00:00,27818.480000000003,27832.230000000003,27739.480000000003,27757.980000000003,56390
2026-07-28T11:30:00+00:00,27757.980000000003,27847.860000000004,27724.360000000004,27837.610000000004,45933
2026-07-28T12:00:00+00:00,27837.610000000004,27892.230000000003,27823.730000000003,27884.230000000003,46066
2026-07-28T12:30:00+00:00,27884.230000000003,27906.610000000004,27830.980000000003,27868.230000000003,47671
2026-07-28T13:00:00+00:00,27868.230000000003,27902.730000000003,27813.360000000004,27825.980000000003,58420
2026-07-28T13:30:00+00:00,27825.980000000003,27865.380000000005,27519.510000000002,27537.680000000004,307321
2026-07-28T14:00:00+00:00,27537.680000000004,27667.010000000002,27479.880000000005,27580.510000000002,290661
2026-07-28T14:30:00+00:00,27580.510000000002,27764.380000000005,27545.260000000002,27676.510000000002,220000
2026-07-28T15:00:00+00:00,27676.510000000002,27884.630000000005,27642.880000000005,27839.630000000005,185974
2026-07-28T15:30:00+00:00,27839.630000000005,27936.630000000005,27825.130000000005,27922.260000000002,122017
2026-07-28T16:00:00+00:00,27922.260000000002,27943.010000000002,27861.010000000002,27869.260000000002,95283
2026-07-28T16:30:00+00:00,27869.260000000002,27953.510000000002,27829.510000000002,27932.010000000002,96368
2026-07-28T17:00:00+00:00,27932.010000000002,27940.010000000002,27844.510000000002,27871.510000000002,94602
2026-07-28T17:30:00+00:00,27871.510000000002,27916.260000000002,27800.510000000002,27847.510000000002,81023
2026-07-28T18:00:00+00:00,27847.510000000002,27873.760000000002,27789.010000000002,27801.260000000002,82833
2026-07-28T18:30:00+00:00,27801.260000000002,27853.760000000002,27796.010000000002,27847.510000000002,82917
2026-07-28T19:00:00+00:00,27847.510000000002,27896.010000000002,27840.260000000002,27892.260000000002,76170
2026-07-28T19:30:00+00:00,27892.260000000002,27897.760000000002,27788.260000000002,27796.380000000005,95826
2026-07-28T20:00:00+00:00,27796.380000000005,27865.110000000004,27758.930000000004,27851.860000000004,36020
2026-07-28T20:30:00+00:00,27851.860000000004,27858.230000000003,27810.230000000003,27835.310000000005,20042
2026-07-28T22:00:00+00:00,27835.310000000005,27893.570000000003,27787.020000000004,27821.020000000004,17737
2026-07-28T22:30:00+00:00,27821.020000000004,27822.070000000003,27637.200000000004,27637.200000000004,27982
2026-07-28T23:00:00+00:00,27637.200000000004,27770.700000000004,27614.770000000004,27770.200000000004,31110
2026-07-28T23:30:00+00:00,27770.200000000004,27983.950000000004,27764.700000000004,27982.070000000003,37401
2026-07-29T00:00:00+00:00,27982.070000000003,28053.520000000004,27932.570000000003,27954.270000000004,62579
2026-07-29T00:30:00+00:00,27954.270000000004,27963.520000000004,27881.200000000004,27890.070000000003,56325
2026-07-29T01:00:00+00:00,27890.070000000003,27920.820000000003,27777.070000000003,27852.820000000003,67781
2026-07-29T01:30:00+00:00,27852.820000000003,27860.020000000004,27664.570000000003,27667.020000000004,62567
2026-07-29T02:00:00+00:00,27667.020000000004,27775.570000000003,27651.320000000003,27775.070000000003,65141
2026-07-29T02:30:00+00:00,27775.070000000003,27791.320000000003,27703.570000000003,27719.570000000003,43583
2026-07-29T03:00:00+00:00,27719.570000000003,27760.950000000004,27656.070000000003,27657.070000000003,49003
2026-07-29T03:30:00+00:00,27657.070000000003,27672.570000000003,27582.320000000003,27596.950000000004,39433
2026-07-29T04:00:00+00:00,27596.950000000004,27602.570000000003,27528.320000000003,27564.200000000004,60895
2026-07-29T04:30:00+00:00,27564.200000000004,27638.820000000003,27521.070000000003,27636.700000000004,66406
2026-07-29T05:00:00+00:00,27636.700000000004,27713.820000000003,27616.450000000004,27693.570000000003,54643
2026-07-29T05:30:00+00:00,27693.570000000003,27733.320000000003,27666.020000000004,27674.950000000004,48839
2026-07-29T06:00:00+00:00,27674.950000000004,27691.200000000004,27616.950000000004,27689.700000000004,42564
2026-07-29T06:30:00+00:00,27689.700000000004,27821.450000000004,27689.700000000004,27809.320000000003,29747
2026-07-29T07:00:00+00:00,27809.320000000003,27831.820000000003,27778.070000000003,27826.450000000004,36645
2026-07-29T07:30:00+00:00,27826.450000000004,27841.450000000004,27771.320000000003,27786.950000000004,26101
2026-07-29T08:00:00+00:00,27786.950000000004,27803.950000000004,27699.950000000004,27721.200000000004,40542
2026-07-29T08:30:00+00:00,27721.200000000004,27818.320000000003,27710.070000000003,27783.200000000004,31192
2026-07-29T09:00:00+00:00,27783.200000000004,27865.200000000004,27780.820000000003,27856.520000000004,28715
2026-07-29T09:30:00+00:00,27856.520000000004,27940.200000000004,27837.570000000003,27898.950000000004,29360
2026-07-29T10:00:00+00:00,27898.950000000004,27924.450000000004,27867.820000000003,27897.320000000003,29706
2026-07-29T10:30:00+00:00,27897.320000000003,27902.820000000003,27812.200000000004,27828.570000000003,30374
2026-07-29T11:00:00+00:00,27828.570000000003,27903.570000000003,27814.950000000004,27880.200000000004,35088
2026-07-29T11:30:00+00:00,27880.200000000004,27888.070000000003,27837.450000000004,27883.320000000003,33112
2026-07-29T12:00:00+00:00,27883.320000000003,27887.070000000003,27733.950000000004,27749.570000000003,52478
2026-07-29T12:30:00+00:00,27749.570000000003,27810.950000000004,27725.820000000003,27789.320000000003,41812
2026-07-29T13:00:00+00:00,27789.320000000003,27819.070000000003,27737.200000000004,27795.950000000004,53130
2026-07-29T13:30:00+00:00,27795.950000000004,27875.970000000005,27549.350000000002,27612.850000000002,300039
2026-07-29T14:00:00+00:00,27612.850000000002,27706.970000000005,27420.850000000002,27453.720000000005,283601
2026-07-29T14:30:00+00:00,27453.720000000005,27532.470000000005,27393.220000000005,27480.970000000005,230830
2026-07-29T15:00:00+00:00,27480.970000000005,27536.850000000002,27430.350000000002,27435.600000000002,210672
2026-07-29T15:30:00+00:00,27435.600000000002,27476.470000000005,27346.470000000005,27398.350000000002,149696
2026-07-29T16:00:00+00:00,27398.350000000002,27436.970000000005,27290.850000000002,27432.220000000005,123627
2026-07-29T16:30:00+00:00,27432.220000000005,27484.350000000002,27366.970000000005,27484.350000000002,126230
2026-07-29T17:00:00+00:00,27484.350000000002,27629.850000000002,27478.970000000005,27533.220000000005,122386
2026-07-29T17:30:00+00:00,27533.220000000005,27608.220000000005,27510.850000000002,27596.020000000004,99176
2026-07-29T18:00:00+00:00,27596.020000000004,27768.220000000005,27596.020000000004,27656.850000000002,205630
2026-07-29T18:30:00+00:00,27656.850000000002,27976.720000000005,27590.470000000005,27937.970000000005,220177
2026-07-29T19:00:00+00:00,27937.970000000005,27979.220000000005,27523.350000000002,27589.850000000002,258254
2026-07-29T19:30:00+00:00,27589.850000000002,27622.720000000005,27200.220000000005,27212.770000000004,263362
2026-07-29T20:00:00+00:00,27212.770000000004,27240.520000000004,27088.020000000004,27122.520000000004,71314
2026-07-29T20:30:00+00:00,27122.520000000004,27210.820000000003,27087.950000000004,27139.900000000005,25573
2026-07-29T22:00:00+00:00,27139.900000000005,27377.390000000003,27101.890000000003,27324.440000000002,32667
2026-07-29T22:30:00+00:00,27324.440000000002,27368.190000000002,27302.640000000003,27340.320000000003,20824
2026-07-29T23:00:00+00:00,27340.320000000003,27429.940000000002,27336.390000000003,27423.440000000002,21113
2026-07-29T23:30:00+00:00,27423.440000000002,27448.440000000002,27386.940000000002,27411.940000000002,42031
2026-07-30T00:00:00+00:00,27411.940000000002,27496.940000000002,27363.940000000002,27484.070000000003,110108
2026-07-30T00:30:00+00:00,27484.070000000003,27499.320000000003,27379.320000000003,27436.570000000003,81894
2026-07-30T01:00:00+00:00,27436.570000000003,27548.070000000003,27425.320000000003,27528.690000000002,85600
2026-07-30T01:30:00+00:00,27528.690000000002,27585.940000000002,27525.440000000002,27540.820000000003,57801
2026-07-30T02:00:00+00:00,27540.820000000003,27576.820000000003,27493.690000000002,27502.190000000002,61087
2026-07-30T02:30:00+00:00,27502.190000000002,27519.070000000003,27429.320000000003,27431.320000000003,48997
2026-07-30T03:00:00+00:00,27431.320000000003,27466.320000000003,27361.570000000003,27406.190000000002,50263
2026-07-30T03:30:00+00:00,27406.190000000002,27452.570000000003,27371.190000000002,27420.690000000002,63239
2026-07-30T04:00:00+00:00,27420.690000000002,27433.190000000002,27350.570000000003,27424.570000000003,54437
2026-07-30T04:30:00+00:00,27424.570000000003,27433.320000000003,27325.070000000003,27337.070000000003,53315
2026-07-30T05:00:00+00:00,27337.070000000003,27388.940000000002,27311.320000000003,27368.070000000003,62761
2026-07-30T05:30:00+00:00,27368.070000000003,27435.690000000002,27354.440000000002,27377.940000000002,61249
2026-07-30T06:00:00+00:00,27377.940000000002,27395.820000000003,27337.690000000002,27371.690000000002,52387
2026-07-30T06:30:00+00:00,27371.690000000002,27374.690000000002,27306.940000000002,27325.070000000003,33811
2026-07-30T07:00:00+00:00,27325.070000000003,27411.070000000003,27285.940000000002,27299.320000000003,65506
2026-07-30T07:30:00+00:00,27299.320000000003,27337.940000000002,27243.570000000003,27283.890000000003,46586
2026-07-30T08:00:00+00:00,27283.890000000003,27404.940000000002,27227.940000000002,27390.570000000003,51188
2026-07-30T08:30:00+00:00,27390.570000000003,27409.190000000002,27343.690000000002,27367.690000000002,39032
2026-07-30T09:00:00+00:00,27367.690000000002,27457.320000000003,27353.440000000002,27436.440000000002,37259
2026-07-30T09:30:00+00:00,27436.440000000002,27468.190000000002,27397.690000000002,27399.070000000003,31034
2026-07-30T10:00:00+00:00,27399.070000000003,27509.320000000003,27371.320000000003,27500.190000000002,37802
2026-07-30T10:30:00+00:00,27500.190000000002,27530.190000000002,27489.690000000002,27500.690000000002,33598
2026-07-30T11:00:00+00:00,27500.690000000002,27603.820000000003,27495.640000000003,27597.320000000003,38066
2026-07-30T11:30:00+00:00,27597.320000000003,27627.570000000003,27557.440000000002,27607.320000000003,37145
2026-07-30T12:00:00+00:00,27607.320000000003,27648.320000000003,27578.820000000003,27620.890000000003,43957
2026-07-30T12:30:00+00:00,27620.890000000003,27702.190000000002,27598.190000000002,27688.690000000002,72046
2026-07-30T13:00:00+00:00,27688.690000000002,27764.820000000003,27677.190000000002,27759.690000000002,70111
2026-07-30T13:30:00+00:00,27759.690000000002,28036.590000000004,27697.090000000004,28034.720000000005,292371
2026-07-30T14:00:00+00:00,28034.720000000005,28121.970000000005,27950.970000000005,28109.720000000005,245288
2026-07-30T14:30:00+00:00,28109.720000000005,28127.840000000004,27906.970000000005,27954.090000000004,222129
2026-07-30T15:00:00+00:00,27954.090000000004,28018.840000000004,27880.340000000004,27893.090000000004,241006
2026-07-30T15:30:00+00:00,27893.090000000004,28015.470000000005,27885.220000000005,27962.340000000004,178318
2026-07-30T16:00:00+00:00,27962.340000000004,28075.220000000005,27942.720000000005,28028.840000000004,120689
2026-07-30T16:30:00+00:00,28028.840000000004,28032.840000000004,27940.720000000005,28009.470000000005,107343
2026-07-30T17:00:00+00:00,28009.470000000005,28089.840000000004,28009.470000000005,28052.220000000005,79974
2026-07-30T17:30:00+00:00,28052.220000000005,28089.970000000005,28022.340000000004,28060.970000000005,80290
2026-07-30T18:00:00+00:00,28060.970000000005,28087.840000000004,28045.720000000005,28065.470000000005,62747
2026-07-30T18:30:00+00:00,28065.470000000005,28081.970000000005,28032.220000000005,28064.090000000004,57063
2026-07-30T19:00:00+00:00,28064.090000000004,28180.340000000004,28064.090000000004,28127.090000000004,66068
2026-07-30T19:30:00+00:00,28127.090000000004,28143.470000000005,28086.340000000004,28106.970000000005,100890
2026-07-30T20:00:00+00:00,28106.970000000005,28251.320000000003,28088.890000000003,28246.890000000003,44713
2026-07-30T20:30:00+00:00,28246.890000000003,28282.890000000003,28194.390000000003,28215.640000000003,34161
2026-07-30T22:00:00+00:00,28215.640000000003,28292.060000000005,28187.510000000002,28233.690000000002,27958
2026-07-30T22:30:00+00:00,28233.690000000002,28288.560000000005,28211.190000000002,28273.190000000002,19564
2026-07-30T23:00:00+00:00,28273.190000000002,28303.310000000005,28243.060000000005,28257.560000000005,15090
2026-07-30T23:30:00+00:00,28257.560000000005,28324.440000000002,28241.190000000002,28302.310000000005,22171
2026-07-31T00:00:00+00:00,28302.310000000005,28366.810000000005,28276.690000000002,28361.440000000002,47733
2026-07-31T00:30:00+00:00,28361.440000000002,28402.940000000002,28348.190000000002,28401.310000000005,35821
2026-07-31T01:00:00+00:00,28401.310000000005,28450.810000000005,28401.310000000005,28429.190000000002,28794
2026-07-31T01:30:00+00:00,28429.190000000002,28437.440000000002,28334.810000000005,28356.060000000005,44792
2026-07-31T02:00:00+00:00,28356.060000000005,28378.060000000005,28280.560000000005,28301.940000000002,36017
2026-07-31T02:30:00+00:00,28301.940000000002,28316.690000000002,28269.060000000005,28311.440000000002,30455
2026-07-31T03:00:00+00:00,28311.440000000002,28354.940000000002,28277.190000000002,28342.940000000002,35249
2026-07-31T03:30:00+00:00,28342.940000000002,28356.690000000002,28307.440000000002,28337.310000000005,41363
2026-07-31T04:00:00+00:00,28337.310000000005,28390.440000000002,28302.310000000005,28389.940000000002,28019
2026-07-31T04:30:00+00:00,28389.940000000002,28435.560000000005,28386.810000000005,28428.690000000002,20398
2026-07-31T05:00:00+00:00,28428.690000000002,28459.310000000005,28417.940000000002,28452.560000000005,19549
2026-07-31T05:30:00+00:00,28452.560000000005,28469.690000000002,28420.440000000002,28465.190000000002,25467
2026-07-31T06:00:00+00:00,28465.190000000002,28490.190000000002,28455.690000000002,28468.560000000005,21578
2026-07-31T06:30:00+00:00,28468.560000000005,28471.560000000005,28329.690000000002,28365.190000000002,35523
2026-07-31T07:00:00+00:00,28365.190000000002,28452.190000000002,28334.810000000005,28425.810000000005,42595
2026-07-31T07:30:00+00:00,28425.810000000005,28462.560000000005,28414.060000000005,28452.810000000005,32235
2026-07-31T08:00:00+00:00,28452.810000000005,28487.810000000005,28403.690000000002,28477.690000000002,49598
2026-07-31T08:30:00+00:00,28477.690000000002,28489.810000000005,28440.940000000002,28481.810000000005,32073
2026-07-31T09:00:00+00:00,28481.810000000005,28519.560000000005,28463.940000000002,28468.310000000005,31824
2026-07-31T09:30:00+00:00,28468.310000000005,28469.810000000005,28409.190000000002,28410.190000000002,30258
2026-07-31T10:00:00+00:00,28410.190000000002,28457.940000000002,28399.010000000002,28451.810000000005,24648
2026-07-31T10:30:00+00:00,28451.810000000005,28468.690000000002,28431.690000000002,28443.560000000005,24270
2026-07-31T11:00:00+00:00,28443.560000000005,28504.560000000005,28428.440000000002,28433.440000000002,42686
2026-07-31T11:30:00+00:00,28433.440000000002,28439.190000000002,28401.810000000005,28432.940000000002,38845
2026-07-31T12:00:00+00:00,28432.940000000002,28434.440000000002,28328.810000000005,28375.760000000002,41249
2026-07-31T12:30:00+00:00,28375.760000000002,28381.310000000005,28312.310000000005,28347.560000000005,48815
2026-07-31T13:00:00+00:00,28347.560000000005,28462.190000000002,28336.060000000005,28456.310000000005,54087
2026-07-31T13:30:00+00:00,28456.310000000005,28604.840000000004,28176.460000000003,28236.510000000002,328765
2026-07-31T14:00:00+00:00,28236.510000000002,28268.260000000002,27960.210000000003,28130.210000000003,316092
2026-07-31T14:30:00+00:00,28130.210000000003,28224.210000000003,28091.460000000003,28186.960000000003,259656
2026-07-31T15:00:00+00:00,28186.960000000003,28221.210000000003,28002.210000000003,28030.590000000004,234697
2026-07-31T15:30:00+00:00,28030.590000000004,28173.840000000004,27995.460000000003,28153.590000000004,212515
2026-07-31T16:00:00+00:00,28153.590000000004,28243.340000000004,28125.590000000004,28243.340000000004,140579
2026-07-31T16:30:00+00:00,28243.340000000004,28269.090000000004,28188.340000000004,28246.590000000004,111552
2026-07-31T17:00:00+00:00,28246.590000000004,28355.840000000004,28240.090000000004,28341.590000000004,78884
2026-07-31T17:30:00+00:00,28341.590000000004,28382.090000000004,28295.960000000003,28307.960000000003,89414
2026-07-31T18:00:00+00:00,28307.960000000003,28338.960000000003,28275.460000000003,28301.590000000004,95762
2026-07-31T18:30:00+00:00,28301.590000000004,28341.210000000003,28295.340000000004,28313.460000000003,65220
2026-07-31T19:00:00+00:00,28313.460000000003,28377.210000000003,28285.590000000004,28354.960000000003,80415
2026-07-31T19:30:00+00:00,28354.960000000003,28402.840000000004,28265.710000000003,28282.340000000004,113495
2026-07-31T20:00:00+00:00,28282.340000000004,28312.060000000005,28220.560000000005,28257.44,44258
2026-07-31T20:30:00+00:00,28257.44,28281.06,28242.06,28267.390000000003,7596
2026-08-02T22:00:00+00:00,28267.390000000003,28534.77,28267.390000000003,28506.77,28060
2026-08-02T22:30:00+00:00,28506.77,28517.52,28454.27,28463.27,13014
2026-08-02T23:00:00+00:00,28463.27,28488.64,28438.89,28478.27,13163
2026-08-02T23:30:00+00:00,28478.27,28530.02,28466.02,28507.39,23248
2026-08-03T00:00:00+00:00,28507.39,28523.52,28432.14,28448.89,66055
2026-08-03T00:30:00+00:00,28448.89,28519.52,28436.02,28515.39,52489
2026-08-03T01:00:00+00:00,28515.39,28527.77,28458.64,28501.77,42809
2026-08-03T01:30:00+00:00,28501.77,28543.14,28472.77,28538.02,30850
2026-08-03T02:00:00+00:00,28538.02,28574.14,28525.14,28533.02,24926
2026-08-03T02:30:00+00:00,28533.02,28563.02,28528.39,28554.77,18654
2026-08-03T03:00:00+00:00,28554.77,28569.64,28535.39,28540.14,15654
2026-08-03T03:30:00+00:00,28540.14,28591.52,28534.52,28563.89,21054
2026-08-03T04:00:00+00:00,28563.89,28582.14,28546.39,28576.14,15293
2026-08-03T04:30:00+00:00,28576.14,28580.89,28542.39,28545.02,13774
2026-08-03T05:00:00+00:00,28545.02,28560.64,28516.52,28532.39,16408
2026-08-03T05:30:00+00:00,28532.39,28543.27,28511.64,28535.02,19834
2026-08-03T06:00:00+00:00,28535.02,28554.39,28512.02,28518.89,20749
2026-08-03T06:30:00+00:00,28518.89,28539.27,28469.77,28487.27,15831
2026-08-03T07:00:00+00:00,28487.27,28527.52,28457.52,28497.14,32425
2026-08-03T07:30:00+00:00,28497.14,28509.27,28452.39,28480.89,23455
2026-08-03T08:00:00+00:00,28480.89,28484.77,28367.27,28381.27,33271
2026-08-03T08:30:00+00:00,28381.27,28488.64,28366.52,28487.39,27245
2026-08-03T09:00:00+00:00,28487.39,28493.27,28437.27,28450.14,24577
2026-08-03T09:30:00+00:00,28450.14,28470.27,28415.02,28452.02,24648
2026-08-03T10:00:00+00:00,28452.02,28458.14,28383.14,28402.64,25998
2026-08-03T10:30:00+00:00,28402.64,28438.64,28383.52,28435.27,20401
2026-08-03T11:00:00+00:00,28435.27,28440.39,28361.52,28362.52,39067
2026-08-03T11:30:00+00:00,28362.52,28405.77,28297.64,28314.64,37216
2026-08-03T12:00:00+00:00,28314.64,28355.27,28277.02,28343.02,39701
2026-08-03T12:30:00+00:00,28343.02,28384.39,28331.39,28353.27,40055
2026-08-03T13:00:00+00:00,28353.27,28385.64,28290.64,28314.39,60871
2026-08-03T13:30:00+00:00,28314.39,28520.09,28208.67,28518.54,247941
2026-08-03T14:00:00+00:00,28518.54,28577.67,28425.17,28572.17,219112
2026-08-03T14:30:00+00:00,28572.17,28697.04,28555.92,28695.54,123293
2026-08-03T15:00:00+00:00,28695.54,28695.67,28618.29,28627.29,105810
2026-08-03T15:30:00+00:00,28627.29,28706.17,28626.29,28686.29,89756
2026-08-03T16:00:00+00:00,28686.29,28741.04,28684.29,28730.67,56868
2026-08-03T16:30:00+00:00,28730.67,28738.29,28706.17,28716.04,50524
2026-08-03T17:00:00+00:00,28716.04,28783.79,28708.42,28779.54,42847
2026-08-03T17:30:00+00:00,28779.54,28815.54,28769.04,28811.42,36166
2026-08-03T18:00:00+00:00,28811.42,28857.54,28784.67,28786.04,48716
2026-08-03T18:30:00+00:00,28786.04,28819.67,28777.42,28801.29,53275
2026-08-03T19:00:00+00:00,28801.29,28837.54,28789.42,28807.04,52454
2026-08-03T19:30:00+00:00,28807.04,28829.54,28760.42,28794.79,73014
2026-08-03T20:00:00+00:00,28794.79,28835.02,28772.64,28807.27,20009
2026-08-03T20:30:00+00:00,28807.27,28825.27,28803.39,28823.59,7907
2026-08-03T22:00:00+00:00,28823.59,28844.67,28812.87,28837.42,6995
2026-08-03T22:30:00+00:00,28837.42,28856.05,28828.05,28839.8,5188
2026-08-03T23:00:00+00:00,28839.8,28851.3,28825.3,28842.8,3778
2026-08-03T23:30:00+00:00,28842.8,28865.8,28828.67,28865.42,11452
2026-08-04T00:00:00+00:00,28865.42,28870.67,28795.42,28800.55,41248
2026-08-04T00:30:00+00:00,28800.55,28802.17,28759.3,28773.17,36104
2026-08-04T01:00:00+00:00,28773.17,28796.8,28726.17,28796.8,37798
2026-08-04T01:30:00+00:00,28796.8,28942.17,28793.8,28935.55,37281
2026-08-04T02:00:00+00:00,28935.55,28939.05,28837.67,28843.55,49367
2026-08-04T02:30:00+00:00,28843.55,28887.8,28842.92,28867.42,35877
2026-08-04T03:00:00+00:00,28867.42,28886.3,28826.92,28871.3,36629
2026-08-04T03:30:00+00:00,28871.3,28899.92,28852.42,28890.05,34279
2026-08-04T04:00:00+00:00,28890.05,28910.67,28862.8,28901.92,26694
2026-08-04T04:30:00+00:00,28901.92,28917.8,28889.05,28910.17,24160
2026-08-04T05:00:00+00:00,28910.17,28923.8,28873.42,28920.55,32011
2026-08-04T05:30:00+00:00,28920.55,28968.92,28919.42,28967.42,28824
2026-08-04T06:00:00+00:00,28967.42,28992.8,28962.3,28976.3,22747
2026-08-04T06:30:00+00:00,28976.3,28983.3,28937.17,28967.42,18242
2026-08-04T07:00:00+00:00,28967.42,29002.8,28932.8,28993.67,43699
2026-08-04T07:30:00+00:00,28993.67,29012.17,28960.17,28965.92,26111
2026-08-04T08:00:00+00:00,28965.92,29026.17,28962.17,29005.8,42294
2026-08-04T08:30:00+00:00,29005.8,29005.8,28933.05,28963.3,35333
2026-08-04T09:00:00+00:00,28963.3,28963.3,28902.05,28939.67,33941
2026-08-04T09:30:00+00:00,28939.67,28979.92,28937.17,28972.17,22615
2026-08-04T10:00:00+00:00,28972.17,29009.67,28961.3,28990.17,24512
2026-08-04T10:30:00+00:00,28990.17,29036.92,28968.42,29010.55,40664
2026-08-04T11:00:00+00:00,29010.55,29065.42,29008.92,29064.55,39212
2026-08-04T11:30:00+00:00,29064.55,29139.67,29045.55,29131.67,48714
2026-08-04T12:00:00+00:00,29131.67,29131.67,29097.67,29116.3,36887
2026-08-04T12:30:00+00:00,29116.3,29120.3,29082.8,29097.05,31367
2026-08-04T13:00:00+00:00,29097.05,29174.05,29086.05,29129.05,49268
2026-08-04T13:30:00+00:00,29129.05,29397.2,29105.32,29359.82,211884
2026-08-04T14:00:00+00:00,29359.82,29457.45,29329.2,29454.45,159885
2026-08-04T14:30:00+00:00,29454.45,29461.45,29412.45,29444.2,121385
2026-08-04T15:00:00+00:00,29444.2,29557.57,29440.07,29534.2,76806
2026-08-04T15:30:00+00:00,29534.2,29591.32,29517.07,29566.2,69190
2026-08-04T16:00:00+00:00,29566.2,29614.57,29556.57,29601.2,54898
2026-08-04T16:30:00+00:00,29601.2,29639.32,29590.82,29637.95,44258
2026-08-04T17:00:00+00:00,29637.95,29719.95,29634.82,29713.32,55262
2026-08-04T17:30:00+00:00,29713.32,29792.32,29698.57,29728.62,65898
2026-08-04T18:00:00+00:00,29728.62,29774.32,29703.12,29773.82,78377
2026-08-04T18:30:00+00:00,29773.82,29789.82,29735.7,29776.2,60666
2026-08-04T19:00:00+00:00,29776.2,29839.82,29774.2,29794.32,64636
2026-08-04T19:30:00+00:00,29794.32,29851.07,29743.45,29767.07,93324
2026-08-04T20:00:00+00:00,29767.07,29843.05,29656.37,29686.42,61575
2026-08-04T20:30:00+00:00,29686.42,29720.8,29659.92,29713.87,40993
2026-08-04T22:00:00+00:00,29713.87,29736.41,29667.23,29725.53,14549
2026-08-04T22:30:00+00:00,29725.53,29733.53,29687.66,29719.03,15952
2026-08-04T23:00:00+00:00,29719.03,29737.91,29702.66,29717.16,12717
2026-08-04T23:30:00+00:00,29717.16,29749.16,29696.03,29728.03,20002
2026-08-05T00:00:00+00:00,29728.03,29756.16,29712.03,29754.78,40948
2026-08-05T00:30:00+00:00,29754.78,29768.78,29705.91,29741.28,30353
2026-08-05T01:00:00+00:00,29741.28,29753.66,29691.03,29711.91,39464
2026-08-05T01:30:00+00:00,29711.91,29772.66,29704.78,29762.03,32630
2026-08-05T02:00:00+00:00,29762.03,29780.53,29743.41,29746.41,26986
2026-08-05T02:30:00+00:00,29746.41,29767.03,29735.28,29752.78,25822
2026-08-05T03:00:00+00:00,29752.78,29784.41,29749.03,29756.28,20657
2026-08-05T03:30:00+00:00,29756.28,29786.16,29751.28,29782.03,18392
2026-08-05T04:00:00+00:00,29782.03,29790.53,29752.28,29763.78,16748
2026-08-05T04:30:00+00:00,29763.78,29808.91,29761.53,29795.41,15598
2026-08-05T05:00:00+00:00,29795.41,29841.16,29787.41,29829.53,18982
2026-08-05T05:30:00+00:00,29829.53,29877.78,29812.91,29873.16,17073
2026-08-05T06:00:00+00:00,29873.16,29882.41,29818.03,29821.66,22803
2026-08-05T06:30:00+00:00,29821.66,29863.03,29818.16,29861.66,19996
2026-08-05T07:00:00+00:00,29861.66,29879.16,29795.41,29799.41,33790
2026-08-05T07:30:00+00:00,29799.41,29812.03,29777.78,29795.91,24373
2026-08-05T08:00:00+00:00,29795.91,29817.91,29712.91,29727.28,37526
2026-08-05T08:30:00+00:00,29727.28,29736.03,29691.28,29729.53,34616
2026-08-05T09:00:00+00:00,29729.53,29756.28,29707.28,29754.66,28583
2026-08-05T09:30:00+00:00,29754.66,29786.28,29745.53,29750.66,24023
2026-08-05T10:00:00+00:00,29750.66,29763.78,29726.66,29750.66,21748
2026-08-05T10:30:00+00:00,29750.66,29763.78,29727.78,29756.28,25904
2026-08-05T11:00:00+00:00,29756.28,29815.53,29756.28,29793.28,31626
2026-08-05T11:30:00+00:00,29793.28,29835.66,29783.41,29812.03,30077
2026-08-05T12:00:00+00:00,29812.03,29831.78,29785.41,29827.28,37912
2026-08-05T12:30:00+00:00,29827.28,29838.91,29785.78,29807.78,35629
2026-08-05T13:00:00+00:00,29807.78,29870.16,29788.91,29867.53,44614
2026-08-05T13:30:00+00:00,29867.53,29964.68,29804.43,29942.93,313905
2026-08-05T14:00:00+00:00,29942.93,29942.93,29795.06,29807.93,295705
2026-08-05T14:30:00+00:00,29807.93,29810.43,29683.18,29740.81,239801
2026-08-05T15:00:00+00:00,29740.81,29783.18,29657.68,29701.93,178292
2026-08-05T15:30:00+00:00,29701.93,29752.93,29608.43,29631.43,132265
2026-08-05T16:00:00+00:00,29631.43,29724.31,29595.31,29722.31,143639
2026-08-05T16:30:00+00:00,29722.31,29732.31,29663.68,29702.31,105984
2026-08-05T17:00:00+00:00,29702.31,29712.06,29633.81,29647.31,103587
2026-08-05T17:30:00+00:00,29647.31,29671.06,29628.56,29649.81,71696
2026-08-05T18:00:00+00:00,29649.81,29678.18,29645.68,29669.43,62471
2026-08-05T18:30:00+00:00,29669.43,29669.43,29617.18,29619.31,57713
2026-08-05T19:00:00+00:00,29619.31,29672.06,29611.56,29649.56,57187
2026-08-05T19:30:00+00:00,29649.56,29655.81,29486.68,29500.56,86720
2026-08-05T20:00:00+00:00,29500.56,29510.66,29424.23,29463.16,47911
2026-08-05T20:30:00+00:00,29463.16,29498.78,29459.53,29485.86,15037
2026-08-05T22:00:00+00:00,29485.86,29533.94,29460.26,29524.06,15753
2026-08-05T22:30:00+00:00,29524.06,29574.94,29516.94,29518.94,12867
2026-08-05T23:00:00+00:00,29518.94,29545.81,29509.81,29525.44,9781
2026-08-05T23:30:00+00:00,29525.44,29532.69,29463.69,29480.44,22181
2026-08-06T00:00:00+00:00,29480.44,29505.06,29444.44,29457.56,58989
2026-08-06T00:30:00+00:00,29457.56,29484.19,29432.56,29435.69,43309
2026-08-06T01:00:00+00:00,29435.69,29436.94,29351.56,29370.81,47288
2026-08-06T01:30:00+00:00,29370.81,29415.19,29366.81,29395.06,48422
2026-08-06T02:00:00+00:00,29395.06,29474.81,29386.81,29445.31,40373
2026-08-06T02:30:00+00:00,29445.31,29517.44,29427.69,29490.31,32136
2026-08-06T03:00:00+00:00,29490.31,29505.56,29432.19,29439.69,28893
2026-08-06T03:30:00+00:00,29439.69,29480.31,29422.56,29477.94,38510
2026-08-06T04:00:00+00:00,29477.94,29493.69,29432.81,29482.69,29670
2026-08-06T04:30:00+00:00,29482.69,29497.06,29441.94,29472.06,32213
2026-08-06T05:00:00+00:00,29472.06,29493.06,29454.69,29476.44,39935
2026-08-06T05:30:00+00:00,29476.44,29480.69,29442.06,29475.94,33805
2026-08-06T06:00:00+00:00,29475.94,29477.19,29382.44,29443.81,34274
2026-08-06T06:30:00+00:00,29443.81,29445.31,29383.31,29418.19,26132
2026-08-06T07:00:00+00:00,29418.19,29459.56,29403.81,29434.19,37188
2026-08-06T07:30:00+00:00,29434.19,29438.56,29398.06,29403.44,30535
2026-08-06T08:00:00+00:00,29403.44,29422.19,29341.31,29405.31,47214
2026-08-06T08:30:00+00:00,29405.31,29429.31,29387.56,29414.69,32057
2026-08-06T09:00:00+00:00,29414.69,29415.06,29334.81,29379.69,30110
2026-08-06T09:30:00+00:00,29379.69,29426.94,29372.44,29423.31,25261
2026-08-06T10:00:00+00:00,29423.31,29430.56,29390.69,29413.94,24214
2026-08-06T10:30:00+00:00,29413.94,29416.19,29364.56,29381.81,21383
2026-08-06T11:00:00+00:00,29381.81,29381.81,29262.19,29365.81,48758
2026-08-06T11:30:00+00:00,29365.81,29411.69,29336.56,29363.44,42534
2026-08-06T12:00:00+00:00,29363.44,29371.94,29285.56,29327.51,42710
2026-08-06T12:30:00+00:00,29327.51,29358.81,29286.81,29297.19,42027
2026-08-06T13:00:00+00:00,29297.19,29300.44,29224.56,29232.06,60039
2026-08-06T13:30:00+00:00,29232.06,29446.96,29138.96,29424.71,313946
2026-08-06T14:00:00+00:00,29424.71,29563.34,29385.59,29482.84,228070
2026-08-06T14:30:00+00:00,29482.84,29555.96,29431.46,29554.21,213624
2026-08-06T15:00:00+00:00,29554.21,29583.21,29462.09,29505.21,186060
2026-08-06T15:30:00+00:00,29505.21,29523.46,29403.34,29412.34,161806
2026-08-06T16:00:00+00:00,29412.34,29438.84,29346.84,29368.59,155091
2026-08-06T16:30:00+00:00,29368.59,29454.84,29359.59,29454.09,118491
2026-08-06T17:00:00+00:00,29454.09,29471.09,29409.46,29424.84,98170
2026-08-06T17:30:00+00:00,29424.84,29439.84,29390.96,29425.71,79464
2026-08-06T18:00:00+00:00,29425.71,29472.59,29396.71,29454.21,79635
2026-08-06T18:30:00+00:00,29454.21,29457.34,29398.34,29411.96,62404
2026-08-06T19:00:00+00:00,29411.96,29467.21,29394.84,29404.59,69424
2026-08-06T19:30:00+00:00,29404.59,29442.09,29372.59,29394.71,91886
2026-08-06T20:00:00+00:00,29394.71,29447.69,29379.69,29390.06,33536
2026-08-06T20:30:00+00:00,29390.06,29402.14,29378.06,29400.88,15621
2026-08-06T22:00:00+00:00,29400.88,29478.63,29394.83,29449.88,8986
2026-08-06T22:30:00+00:00,29449.88,29468.01,29429.88,29465.51,10500
2026-08-06T23:00:00+00:00,29465.51,29496.51,29454.88,29473.63,9121
2026-08-06T23:30:00+00:00,29473.63,29502.01,29463.26,29494.88,16136
2026-08-07T00:00:00+00:00,29494.88,29518.88,29398.26,29413.38,54225
2026-08-07T00:30:00+00:00,29413.38,29474.51,29401.51,29461.63,44542
2026-08-07T01:00:00+00:00,29461.63,29481.63,29383.63,29429.13,46691
2026-08-07T01:30:00+00:00,29429.13,29480.88,29394.26,29426.63,56286
2026-08-07T02:00:00+00:00,29426.63,29448.38,29389.88,29425.13,37533
2026-08-07T02:30:00+00:00,29425.13,29435.38,29376.38,29426.51,29511
2026-08-07T03:00:00+00:00,29426.51,29446.76,29392.13,29403.76,23397
2026-08-07T03:30:00+00:00,29403.76,29422.63,29385.63,29388.38,26903
2026-08-07T04:00:00+00:00,29388.38,29416.88,29356.26,29408.51,26757
2026-08-07T04:30:00+00:00,29408.51,29424.63,29389.01,29409.76,22478
2026-08-07T05:00:00+00:00,29409.76,29456.63,29405.76,29447.26,25664
2026-08-07T05:30:00+00:00,29447.26,29450.63,29420.13,29422.88,21826
2026-08-07T06:00:00+00:00,29422.88,29483.51,29420.63,29480.51,22786
2026-08-07T06:30:00+00:00,29480.51,29481.76,29437.88,29452.88,18706
2026-08-07T07:00:00+00:00,29452.88,29492.51,29432.26,29487.88,28516
2026-08-07T07:30:00+00:00,29487.88,29491.38,29462.88,29483.88,22573
2026-08-07T08:00:00+00:00,29483.88,29529.38,29483.51,29524.51,27135
2026-08-07T08:30:00+00:00,29524.51,29547.13,29510.13,29533.01,21577
2026-08-07T09:00:00+00:00,29533.01,29549.38,29524.63,29534.01,20562
2026-08-07T09:30:00+00:00,29534.01,29547.13,29516.63,29517.88,19074
2026-08-07T10:00:00+00:00,29517.88,29528.13,29492.51,29521.01,19725
2026-08-07T10:30:00+00:00,29521.01,29525.13,29502.51,29507.38,16581
2026-08-07T11:00:00+00:00,29507.38,29561.26,29507.38,29553.38,23651
2026-08-07T11:30:00+00:00,29553.38,29569.63,29513.01,29514.51,21888
2026-08-07T12:00:00+00:00,29514.51,29584.63,29505.26,29564.58,30650
2026-08-07T12:30:00+00:00,29564.58,29767.13,29560.58,29743.76,69142
2026-08-07T13:00:00+00:00,29743.76,29750.51,29587.63,29613.26,67931
2026-08-07T13:30:00+00:00,29613.26,29717.91,29544.91,29579.91,335338
2026-08-07T14:00:00+00:00,29579.91,29679.41,29465.16,29662.53,283930
2026-08-07T14:30:00+00:00,29662.53,29674.28,29562.41,29621.16,226521
2026-08-07T15:00:00+00:00,29621.16,29729.16,29610.53,29726.66,126571
2026-08-07T15:30:00+00:00,29726.66,29755.03,29695.41,29714.28,100661
2026-08-07T16:00:00+00:00,29714.28,29730.28,29590.16,29614.41,102136
2026-08-07T16:30:00+00:00,29614.41,29680.78,29572.41,29640.16,103393
2026-08-07T17:00:00+00:00,29640.16,29668.41,29627.53,29648.28,73038
2026-08-07T17:30:00+00:00,29648.28,29664.53,29627.66,29644.03,53194
2026-08-07T18:00:00+00:00,29644.03,29654.78,29604.78,29607.399999999998,51045
2026-08-07T18:30:00+00:00,29607.399999999998,29626.03,29578.649999999998,29626.03,51817
2026-08-07T19:00:00+00:00,29626.03,29723.899999999998,29625.45,29712.399999999998,68842
2026-08-07T19:30:00+00:00,29712.399999999998,29761.399999999998,29675.149999999998,29736.149999999998,73698
2026-08-07T20:00:00+00:00,29736.149999999998,29751.379999999997,29704.13,29705.26,22565
2026-08-07T20:30:00+00:00,29705.26,29724.13,29702.88,29714.710000000003,4018
2026-08-09T22:00:00+00:00,29714.710000000003,29801.18,29711.13,29744.31,25075
2026-08-09T22:30:00+00:00,29744.31,29758.56,29719.38,29749.68,12690
2026-08-09T23:00:00+00:00,29749.68,29786.93,29739.13,29769.18,10977
2026-08-09T23:30:00+00:00,29769.18,29778.56,29733.81,29735.18,21795
2026-08-10T00:00:00+00:00,29735.18,29811.31,29702.63,29751.68,44819
2026-08-10T00:30:00+00:00,29751.68,29770.06,29694.63,29707.93,44043
2026-08-10T01:00:00+00:00,29707.93,29788.06,29697.13,29770.06,42100
2026-08-10T01:30:00+00:00,29770.06,29800.06,29746.93,29790.31,36685
2026-08-10T02:00:00+00:00,29790.31,29797.81,29758.43,29774.81,27163
2026-08-10T02:30:00+00:00,29774.81,29804.68,29754.06,29786.68,20155
2026-08-10T03:00:00+00:00,29786.68,29797.06,29774.31,29785.93,21181
2026-08-10T03:30:00+00:00,29785.93,29804.18,29776.31,29783.68,19561
2026-08-10T04:00:00+00:00,29783.68,29809.43,29778.06,29804.93,14801
2026-08-10T04:30:00+00:00,29804.93,29806.93,29770.31,29787.06,19087
2026-08-10T05:00:00+00:00,29787.06,29829.43,29786.06,29815.93,16974
2026-08-10T05:30:00+00:00,29815.93,29836.06,29805.18,29834.93,16104
2026-08-10T06:00:00+00:00,29834.93,29867.68,29813.18,29819.56,20064
2026-08-10T06:30:00+00:00,29819.56,29830.31,29811.81,29814.31,16796
2026-08-10T07:00:00+00:00,29814.31,29858.06,29792.18,29856.68,28507
2026-08-10T07:30:00+00:00,29856.68,29889.56,29841.43,29858.56,20250
2026-08-10T08:00:00+00:00,29858.56,29886.43,29844.93,29858.18,29418
2026-08-10T08:30:00+00:00,29858.18,29880.68,29849.18,29877.06,17872
2026-08-10T09:00:00+00:00,29877.06,29889.06,29868.93,29874.06,17138
2026-08-10T09:30:00+00:00,29874.06,29876.93,29841.31,29843.93,16137
2026-08-10T10:00:00+00:00,29843.93,29864.31,29821.81,29850.56,19393
2026-08-10T10:30:00+00:00,29850.56,29851.06,29814.68,29817.68,21847
2026-08-10T11:00:00+00:00,29817.68,29831.31,29757.38,29814.43,39359
2026-08-10T11:30:00+00:00,29814.43,29819.93,29751.31,29776.93,31996
2026-08-10T12:00:00+00:00,29776.93,29789.06,29715.93,29728.18,37586
2026-08-10T12:30:00+00:00,29728.18,29732.68,29677.31,29683.06,38646
2026-08-10T13:00:00+00:00,29683.06,29728.68,29677.81,29710.68,49151
2026-08-10T13:30:00+00:00,29710.68,29746.83,29624.83,29712.460000000003,311400
2026-08-10T14:00:00+00:00,29712.460000000003,29805.710000000003,29694.210000000003,29763.83,165566
2026-08-10T14:30:00+00:00,29763.83,29798.58,29683.58,29685.210000000003,138711
2026-08-10T15:00:00+00:00,29685.210000000003,29728.33,29659.33,29683.460000000003,125893
2026-08-10T15:30:00+00:00,29683.460000000003,29760.33,29646.83,29749.960000000003,80850
2026-08-10T16:00:00+00:00,29749.960000000003,29764.58,29710.58,29715.460000000003,72183
2026-08-10T16:30:00+00:00,29715.460000000003,29722.83,29636.210000000003,29685.58,95933
2026-08-10T17:00:00+00:00,29685.58,29717.08,29666.58,29692.710000000003,53116
2026-08-10T17:30:00+00:00,29692.710000000003,29702.58,29650.460000000003,29665.08,48755
2026-08-10T18:00:00+00:00,29665.08,29678.210000000003,29648.460000000003,29653.460000000003,40629
2026-08-10T18:30:00+00:00,29653.460000000003,29690.33,29648.08,29688.33,37502
2026-08-10T19:00:00+00:00,29688.33,29701.83,29681.460000000003,29687.83,35034
2026-08-10T19:30:00+00:00,29687.83,29699.08,29628.460000000003,29649.960000000003,61106
2026-08-10T20:00:00+00:00,29649.960000000003,29659.93,29642.68,29656.93,17871
2026-08-10T20:30:00+00:00,29656.93,29675.31,29648.56,29670.260000000002,7410
2026-08-10T22:00:00+00:00,29670.260000000002,29697.07,29641.82,29654.95,12368
2026-08-10T22:30:00+00:00,29654.95,29655.52,29631.57,29641.57,7110
2026-08-10T23:00:00+00:00,29641.57,29643.45,29610.77,29616.82,8371
2026-08-10T23:30:00+00:00,29616.82,29635.07,29586.57,29612.07,16352
2026-08-11T00:00:00+00:00,29612.07,29673.45,29575.2,29672.07,41370
2026-08-11T00:30:00+00:00,29672.07,29702.57,29664.95,29693.95,24429
2026-08-11T01:00:00+00:00,29693.95,29748.07,29673.32,29728.57,33535
2026-08-11T01:30:00+00:00,29728.57,29751.2,29719.2,29727.32,31925
2026-08-11T02:00:00+00:00,29727.32,29739.45,29721.32,29733.07,23553
2026-08-11T02:30:00+00:00,29733.07,29752.95,29723.57,29727.2,18653
2026-08-11T03:00:00+00:00,29727.2,29756.2,29723.82,29750.07,17803
2026-08-11T03:30:00+00:00,29750.07,29751.95,29735.2,29740.82,15060
2026-08-11T04:00:00+00:00,29740.82,29762.7,29740.82,29761.82,13678
2026-08-11T04:30:00+00:00,29761.82,29770.45,29743.32,29747.95,16451
2026-08-11T05:00:00+00:00,29747.95,29762.95,29722.32,29723.45,17256
2026-08-11T05:30:00+00:00,29723.45,29738.57,29697.02,29701.82,24510
2026-08-11T06:00:00+00:00,29701.82,29736.2,29674.57,29680.2,21674
2026-08-11T06:30:00+00:00,29680.2,29698.32,29641.32,29663.82,25703
2026-08-11T07:00:00+00:00,29663.82,29678.95,29637.2,29652.7,35903
2026-08-11T07:30:00+00:00,29652.7,29689.07,29651.95,29683.32,26415
2026-08-11T08:00:00+00:00,29683.32,29713.07,29626.7,29641.45,36484
2026-08-11T08:30:00+00:00,29641.45,29671.82,29626.7,29657.7,26709
2026-08-11T09:00:00+00:00,29657.7,29674.45,29627.32,29667.7,25176
2026-08-11T09:30:00+00:00,29667.7,29692.45,29663.77,29678.07,20528
2026-08-11T10:00:00+00:00,29678.07,29741.95,29659.32,29730.7,24277
2026-08-11T10:30:00+00:00,29730.7,29736.45,29710.57,29726.32,18120
2026-08-11T11:00:00+00:00,29726.32,29795.57,29726.32,29742.82,48627
2026-08-11T11:30:00+00:00,29742.82,29745.32,29720.07,29740.95,26821
2026-08-11T12:00:00+00:00,29740.95,29780.07,29728.2,29737.57,31263
2026-08-11T12:30:00+00:00,29737.57,29766.07,29728.32,29741.32,26046
2026-08-11T13:00:00+00:00,29741.32,29759.95,29722.07,29748.2,39223
2026-08-11T13:30:00+00:00,29748.2,29751.47,29541.27,29642.600000000002,276076
2026-08-11T14:00:00+00:00,29642.600000000002,29701.850000000002,29628.100000000002,29686.72,167256
2026-08-11T14:30:00+00:00,29686.72,29713.97,29637.72,29685.47,117007
2026-08-11T15:00:00+00:00,29685.47,29701.350000000002,29606.850000000002,29612.100000000002,105163
2026-08-11T15:30:00+00:00,29612.100000000002,29628.850000000002,29568.47,29572.22,83424
2026-08-11T16:00:00+00:00,29572.22,29590.850000000002,29531.350000000002,29555.22,65970
2026-08-11T16:30:00+00:00,29555.22,29574.22,29524.27,29535.350000000002,50578
2026-08-11T17:00:00+00:00,29535.350000000002,29543.97,29481.97,29515.47,53741
2026-08-11T17:30:00+00:00,29515.47,29549.97,29508.22,29538.22,45307
2026-08-11T18:00:00+00:00,29538.22,29544.47,29442.600000000002,29453.350000000002,56998
2026-08-11T18:30:00+00:00,29453.350000000002,29508.600000000002,29449.850000000002,29491.850000000002,51356
2026-08-11T19:00:00+00:00,29491.850000000002,29536.100000000002,29480.72,29533.47,45198
2026-08-11T19:30:00+00:00,29533.47,29569.47,29516.850000000002,29544.600000000002,65809
2026-08-11T20:00:00+00:00,29544.600000000002,29585.7,29523.7,29583.2,21197
2026-08-11T20:30:00+00:00,29583.2,29585.2,29552.2,29556.02,10478
2026-08-11T22:00:00+00:00,29556.02,29573.61,29539.43,29566.36,9075
2026-08-11T22:30:00+00:00,29566.36,29577.480000000003,29545.980000000003,29561.980000000003,7490
2026-08-11T23:00:00+00:00,29561.980000000003,29566.61,29551.730000000003,29564.230000000003,6444
2026-08-11T23:30:00+00:00,29564.230000000003,29574.61,29546.36,29574.11,13690
2026-08-12T00:00:00+00:00,29574.11,29587.730000000003,29536.980000000003,29576.980000000003,52049
2026-08-12T00:30:00+00:00,29576.980000000003,29591.61,29564.61,29578.730000000003,31005
2026-08-12T01:00:00+00:00,29578.730000000003,29593.11,29551.480000000003,29574.61,32482
2026-08-12T01:30:00+00:00,29574.61,29595.36,29558.230000000003,29570.86,30467
2026-08-12T02:00:00+00:00,29570.86,29589.86,29561.730000000003,29588.86,21910
2026-08-12T02:30:00+00:00,29588.86,29614.980000000003,29587.230000000003,29614.36,13871
2026-08-12T03:00:00+00:00,29614.36,29621.86,29607.36,29614.480000000003,14669
2026-08-12T03:30:00+00:00,29614.480000000003,29616.730000000003,29597.11,29606.730000000003,18979
2026-08-12T04:00:00+00:00,29606.730000000003,29614.61,29601.61,29609.480000000003,13378
2026-08-12T04:30:00+00:00,29609.480000000003,29627.61,29595.36,29625.61,10775
2026-08-12T05:00:00+00:00,29625.61,29626.230000000003,29580.480000000003,29600.480000000003,17799
2026-08-12T05:30:00+00:00,29600.480000000003,29629.86,29598.730000000003,29627.36,17563
2026-08-12T06:00:00+00:00,29627.36,29636.36,29609.61,29622.11,19362
2026-08-12T06:30:00+00:00,29622.11,29648.980000000003,29617.230000000003,29648.36,16106
2026-08-12T07:00:00+00:00,29648.36,29666.480000000003,29639.730000000003,29650.980000000003,21018
2026-08-12T07:30:00+00:00,29650.980000000003,29663.230000000003,29641.36,29662.980000000003,15769
2026-08-12T08:00:00+00:00,29662.980000000003,29704.730000000003,29659.730000000003,29698.11,23973
2026-08-12T08:30:00+00:00,29698.11,29711.230000000003,29674.86,29706.11,17291
2026-08-12T09:00:00+00:00,29706.11,29760.730000000003,29705.230000000003,29735.230000000003,24158
2026-08-12T09:30:00+00:00,29735.230000000003,29750.61,29714.61,29727.980000000003,26387
2026-08-12T10:00:00+00:00,29727.980000000003,29757.11,29726.480000000003,29751.11,18684
2026-08-12T10:30:00+00:00,29751.11,29755.86,29698.18,29727.230000000003,23469
2026-08-12T11:00:00+00:00,29727.230000000003,29749.36,29717.480000000003,29722.36,25048
2026-08-12T11:30:00+00:00,29722.36,29758.230000000003,29718.11,29757.61,20306
2026-08-12T12:00:00+00:00,29757.61,29837.730000000003,29733.230000000003,29817.93,32658
2026-08-12T12:30:00+00:00,29817.93,29870.18,29662.93,29831.480000000003,77868
2026-08-12T13:00:00+00:00,29831.480000000003,29904.230000000003,29828.480000000003,29903.36,44558
2026-08-12T13:30:00+00:00,29903.36,29913.63,29765.88,29819.63,293802
2026-08-12T14:00:00+00:00,29819.63,29857.760000000002,29760.43,29828.760000000002,176621
2026-08-12T14:30:00+00:00,29828.760000000002,29843.510000000002,29740.88,29779.760000000002,159244
2026-08-12T15:00:00+00:00,29779.760000000002,29803.88,29751.760000000002,29787.010000000002,115832
2026-08-12T15:30:00+00:00,29787.010000000002,29791.13,29731.13,29744.510000000002,78881
2026-08-12T16:00:00+00:00,29744.510000000002,29800.13,29741.510000000002,29786.13,52378
2026-08-12T16:30:00+00:00,29786.13,29830.13,29763.260000000002,29817.760000000002,45053
2026-08-12T17:00:00+00:00,29817.760000000002,29836.63,29801.88,29822.38,38648
2026-08-12T17:30:00+00:00,29822.38,29836.38,29813.760000000002,29822.63,35180
2026-08-12T18:00:00+00:00,29822.63,29830.75,29802.88,29806.25,33823.097323967726
2026-08-12T18:30:00+00:00,29806.25,29844.13,29797.38,29802.5,32686
2026-08-12T19:00:00+00:00,29802.5,29816.75,29768.38,29779.63,36991
2026-08-12T19:30:00+00:00,29779.63,29780.88,29738.13,29764.75,64145
2026-08-12T20:00:00+00:00,29764.75,29817.850000000002,29726.600000000002,29731.48,27198
2026-08-12T20:30:00+00:00,29731.48,29735.350000000002,29716.350000000002,29718.93,12456
2026-08-12T22:00:00+00:00,29718.93,29743.850000000002,29696.23,29705.23,12364
2026-08-12T22:30:00+00:00,29705.23,29717.4,29692.8,29711.53,7381
2026-08-12T23:00:00+00:00,29711.53,29726.28,29710.9,29719.28,7191
2026-08-12T23:30:00+00:00,29719.28,29728.65,29706.4,29718.9,12441
2026-08-13T00:00:00+00:00,29718.9,29780.15,29710.53,29753.28,31062
2026-08-13T00:30:00+00:00,29753.28,29766.78,29742.4,29760.28,28354
2026-08-13T01:00:00+00:00,29760.28,29766.15,29722.03,29731.4,25672
2026-08-13T01:30:00+00:00,29731.4,29779.4,29728.4,29771.03,24003
2026-08-13T02:00:00+00:00,29771.03,29785.15,29767.9,29776.03,15046
2026-08-13T02:30:00+00:00,29776.03,29791.15,29747.65,29782.78,17354
2026-08-13T03:00:00+00:00,29782.78,29792.78,29779.4,29787.9,12136
2026-08-13T03:30:00+00:00,29787.9,29793.78,29780.9,29792.53,9944
2026-08-13T04:00:00+00:00,29792.53,29805.65,29767.9,29790.65,13231
2026-08-13T04:30:00+00:00,29790.65,29809.53,29787.03,29793.15,13898
2026-08-13T05:00:00+00:00,29793.15,29835.78,29788.4,29834.9,12653
2026-08-13T05:30:00+00:00,29834.9,29837.4,29796.78,29797.9,15891
2026-08-13T06:00:00+00:00,29797.9,29819.15,29783.03,29811.28,18724
2026-08-13T06:30:00+00:00,29811.28,29819.03,29772.600000000002,29802.15,16906
2026-08-13T07:00:00+00:00,29802.15,29807.28,29759.15,29784.65,22297
2026-08-13T07:30:00+00:00,29784.65,29796.28,29772.28,29774.15,16638
2026-08-13T08:00:00+00:00,29774.15,29786.03,29741.53,29772.65,30377
2026-08-13T08:30:00+00:00,29772.65,29789.15,29759.9,29774.9,19608
2026-08-13T09:00:00+00:00,29774.9,29782.78,29734.9,29751.28,18799
2026-08-13T09:30:00+00:00,29751.28,29793.4,29750.53,29790.65,12359
2026-08-13T10:00:00+00:00,29790.65,29798.03,29776.9,29786.9,14680
2026-08-13T10:30:00+00:00,29786.9,29800.15,29782.4,29794.53,12691
2026-08-13T11:00:00+00:00,29794.53,29806.03,29769.65,29776.53,18652
2026-08-13T11:30:00+00:00,29776.53,29808.65,29771.15,29782.53,20573
2026-08-13T12:00:00+00:00,29782.53,29785.9,29726.600000000002,29763.600000000002,33578
2026-08-13T12:30:00+00:00,29763.600000000002,29802.600000000002,29734.4,29794.28,43426
2026-08-13T13:00:00+00:00,29794.28,29834.53,29792.53,29824.4,32776
2026-08-13T13:30:00+00:00,29824.4,30095.18,29777.8,30090.3,209223
2026-08-13T14:00:00+00:00,30090.3,30152.05,30070.3,30147.93,102665
2026-08-13T14:30:00+00:00,30147.93,30181.3,30112.55,30113.8,97233
2026-08-13T15:00:00+00:00,30113.8,30152.93,30093.93,30102.43,107500
2026-08-13T15:30:00+00:00,30102.43,30112.55,30018.8,30029.3,111479
2026-08-13T16:00:00+00:00,30029.3,30103.3,30028.55,30100.93,62788
2026-08-13T16:30:00+00:00,30100.93,30117.55,30082.43,30107.8,46429
2026-08-13T17:00:00+00:00,30107.8,30164.18,30106.93,30151.93,35097
2026-08-13T17:30:00+00:00,30151.93,30159.05,30118.05,30118.8,35101
2026-08-13T18:00:00+00:00,30118.8,30129.43,30095.55,30106.05,36879
2026-08-13T18:30:00+00:00,30106.05,30160.18,30105.93,30158.3,37862
2026-08-13T19:00:00+00:00,30158.3,30187.05,30129.68,30137.3,44498
2026-08-13T19:30:00+00:00,30137.3,30141.8,30087.68,30108.55,61149
2026-08-13T20:00:00+00:00,30108.55,30133.03,30058.600000000002,30112.15,23805
2026-08-13T20:30:00+00:00,30112.15,30133.03,30109.600000000002,30129.23,8630
2026-08-13T22:00:00+00:00,30129.23,30131.59,30100.66,30112.46,11928
2026-08-13T22:30:00+00:00,30112.46,30124.34,30111.96,30117.96,4930
2026-08-13T23:00:00+00:00,30117.96,30140.59,30106.71,30113.71,4295
2026-08-13T23:30:00+00:00,30113.71,30118.96,30104.34,30117.59,11552
2026-08-14T00:00:00+00:00,30117.59,30146.34,30092.34,30099.34,32799
2026-08-14T00:30:00+00:00,30099.34,30105.84,30081.21,30084.09,18678
2026-08-14T01:00:00+00:00,30084.09,30084.21,30038.84,30066.96,27867
2026-08-14T01:30:00+00:00,30066.96,30082.59,30055.46,30066.34,21768
2026-08-14T02:00:00+00:00,30066.34,30086.09,30064.09,30082.46,15174
2026-08-14T02:30:00+00:00,30082.46,30095.34,30064.34,30068.84,12642
2026-08-14T03:00:00+00:00,30068.84,30094.84,30065.09,30094.84,10773
2026-08-14T03:30:00+00:00,30094.84,30096.21,30066.71,30067.09,11695
2026-08-14T04:00:00+00:00,30067.09,30079.59,30059.21,30072.71,13649
2026-08-14T04:30:00+00:00,30072.71,30078.21,30052.59,30062.34,13356
2026-08-14T05:00:00+00:00,30062.34,30066.96,30042.46,30064.09,13974
2026-08-14T05:30:00+00:00,30064.09,30096.09,30054.84,30088.71,13273
2026-08-14T06:00:00+00:00,30088.71,30092.71,30062.41,30077.21,12957
2026-08-14T06:30:00+00:00,30077.21,30091.96,30064.09,30087.34,9255
2026-08-14T07:00:00+00:00,30087.34,30108.46,30085.84,30091.59,19291
2026-08-14T07:30:00+00:00,30091.59,30117.96,30087.34,30108.71,11166
2026-08-14T08:00:00+00:00,30108.71,30149.59,30101.84,30139.59,25251
2026-08-14T08:30:00+00:00,30139.59,30154.71,30135.09,30135.84,18243
2026-08-14T09:00:00+00:00,30135.84,30146.84,30124.84,30140.46,15629
2026-08-14T09:30:00+00:00,30140.46,30150.84,30121.71,30149.09,14883
2026-08-14T10:00:00+00:00,30149.09,30163.96,30136.96,30143.21,13366
2026-08-14T10:30:00+00:00,30143.21,30166.34,30137.71,30165.96,12891
2026-08-14T11:00:00+00:00,30165.96,30176.21,30156.71,30161.84,16016
2026-08-14T11:30:00+00:00,30161.84,30182.59,30151.84,30178.84,15292
2026-08-14T12:00:00+00:00,30178.84,30194.46,30123.34,30164.96,26152
2026-08-14T12:30:00+00:00,30164.96,30193.84,30159.16,30182.84,26766
2026-08-14T13:00:00+00:00,30182.84,30197.59,30151.41,30155.71,30103
2026-08-14T13:30:00+00:00,30155.71,30195.36,30084.74,30141.16,229374
2026-08-14T14:00:00+00:00,30141.16,30187.11,30049.49,30074.49,151416
2026-08-14T14:30:00+00:00,30074.49,30089.99,30037.86,30037.86,104326
2026-08-14T15:00:00+00:00,30037.86,30056.36,29948.24,29987.74,86375
2026-08-14T15:30:00+00:00,29987.74,29989.49,29943.99,29981.11,71273
2026-08-14T16:00:00+00:00,29981.11,30022.11,29965.49,30016.11,45434
2026-08-14T16:30:00+00:00,30016.11,30017.11,29967.91,29973.61,47420
2026-08-14T17:00:00+00:00,29973.61,29994.61,29962.99,29974.36,40413
2026-08-14T17:30:00+00:00,29974.36,29999.38,29964.760000000002,29996.260000000002,36838.692413129735
2026-08-14T18:00:00+00:00,29996.260000000002,30007.510000000002,29980.260000000002,29982.510000000002,32069
2026-08-14T18:30:00+00:00,29982.510000000002,30018.760000000002,29977.63,30003.38,28795
2026-08-14T19:00:00+00:00,30003.38,30018.38,29991.18,30011.38,30226
2026-08-14T19:30:00+00:00,30011.38,30063.010000000002,30006.260000000002,30059.63,46178
2026-08-14T20:00:00+00:00,30059.63,30067.48,30041.84,30045.59,15328
2026-08-14T20:30:00+00:00,30045.59,30057.84,30042.84,30056.79,3028
2026-08-16T22:00:00+00:00,30056.79,30125.7,30056.79,30116.7,10416
2026-08-16T22:30:00+00:00,30116.7,30134.2,30111.15,30129.08,5433
2026-08-16T23:00:00+00:00,30129.08,30130.33,30115.2,30120.7,5245
2026-08-16T23:30:00+00:00,30120.7,30150.95,30116.33,30138.58,9663
2026-08-17T00:00:00+00:00,30138.58,30150.33,30113.33,30119.45,22622
2026-08-17T00:30:00+00:00,30119.45,30125.83,30109.33,30124.83,12411
2026-08-17T01:00:00+00:00,30124.83,30162.2,30123.58,30153.45,20343
2026-08-17T01:30:00+00:00,30153.45,30155.83,30110.45,30115.33,18355
2026-08-17T02:00:00+00:00,30115.33,30145.7,30109.33,30139.7,11396
2026-08-17T02:30:00+00:00,30139.7,30154.2,30135.7,30146.08,11226
2026-08-17T03:00:00+00:00,30146.08,30158.58,30144.9,30157.33,9170
2026-08-17T03:30:00+00:00,30157.33,30169.95,30149.33,30169.83,8183
2026-08-17T04:00:00+00:00,30169.83,30177.45,30163.95,30164.08,6816
2026-08-17T04:30:00+00:00,30164.08,30171.33,30156.7,30158.45,6183
2026-08-17T05:00:00+00:00,30158.45,30169.95,30154.08,30167.58,8410
2026-08-17T05:30:00+00:00,30167.58,30197.45,30160.83,30195.83,10208
2026-08-17T06:00:00+00:00,30195.83,30222.33,30190.58,30220.45,11371
2026-08-17T06:30:00+00:00,30220.45,30250.2,30217.2,30247.95,10989
2026-08-17T07:00:00+00:00,30247.95,30254.95,30184.7,30203.2,22127
2026-08-17T07:30:00+00:00,30203.2,30247.58,30200.33,30236.08,16262
2026-08-17T08:00:00+00:00,30236.08,30251.08,30219.7,30238.95,27544
2026-08-17T08:30:00+00:00,30238.95,30242.95,30207.58,30221.45,18667
2026-08-17T09:00:00+00:00,30221.45,30226.2,30191.45,30198.2,18087
2026-08-17T09:30:00+00:00,30198.2,30214.58,30191.08,30204.95,18555
2026-08-17T10:00:00+00:00,30204.95,30262.95,30199.7,30260.45,20136
2026-08-17T10:30:00+00:00,30260.45,30261.45,30216.08,30238.33,23277
2026-08-17T11:00:00+00:00,30238.33,30248.7,30210.08,30222.95,21533
2026-08-17T11:30:00+00:00,30222.95,30233.33,30209.45,30209.83,17090
2026-08-17T12:00:00+00:00,30209.83,30212.08,30144.65,30160.83,31289
2026-08-17T12:30:00+00:00,30160.83,30173.58,30104.45,30125.58,34941
2026-08-17T13:00:00+00:00,30125.58,30161.58,30122.58,30141.83,30138
2026-08-17T13:30:00+00:00,30141.83,30189.730000000003,30089.350000000002,30158.600000000002,235218
2026-08-17T14:00:00+00:00,30158.600000000002,30166.850000000002,30079.4,30120.980000000003,129191
2026-08-17T14:30:00+00:00,30120.980000000003,30169.730000000003,30109.850000000002,30167.600000000002,76642
2026-08-17T15:00:00+00:00,30167.600000000002,30210.600000000002,30157.100000000002,30193.350000000002,57787
2026-08-17T15:30:00+00:00,30193.350000000002,30197.100000000002,30131.980000000003,30163.350000000002,54160
2026-08-17T16:00:00+00:00,30163.350000000002,30167.350000000002,30120.65,30130.850000000002,42434
2026-08-17T16:30:00+00:00,30130.850000000002,30136.480000000003,30099.230000000003,30107.600000000002,33590
2026-08-17T17:00:00+00:00,30107.600000000002,30111.100000000002,30017.350000000002,30020.730000000003,55400
2026-08-17T17:30:00+00:00,30020.730000000003,30051.980000000003,30010.480000000003,30025.980000000003,50963
2026-08-17T18:00:00+00:00,30025.980000000003,30037.600000000002,30003.480000000003,30027.230000000003,44232
2026-08-17T18:30:00+00:00,30027.230000000003,30060.480000000003,30016.480000000003,30046.100000000002,29844
2026-08-17T19:00:00+00:00,30046.100000000002,30048.230000000003,30005.980000000003,30017.350000000002,35620
2026-08-17T19:30:00+00:00,30017.350000000002,30046.480000000003,29990.600000000002,30014.600000000002,53336
2026-08-17T20:00:00+00:00,30014.600000000002,30021.08,29992.08,30001.33,16361
2026-08-17T20:30:00+00:00,30001.33,30003.58,29978.45,30002.9,10503
2026-08-17T22:00:00+00:00,30002.9,30017.530000000002,29988.530000000002,30001.780000000002,11999
2026-08-17T22:30:00+00:00,30001.780000000002,30009.530000000002,29993.15,30005.15,6759
2026-08-17T23:00:00+00:00,30005.15,30014.15,29996.280000000002,30009.9,6719
2026-08-17T23:30:00+00:00,30009.9,30027.15,30006.780000000002,30020.780000000002,12220
2026-08-18T00:00:00+00:00,30020.780000000002,30040.4,30009.780000000002,30026.9,22609
2026-08-18T00:30:00+00:00,30026.9,30047.280000000002,30021.600000000002,30024.9,14741
2026-08-18T01:00:00+00:00,30024.9,30035.9,30001.850000000002,30013.280000000002,20450
2026-08-18T01:30:00+00:00,30013.280000000002,30016.15,29895.600000000002,29938.65,31833
2026-08-18T02:00:00+00:00,29938.65,29947.9,29849.9,29859.280000000002,32239
2026-08-18T02:30:00+00:00,29859.280000000002,29885.780000000002,29806.530000000002,29834.780000000002,35053
2026-08-18T03:00:00+00:00,29834.780000000002,29841.780000000002,29785.65,29806.030000000002,26802
2026-08-18T03:30:00+00:00,29806.030000000002,29834.65,29779.280000000002,29819.4,27939
2026-08-18T04:00:00+00:00,29819.4,29841.030000000002,29796.65,29837.65,22810
2026-08-18T04:30:00+00:00,29837.65,29853.15,29817.850000000002,29843.65,16335
2026-08-18T05:00:00+00:00,29843.65,29844.9,29800.280000000002,29802.15,19020
2026-08-18T05:30:00+00:00,29802.15,29806.530000000002,29762.100000000002,29767.030000000002,18544
2026-08-18T06:00:00+00:00,29767.030000000002,29792.9,29712.030000000002,29785.780000000002,31444
2026-08-18T06:30:00+00:00,29785.780000000002,29822.030000000002,29778.780000000002,29819.030000000002,18805
2026-08-18T07:00:00+00:00,29819.030000000002,29822.780000000002,29772.030000000002,29773.4,28602
2026-08-18T07:30:00+00:00,29773.4,29780.780000000002,29734.780000000002,29736.65,25553
2026-08-18T08:00:00+00:00,29736.65,29740.280000000002,29662.030000000002,29684.280000000002,42988
2026-08-18T08:30:00+00:00,29684.280000000002,29718.65,29669.030000000002,29692.780000000002,30098
2026-08-18T09:00:00+00:00,29692.780000000002,29703.780000000002,29650.030000000002,29662.030000000002,31094
2026-08-18T09:30:00+00:00,29662.030000000002,29667.9,29613.530000000002,29658.9,31774
2026-08-18T10:00:00+00:00,29658.9,29669.280000000002,29630.100000000002,29653.4,24511
2026-08-18T10:30:00+00:00,29653.4,29678.4,29646.530000000002,29664.65,19707
2026-08-18T11:00:00+00:00,29664.65,29699.780000000002,29656.15,29683.9,25740
2026-08-18T11:30:00+00:00,29683.9,29701.530000000002,29653.530000000002,29673.9,26583
2026-08-18T12:00:00+00:00,29673.9,29711.65,29637.65,29639.780000000002,29642
2026-08-18T12:30:00+00:00,29639.780000000002,29648.530000000002,29607.280000000002,29639.530000000002,24959
2026-08-18T13:00:00+00:00,29639.530000000002,29652.65,29604.4,29616.530000000002,32048
2026-08-18T13:30:00+00:00,29616.530000000002,29696.050000000003,29531.43,29573.43,303437
2026-08-18T14:00:00+00:00,29573.43,29632.300000000003,29494.800000000003,29595.68,205421
2026-08-18T14:30:00+00:00,29595.68,29617.43,29462.93,29474.43,141544
2026-08-18T15:00:00+00:00,29474.43,29526.43,29440.550000000003,29517.93,110991
2026-08-18T15:30:00+00:00,29517.93,29567.550000000003,29492.93,29563.050000000003,83553
2026-08-18T16:00:00+00:00,29563.050000000003,29589.550000000003,29536.050000000003,29536.550000000003,64727
2026-08-18T16:30:00+00:00,29536.550000000003,29597.550000000003,29530.300000000003,29576.050000000003,58817
2026-08-18T17:00:00+00:00,29576.050000000003,29587.550000000003,29519.68,29542.18,49630
2026-08-18T17:30:00+00:00,29542.18,29548.300000000003,29491.93,29492.43,41849
2026-08-18T18:00:00+00:00,29492.43,29541.18,29473.68,29529.68,46327
2026-08-18T18:30:00+00:00,29529.68,29540.300000000003,29492.050000000003,29497.800000000003,36704
2026-08-18T19:00:00+00:00,29497.800000000003,29532.93,29491.050000000003,29526.300000000003,40175
2026-08-18T19:30:00+00:00,29526.300000000003,29535.93,29485.93,29513.050000000003,61894
2026-08-18T20:00:00+00:00,29513.050000000003,29523.15,29487.65,29504.530000000002,17138
2026-08-18T20:30:00+00:00,29504.530000000002,29511.9,29476.4,29487.72,8267
2026-08-18T22:00:00+00:00,29487.72,29523.5,29475.75,29477.25,13811
2026-08-18T22:30:00+00:00,29477.25,29482.5,29447.63,29450,12063
2026-08-18T23:00:00+00:00,29450,29498,29445.63,29476.88,11525
2026-08-18T23:30:00+00:00,29476.88,29483.38,29453.88,29458.5,20091
2026-08-19T00:00:00+00:00,29458.5,29460.38,29369.45,29460,51793
2026-08-19T00:30:00+00:00,29460,29516.25,29459.88,29470.88,37318
2026-08-19T01:00:00+00:00,29470.88,29540,29460.88,29531.88,45058
2026-08-19T01:30:00+00:00,29531.88,29535.25,29493.5,29509,38739
2026-08-19T02:00:00+00:00,29509,29514,29452,29473,33800
2026-08-19T02:30:00+00:00,29473,29476.5,29445.2,29462,27597
2026-08-19T03:00:00+00:00,29462,29485.13,29450.5,29464.75,23320
2026-08-19T03:30:00+00:00,29464.75,29497.13,29446.88,29456.25,25611
2026-08-19T04:00:00+00:00,29456.25,29474,29436.2,29463.75,22549
2026-08-19T04:30:00+00:00,29463.75,29471.25,29394.38,29436.25,23974
2026-08-19T05:00:00+00:00,29436.25,29465.13,29396.88,29438.5,32511
2026-08-19T05:30:00+00:00,29438.5,29442.75,29377.25,29387.5,29403
2026-08-19T06:00:00+00:00,29387.5,29435,29361,29412.88,32137
2026-08-19T06:30:00+00:00,29412.88,29492,29390.5,29489.25,30993
2026-08-19T07:00:00+00:00,29489.25,29508.75,29451,29508.75,34016
2026-08-19T07:30:00+00:00,29508.75,29537,29477.5,29531.13,24932
2026-08-19T08:00:00+00:00,29531.13,29571.38,29522.75,29553,36457
2026-08-19T08:30:00+00:00,29553,29563.5,29530.88,29538.5,25031
2026-08-19T09:00:00+00:00,29538.5,29560.88,29496.63,29502.13,23489
2026-08-19T09:30:00+00:00,29502.13,29518,29466.88,29484.38,24923
2026-08-19T10:00:00+00:00,29484.38,29488,29440.88,29466.38,29012
2026-08-19T10:30:00+00:00,29466.38,29489.25,29448,29451.88,23451
2026-08-19T11:00:00+00:00,29451.88,29508.5,29439.63,29468,33971
2026-08-19T11:30:00+00:00,29468,29472.25,29437.38,29466.13,30256
2026-08-19T12:00:00+00:00,29466.13,29513.25,29441.88,29504.63,39056
2026-08-19T12:30:00+00:00,29504.63,29687.75,29479.38,29673.25,81419
2026-08-19T13:00:00+00:00,29673.25,29679,29610.5,29627.13,56085
2026-08-19T13:30:00+00:00,29627.13,29672.9,29338.780000000002,29427.780000000002,379716
2026-08-19T14:00:00+00:00,29427.780000000002,29445.65,29307.030000000002,29413.530000000002,292086
2026-08-19T14:30:00+00:00,29413.530000000002,29555.280000000002,29399.280000000002,29554.280000000002,156612
2026-08-19T15:00:00+00:00,29554.280000000002,29561.530000000002,29512.15,29544.4,112132
2026-08-19T15:30:00+00:00,29544.4,29548.030000000002,29481.4,29538.030000000002,101559
2026-08-19T16:00:00+00:00,29538.030000000002,29598.15,29518.4,29540.280000000002,67110
2026-08-19T16:30:00+00:00,29540.280000000002,29552.4,29483.780000000002,29490.65,63948
2026-08-19T17:00:00+00:00,29490.65,29503.530000000002,29441.15,29470.65,63661
2026-08-19T17:30:00+00:00,29470.65,29491.530000000002,29445.530000000002,29475.65,47913
2026-08-19T18:00:00+00:00,29475.65,29522.280000000002,29422.660000000003,29469.910000000003,78461
2026-08-19T18:30:00+00:00,29469.910000000003,29509.660000000003,29458.530000000002,29465.780000000002,58715
2026-08-19T19:00:00+00:00,29465.780000000002,29510.410000000003,29460.280000000002,29486.660000000003,51601
2026-08-19T19:30:00+00:00,29486.660000000003,29520.780000000002,29416.160000000003,29452.280000000002,82602
2026-08-19T20:00:00+00:00,29452.280000000002,29472.760000000002,29444.760000000002,29455.38,18392
2026-08-19T20:30:00+00:00,29455.38,29492.63,29450.63,29490.710000000003,8834
2026-08-19T22:00:00+00:00,29490.710000000003,29568.120000000003,29484.320000000003,29550.500000000004,18014
2026-08-19T22:30:00+00:00,29550.500000000004,29583.750000000004,29543.120000000003,29579.620000000003,9247
2026-08-19T23:00:00+00:00,29579.620000000003,29617.32,29562.620000000003,29580.75,12776
2026-08-19T23:30:00+00:00,29580.75,29595.870000000003,29556.370000000003,29559,14127
2026-08-20T00:00:00+00:00,29559,29594.620000000003,29512,29560.620000000003,49971
2026-08-20T00:30:00+00:00,29560.620000000003,29605,29546.870000000003,29600.370000000003,36085
2026-08-20T01:00:00+00:00,29600.370000000003,29613.5,29554.370000000003,29564.370000000003,45322
2026-08-20T01:30:00+00:00,29564.370000000003,29604.25,29554.370000000003,29572.75,44572
2026-08-20T02:00:00+00:00,29572.75,29612.370000000003,29543.120000000003,29561.620000000003,34641
2026-08-20T02:30:00+00:00,29561.620000000003,29591.5,29540,29559.5,31454
2026-08-20T03:00:00+00:00,29559.5,29585.870000000003,29535.75,29556.120000000003,26980
2026-08-20T03:30:00+00:00,29556.120000000003,29560.120000000003,29526.75,29547.620000000003,25040
2026-08-20T04:00:00+00:00,29547.620000000003,29585.120000000003,29540.870000000003,29569.370000000003,18633
2026-08-20T04:30:00+00:00,29569.370000000003,29570.370000000003,29538.120000000003,29547.370000000003,23948
2026-08-20T05:00:00+00:00,29547.370000000003,29570.370000000003,29518,29546.5,28328
2026-08-20T05:30:00+00:00,29546.5,29563.870000000003,29528.870000000003,29535.5,26279
2026-08-20T06:00:00+00:00,29535.5,29595.620000000003,29533,29583.620000000003,27744
2026-08-20T06:30:00+00:00,29583.620000000003,29615.75,29576.870000000003,29601.75,21729
2026-08-20T07:00:00+00:00,29601.75,29601.75,29535,29545,34350
2026-08-20T07:30:00+00:00,29545,29566.370000000003,29522.870000000003,29523.870000000003,29111
2026-08-20T08:00:00+00:00,29523.870000000003,29534.370000000003,29426.120000000003,29431.620000000003,52099
2026-08-20T08:30:00+00:00,29431.620000000003,29454.120000000003,29386,29406.620000000003,42061
2026-08-20T09:00:00+00:00,29406.620000000003,29472.370000000003,29396.75,29457.75,35117
2026-08-20T09:30:00+00:00,29457.75,29476.25,29437.370000000003,29457.25,31854
2026-08-20T10:00:00+00:00,29457.25,29491.120000000003,29442.120000000003,29466.75,30125
2026-08-20T10:30:00+00:00,29466.75,29495.370000000003,29445.75,29495.120000000003,30730
2026-08-20T11:00:00+00:00,29495.120000000003,29511.120000000003,29352.120000000003,29354.620000000003,47709
2026-08-20T11:30:00+00:00,29354.620000000003,29383,29279,29290.370000000003,51915
2026-08-20T12:00:00+00:00,29290.370000000003,29304.120000000003,29194.120000000003,29205.57,72183
2026-08-20T12:30:00+00:00,29205.57,29279.25,29171.5,29275.5,56161
2026-08-20T13:00:00+00:00,29275.5,29302.370000000003,29253.75,29282.620000000003,51243
2026-08-20T13:30:00+00:00,29282.620000000003,29399.65,29240.4,29283.02,352944
2026-08-20T14:00:00+00:00,29283.02,29342.52,29238.4,29280.27,281061
2026-08-20T14:30:00+00:00,29280.27,29363.15,29259.27,29322.65,179613
2026-08-20T15:00:00+00:00,29322.65,29380.4,29231.52,29274.4,175242
2026-08-20T15:30:00+00:00,29274.4,29279.77,29200.02,29260.02,111246
2026-08-20T16:00:00+00:00,29260.02,29285.52,29232.77,29270.52,82011
2026-08-20T16:30:00+00:00,29270.52,29318.65,29240.27,29309.27,68176
2026-08-20T17:00:00+00:00,29309.27,29311.77,29222.52,29224.77,64873
2026-08-20T17:30:00+00:00,29224.77,29255.52,29213.02,29222.52,52043
2026-08-20T18:00:00+00:00,29222.52,29222.52,29133.02,29163.15,63450
2026-08-20T18:30:00+00:00,29163.15,29188.77,29142.02,29173.9,49549
2026-08-20T19:00:00+00:00,29173.9,29237.27,29172.52,29234.27,50912
2026-08-20T19:30:00+00:00,29234.27,29265.27,29216.9,29233.77,70563
2026-08-20T20:00:00+00:00,29233.77,29250.25,29193.870000000003,29217.75,23325
2026-08-20T20:30:00+00:00,29217.75,29248.75,29215,29247.45,9856
2026-08-20T22:00:00+00:00,29247.45,29274.190000000002,29204.32,29216.82,14925
2026-08-20T22:30:00+00:00,29216.82,29255.57,29212.07,29252.190000000002,8561
2026-08-20T23:00:00+00:00,29252.190000000002,29258.07,29242.57,29245.82,6592
2026-08-20T23:30:00+00:00,29245.82,29252.940000000002,29216.57,29223.32,20196
2026-08-21T00:00:00+00:00,29223.32,29294.32,29221.07,29255.940000000002,47956
2026-08-21T00:30:00+00:00,29255.940000000002,29291.940000000002,29242.57,29250.82,35324
2026-08-21T01:00:00+00:00,29250.82,29286.32,29222.190000000002,29270.07,43526
2026-08-21T01:30:00+00:00,29270.07,29302.07,29250.190000000002,29283.07,33623
2026-08-21T02:00:00+00:00,29283.07,29324.32,29273.440000000002,29319.32,24607
2026-08-21T02:30:00+00:00,29319.32,29328.82,29306.690000000002,29313.940000000002,21107
2026-08-21T03:00:00+00:00,29313.940000000002,29317.57,29279.190000000002,29292.190000000002,19035
2026-08-21T03:30:00+00:00,29292.190000000002,29306.690000000002,29272.57,29282.32,22824
2026-08-21T04:00:00+00:00,29282.32,29301.32,29260.190000000002,29260.190000000002,20199
2026-08-21T04:30:00+00:00,29260.190000000002,29294.190000000002,29251.07,29287.690000000002,17036
2026-08-21T05:00:00+00:00,29287.690000000002,29309.690000000002,29281.190000000002,29283.190000000002,19414
2026-08-21T05:30:00+00:00,29283.190000000002,29306.690000000002,29270.440000000002,29295.440000000002,20209
2026-08-21T06:00:00+00:00,29295.440000000002,29311.07,29284.690000000002,29305.690000000002,23207
2026-08-21T06:30:00+00:00,29305.690000000002,29330.57,29295.32,29316.32,18505
2026-08-21T07:00:00+00:00,29316.32,29385.440000000002,29310.07,29355.82,24538
2026-08-21T07:30:00+00:00,29355.82,29383.190000000002,29351.190000000002,29376.190000000002,22284
2026-08-21T08:00:00+00:00,29376.190000000002,29391.940000000002,29320.940000000002,29351.690000000002,33460
2026-08-21T08:30:00+00:00,29351.690000000002,29397.07,29348.190000000002,29382.82,25171
2026-08-21T09:00:00+00:00,29382.82,29384.690000000002,29341.940000000002,29364.440000000002,27402
2026-08-21T09:30:00+00:00,29364.440000000002,29420.940000000002,29359.82,29414.940000000002,17796
2026-08-21T10:00:00+00:00,29414.940000000002,29444.940000000002,29399.940000000002,29419.57,20889
2026-08-21T10:30:00+00:00,29419.57,29422.32,29402.440000000002,29409.190000000002,17179
2026-08-21T11:00:00+00:00,29409.190000000002,29454.190000000002,29382.82,29447.440000000002,33024
2026-08-21T11:30:00+00:00,29447.440000000002,29467.57,29428.07,29429.82,29085
2026-08-21T12:00:00+00:00,29429.82,29446.57,29408.57,29445.690000000002,26465
2026-08-21T12:30:00+00:00,29445.690000000002,29461.690000000002,29433.190000000002,29440.940000000002,26004
2026-08-21T13:00:00+00:00,29440.940000000002,29445.440000000002,29347.82,29398.940000000002,39040
2026-08-21T13:30:00+00:00,29398.940000000002,29398.940000000002,29188.97,29233.72,239112
2026-08-21T14:00:00+00:00,29233.72,29264.09,29150.97,29209.22,196294
2026-08-21T14:30:00+00:00,29209.22,29262.84,29189.97,29261.97,147087
2026-08-21T15:00:00+00:00,29261.97,29300.97,29256.84,29297.34,87048
2026-08-21T15:30:00+00:00,29297.34,29418.09,29294.34,29374.47,78510
2026-08-21T16:00:00+00:00,29374.47,29382.09,29318.59,29340.34,75650
2026-08-21T16:30:00+00:00,29340.34,29354.72,29310.97,29342.09,50472
2026-08-21T17:00:00+00:00,29342.09,29353.59,29306.72,29325.59,48246
2026-08-21T17:30:00+00:00,29325.59,29340.34,29312.59,29313.59,42354
2026-08-21T18:00:00+00:00,29313.59,29335.09,29293.22,29293.47,36869
2026-08-21T18:30:00+00:00,29293.47,29333.34,29284.34,29330.09,31677
2026-08-21T19:00:00+00:00,29330.09,29344.34,29310.59,29323.72,36158
2026-08-21T19:30:00+00:00,29323.72,29361.97,29305.84,29325.59,48183
2026-08-21T20:00:00+00:00,29325.59,29326.690000000002,29297.69,29300.56,17446
2026-08-21T20:30:00+00:00,29300.56,29316.440000000002,29300.06,29315.140000000003,3986
2026-08-23T22:00:00+00:00,29315.140000000003,29346.800000000003,29239,29276.43,22236
2026-08-23T22:30:00+00:00,29276.43,29337.43,29273.75,29328.18,12357
2026-08-23T23:00:00+00:00,29328.18,29367.43,29322.550000000003,29366.43,8280
2026-08-23T23:30:00+00:00,29366.43,29418.300000000003,29356.050000000003,29405.300000000003,21277
2026-08-24T00:00:00+00:00,29405.300000000003,29410.050000000003,29273.800000000003,29294.800000000003,64830
2026-08-24T00:30:00+00:00,29294.800000000003,29366.180000000004,29276.680000000004,29363.930000000004,54952
2026-08-24T01:00:00+00:00,29363.930000000004,29385.550000000003,29337.050000000003,29347.430000000004,53956
2026-08-24T01:30:00+00:00,29347.430000000004,29349.300000000003,29259.300000000003,29260.300000000003,52068
2026-08-24T02:00:00+00:00,29260.300000000003,29309.800000000003,29239.550000000003,29301.680000000004,45236
2026-08-24T02:30:00+00:00,29301.680000000004,29315.550000000003,29279.800000000003,29308.680000000004,37542
2026-08-24T03:00:00+00:00,29308.680000000004,29309.930000000004,29228.550000000003,29233.550000000003,30408
2026-08-24T03:30:00+00:00,29233.550000000003,29243.550000000003,29203.750000000004,29209.680000000004,31815
2026-08-24T04:00:00+00:00,29209.680000000004,29238.800000000003,29207.680000000004,29229.550000000003,27613
2026-08-24T04:30:00+00:00,29229.550000000003,29241.300000000003,29201.930000000004,29204.180000000004,31958
2026-08-24T05:00:00+00:00,29204.180000000004,29234.800000000003,29185.680000000004,29186.300000000003,32470
2026-08-24T05:30:00+00:00,29186.300000000003,29204.430000000004,29133.930000000004,29137.800000000003,33739
2026-08-24T06:00:00+00:00,29137.800000000003,29156.680000000004,29063.680000000004,29103.550000000003,40741
2026-08-24T06:30:00+00:00,29103.550000000003,29118.430000000004,29080.300000000003,29101.550000000003,28854
2026-08-24T07:00:00+00:00,29101.550000000003,29146.550000000003,29085.050000000003,29120.050000000003,39685
2026-08-24T07:30:00+00:00,29120.050000000003,29150.550000000003,29070.430000000004,29083.930000000004,29831
2026-08-24T08:00:00+00:00,29083.930000000004,29147.430000000004,29055.050000000003,29129.180000000004,50340
2026-08-24T08:30:00+00:00,29129.180000000004,29177.680000000004,29118.300000000003,29152.430000000004,26791
2026-08-24T09:00:00+00:00,29152.430000000004,29185.430000000004,29139.300000000003,29148.050000000003,25094
2026-08-24T09:30:00+00:00,29148.050000000003,29187.430000000004,29147.800000000003,29169.800000000003,21737
2026-08-24T10:00:00+00:00,29169.800000000003,29184.550000000003,29144.300000000003,29147.300000000003,23993
2026-08-24T10:30:00+00:00,29147.300000000003,29177.300000000003,29117.930000000004,29122.800000000003,23485
2026-08-24T11:00:00+00:00,29122.800000000003,29141.430000000004,29084.180000000004,29120.550000000003,39381
2026-08-24T11:30:00+00:00,29120.550000000003,29220.680000000004,29120.550000000003,29185.180000000004,53622
2026-08-24T12:00:00+00:00,29185.180000000004,29185.180000000004,29141.930000000004,29168.050000000003,35984
2026-08-24T12:30:00+00:00,29168.050000000003,29175.750000000004,29113.250000000004,29143.680000000004,42388
2026-08-24T13:00:00+00:00,29143.680000000004,29174.430000000004,29134.800000000003,29174.430000000004,47117
2026-08-24T13:30:00+00:00,29174.430000000004,29181.580000000005,28886.830000000005,28960.830000000005,294738
2026-08-24T14:00:00+00:00,28960.830000000005,28974.330000000005,28892.580000000005,28950.830000000005,174336
2026-08-24T14:30:00+00:00,28950.830000000005,29048.580000000005,28940.580000000005,29021.580000000005,113036
2026-08-24T15:00:00+00:00,29021.580000000005,29074.950000000004,28978.580000000005,29060.200000000004,91424
2026-08-24T15:30:00+00:00,29060.200000000004,29142.700000000004,29050.580000000005,29107.200000000004,76409
2026-08-24T16:00:00+00:00,29107.200000000004,29162.450000000004,29095.580000000005,29142.200000000004,70476
2026-08-24T16:30:00+00:00,29142.200000000004,29149.950000000004,29108.950000000004,29108.950000000004,48205
2026-08-24T17:00:00+00:00,29108.950000000004,29148.580000000005,29070.950000000004,29078.330000000005,65690
2026-08-24T17:30:00+00:00,29078.330000000005,29081.330000000005,29054.950000000004,29061.830000000005,47704
2026-08-24T18:00:00+00:00,29061.830000000005,29161.580000000005,29061.700000000004,29156.950000000004,48037
2026-08-24T18:30:00+00:00,29156.950000000004,29171.450000000004,29091.950000000004,29092.700000000004,44205
2026-08-24T19:00:00+00:00,29092.700000000004,29104.080000000005,29081.450000000004,29096.330000000005,38910
2026-08-24T19:30:00+00:00,29096.330000000005,29110.700000000004,29035.200000000004,29037.950000000004,53486
2026-08-24T20:00:00+00:00,29037.950000000004,29061.180000000004,29019.180000000004,29022.430000000004,16837
2026-08-24T20:30:00+00:00,29022.430000000004,29073.300000000003,29021.300000000003,29067.630000000005,8206
2026-08-24T22:00:00+00:00,29067.630000000005,29090.470000000005,29062.270000000004,29066.270000000004,10752
2026-08-24T22:30:00+00:00,29066.270000000004,29070.900000000005,29053.650000000005,29062.520000000004,7047
2026-08-24T23:00:00+00:00,29062.520000000004,29069.520000000004,29047.770000000004,29048.270000000004,7241
2026-08-24T23:30:00+00:00,29048.270000000004,29057.400000000005,29014.270000000004,29037.650000000005,24079
2026-08-25T00:00:00+00:00,29037.650000000005,29044.020000000004,28959.270000000004,29022.150000000005,65932
2026-08-25T00:30:00+00:00,29022.150000000005,29086.270000000004,29014.020000000004,29068.770000000004,55752
2026-08-25T01:00:00+00:00,29068.770000000004,29085.150000000005,29037.770000000004,29056.400000000005,63022
2026-08-25T01:30:00+00:00,29056.400000000005,29097.020000000004,29050.020000000004,29067.900000000005,64470
2026-08-25T02:00:00+00:00,29067.900000000005,29090.020000000004,29045.520000000004,29087.020000000004,47096
2026-08-25T02:30:00+00:00,29087.020000000004,29109.650000000005,29035.400000000005,29044.020000000004,43557
2026-08-25T03:00:00+00:00,29044.020000000004,29117.400000000005,29042.400000000005,29116.770000000004,40280
2026-08-25T03:30:00+00:00,29116.770000000004,29131.400000000005,29093.520000000004,29106.150000000005,33889
2026-08-25T04:00:00+00:00,29106.150000000005,29148.150000000005,29101.020000000004,29142.400000000005,29649
2026-08-25T04:30:00+00:00,29142.400000000005,29158.150000000005,29127.150000000005,29141.770000000004,31634
2026-08-25T05:00:00+00:00,29141.770000000004,29168.520000000004,29131.520000000004,29162.020000000004,34777
2026-08-25T05:30:00+00:00,29162.020000000004,29182.650000000005,29143.270000000004,29173.900000000005,33131
2026-08-25T06:00:00+00:00,29173.900000000005,29229.150000000005,29172.020000000004,29207.900000000005,30379
2026-08-25T06:30:00+00:00,29207.900000000005,29209.020000000004,29178.400000000005,29204.900000000005,25605
2026-08-25T07:00:00+00:00,29204.900000000005,29231.650000000005,29168.650000000005,29189.020000000004,38188
2026-08-25T07:30:00+00:00,29189.020000000004,29203.020000000004,29168.650000000005,29174.400000000005,33501
2026-08-25T08:00:00+00:00,29174.400000000005,29265.900000000005,29154.520000000004,29216.020000000004,58770
2026-08-25T08:30:00+00:00,29216.020000000004,29248.020000000004,29199.150000000005,29243.650000000005,46250
2026-08-25T09:00:00+00:00,29243.650000000005,29275.900000000005,29228.400000000005,29259.650000000005,37909
2026-08-25T09:30:00+00:00,29259.650000000005,29358.020000000004,29256.270000000004,29332.770000000004,47745
2026-08-25T10:00:00+00:00,29332.770000000004,29352.400000000005,29309.150000000005,29311.900000000005,34159
2026-08-25T10:30:00+00:00,29311.900000000005,29321.520000000004,29288.020000000004,29300.770000000004,23318
2026-08-25T11:00:00+00:00,29300.770000000004,29304.150000000005,29247.900000000005,29282.900000000005,37315
2026-08-25T11:30:00+00:00,29282.900000000005,29333.770000000004,29282.400000000005,29316.520000000004,30580
2026-08-25T12:00:00+00:00,29316.520000000004,29344.390000000003,29294.760000000002,29310.140000000003,39229
2026-08-25T12:30:00+00:00,29310.140000000003,29310.260000000002,29249.140000000003,29270.260000000002,33988
2026-08-25T13:00:00+00:00,29270.260000000002,29281.010000000002,29234.760000000002,29234.760000000002,52634
2026-08-25T13:30:00+00:00,29234.760000000002,29351.16,29218.04,29249.41,295887
2026-08-25T14:00:00+00:00,29249.41,29252.16,29147.04,29151.91,200775
2026-08-25T14:30:00+00:00,29151.91,29205.16,29095.960000000003,29168.41,153347
2026-08-25T15:00:00+00:00,29168.41,29218.66,29135.16,29213.66,100833
2026-08-25T15:30:00+00:00,29213.66,29244.41,29159.91,29199.66,80444
2026-08-25T16:00:00+00:00,29199.66,29234.04,29198.04,29230.91,52421
2026-08-25T16:30:00+00:00,29230.91,29236.16,29189.79,29212.16,45311
2026-08-25T17:00:00+00:00,29212.16,29215.16,29151.91,29161.41,47852
2026-08-25T17:30:00+00:00,29161.41,29170.91,29153.79,29163.91,39115
2026-08-25T18:00:00+00:00,29163.91,29164.41,29139.66,29155.91,38203
2026-08-25T18:30:00+00:00,29155.91,29216.41,29155.79,29198.04,38635
2026-08-25T19:00:00+00:00,29198.04,29207.66,29155.16,29167.41,40325
2026-08-25T19:30:00+00:00,29167.41,29231.54,29154.66,29213.29,57839
2026-08-25T20:00:00+00:00,29213.29,29254.890000000003,29205.010000000002,29244.390000000003,23600
2026-08-25T20:30:00+00:00,29244.390000000003,29250.640000000003,29211.140000000003,29229.340000000004,12744
2026-08-25T22:00:00+00:00,29229.340000000004,29253.530000000006,29225.650000000005,29234.900000000005,10405
2026-08-25T22:30:00+00:00,29234.900000000005,29237.030000000006,29225.150000000005,29228.400000000005,4554
2026-08-25T23:00:00+00:00,29228.400000000005,29232.150000000005,29189.900000000005,29190.030000000006,7408
2026-08-25T23:30:00+00:00,29190.030000000006,29192.280000000006,29151.530000000006,29155.400000000005,13221
2026-08-26T00:00:00+00:00,29155.400000000005,29182.650000000005,29112.030000000006,29128.530000000006,45408
2026-08-26T00:30:00+00:00,29128.530000000006,29132.030000000006,29055.150000000005,29056.780000000006,34532
2026-08-26T01:00:00+00:00,29056.780000000006,29091.780000000006,29043.650000000005,29054.030000000006,35435
2026-08-26T01:30:00+00:00,29054.030000000006,29078.900000000005,29040.780000000006,29077.280000000006,28482
2026-08-26T02:00:00+00:00,29077.280000000006,29119.280000000006,29063.650000000005,29116.900000000005,23192
2026-08-26T02:30:00+00:00,29116.900000000005,29174.030000000006,29115.530000000006,29165.150000000005,17857
2026-08-26T03:00:00+00:00,29165.150000000005,29177.900000000005,29156.900000000005,29159.530000000006,16511
2026-08-26T03:30:00+00:00,29159.530000000006,29219.150000000005,29149.650000000005,29209.150000000005,19239
2026-08-26T04:00:00+00:00,29209.150000000005,29225.280000000006,29204.400000000005,29215.900000000005,14856
2026-08-26T04:30:00+00:00,29215.900000000005,29219.280000000006,29161.530000000006,29172.650000000005,16392
2026-08-26T05:00:00+00:00,29172.650000000005,29203.400000000005,29171.400000000005,29189.780000000006,25792
2026-08-26T05:30:00+00:00,29189.780000000006,29205.780000000006,29170.530000000006,29186.030000000006,23567
2026-08-26T06:00:00+00:00,29186.030000000006,29192.780000000006,29148.280000000006,29163.030000000006,26829
2026-08-26T06:30:00+00:00,29163.030000000006,29220.030000000006,29154.280000000006,29196.150000000005,19592
2026-08-26T07:00:00+00:00,29196.150000000005,29201.650000000005,29138.780000000006,29144.150000000005,33741
2026-08-26T07:30:00+00:00,29144.150000000005,29163.150000000005,29131.030000000006,29156.900000000005,25446
2026-08-26T08:00:00+00:00,29156.900000000005,29188.400000000005,29133.150000000005,29179.150000000005,36277
2026-08-26T08:30:00+00:00,29179.150000000005,29194.280000000006,29154.400000000005,29172.400000000005,23348
2026-08-26T09:00:00+00:00,29172.400000000005,29178.280000000006,29135.900000000005,29142.650000000005,22555
2026-08-26T09:30:00+00:00,29142.650000000005,29181.030000000006,29142.650000000005,29178.400000000005,17010
2026-08-26T10:00:00+00:00,29178.400000000005,29178.900000000005,29140.530000000006,29145.400000000005,18043
2026-08-26T10:30:00+00:00,29145.400000000005,29186.150000000005,29133.150000000005,29181.030000000006,17430
2026-08-26T11:00:00+00:00,29181.030000000006,29222.280000000006,29180.280000000006,29196.900000000005,26794
2026-08-26T11:30:00+00:00,29196.900000000005,29206.530000000006,29131.280000000006,29163.400000000005,32022
2026-08-26T12:00:00+00:00,29163.400000000005,29202.900000000005,29135.400000000005,29202.350000000006,33658
2026-08-26T12:30:00+00:00,29202.350000000006,29206.280000000006,29078.530000000006,29095.150000000005,73146
2026-08-26T13:00:00+00:00,29095.150000000005,29118.400000000005,29079.280000000006,29116.280000000006,48856
2026-08-26T13:30:00+00:00,29116.280000000006,29277.050000000007,29116.280000000006,29276.800000000007,268394
2026-08-26T14:00:00+00:00,29276.800000000007,29276.800000000007,29101.300000000007,29123.300000000007,133603
2026-08-26T14:30:00+00:00,29123.300000000007,29212.430000000004,29121.550000000007,29197.300000000007,90975
2026-08-26T15:00:00+00:00,29197.300000000007,29227.550000000007,29168.430000000004,29201.180000000004,67843
2026-08-26T15:30:00+00:00,29201.180000000004,29235.550000000007,29160.430000000004,29162.180000000004,70220
2026-08-26T16:00:00+00:00,29162.180000000004,29170.180000000008,29135.050000000007,29153.180000000008,52234
2026-08-26T16:30:00+00:00,29153.180000000008,29167.930000000008,29116.680000000008,29163.430000000008,43541
2026-08-26T17:00:00+00:00,29163.430000000008,29216.560000000005,29156.930000000008,29213.680000000008,37715
2026-08-26T17:30:00+00:00,29213.680000000008,29239.180000000008,29209.930000000008,29230.560000000005,32137
2026-08-26T18:00:00+00:00,29230.560000000005,29241.810000000005,29211.180000000008,29226.310000000005,30741
2026-08-26T18:30:00+00:00,29226.310000000005,29275.05000000001,29221.930000000008,29267.180000000008,32119
2026-08-26T19:00:00+00:00,29267.180000000008,29313.930000000008,29264.05000000001,29284.30000000001,41914
2026-08-26T19:30:00+00:00,29284.30000000001,29291.05000000001,29226.80000000001,29247.680000000008,55931
2026-08-26T20:00:00+00:00,29247.680000000008,29328.53000000001,29232.15000000001,29289.65000000001,40368
2026-08-26T20:30:00+00:00,29289.65000000001,29378.47000000001,29263.28000000001,29377.22000000001,31448
2026-08-26T22:00:00+00:00,29377.22000000001,29551.180000000008,29377.22000000001,29532.430000000008,25374
2026-08-26T22:30:00+00:00,29532.430000000008,29576.930000000008,29530.430000000008,29554.81000000001,15639
2026-08-26T23:00:00+00:00,29554.81000000001,29563.06000000001,29533.930000000008,29550.56000000001,11208
2026-08-26T23:30:00+00:00,29550.56000000001,29601.81000000001,29544.06000000001,29596.180000000008,19059
2026-08-27T00:00:00+00:00,29596.180000000008,29601.930000000008,29507.06000000001,29529.930000000008,45168
2026-08-27T00:30:00+00:00,29529.930000000008,29529.930000000008,29387.430000000008,29392.930000000008,50108
2026-08-27T01:00:00+00:00,29392.930000000008,29456.560000000012,29381.56000000001,29450.18000000001,44265
2026-08-27T01:30:00+00:00,29450.18000000001,29501.560000000012,29439.43000000001,29478.810000000012,34280
2026-08-27T02:00:00+00:00,29478.810000000012,29491.68000000001,29464.810000000012,29485.560000000012,28687
2026-08-27T02:30:00+00:00,29485.560000000012,29507.68000000001,29478.560000000012,29496.93000000001,23949
2026-08-27T03:00:00+00:00,29496.93000000001,29523.060000000012,29477.68000000001,29511.810000000012,18692
2026-08-27T03:30:00+00:00,29511.810000000012,29519.810000000012,29473.93000000001,29486.18000000001,21853
2026-08-27T04:00:00+00:00,29486.18000000001,29498.93000000001,29476.310000000012,29476.560000000012,22329
2026-08-27T04:30:00+00:00,29476.560000000012,29478.68000000001,29441.18000000001,29446.810000000012,22412
2026-08-27T05:00:00+00:00,29446.810000000012,29451.68000000001,29395.810000000012,29415.68000000001,28860
2026-08-27T05:30:00+00:00,29415.68000000001,29419.310000000012,29376.560000000012,29385.93000000001,28242
2026-08-27T06:00:00+00:00,29385.93000000001,29398.93000000001,29350.43000000001,29398.560000000012,29711
2026-08-27T06:30:00+00:00,29398.560000000012,29447.810000000012,29397.060000000012,29446.060000000012,19660
2026-08-27T07:00:00+00:00,29446.060000000012,29496.060000000012,29425.18000000001,29495.810000000012,30229
2026-08-27T07:30:00+00:00,29495.810000000012,29497.18000000001,29447.060000000012,29486.060000000012,26704
2026-08-27T08:00:00+00:00,29486.060000000012,29606.93000000001,29485.560000000012,29604.810000000012,41365
2026-08-27T08:30:00+00:00,29604.810000000012,29608.18000000001,29558.630000000012,29571.810000000012,35701
2026-08-27T09:00:00+00:00,29571.810000000012,29581.310000000012,29515.810000000012,29546.18000000001,39877
2026-08-27T09:30:00+00:00,29546.18000000001,29580.060000000012,29544.93000000001,29549.060000000012,26278
2026-08-27T10:00:00+00:00,29549.060000000012,29554.060000000012,29525.060000000012,29528.18000000001,28561
2026-08-27T10:30:00+00:00,29528.18000000001,29550.310000000012,29516.060000000012,29545.93000000001,27893
2026-08-27T11:00:00+00:00,29545.93000000001,29576.68000000001,29517.310000000012,29517.310000000012,38335
2026-08-27T11:30:00+00:00,29517.310000000012,29533.68000000001,29462.93000000001,29505.93000000001,39669
2026-08-27T12:00:00+00:00,29505.93000000001,29537.810000000012,29499.060000000012,29526.630000000012,40135
2026-08-27T12:30:00+00:00,29526.630000000012,29528.310000000012,29464.310000000012,29470.560000000012,26790
2026-08-27T13:00:00+00:00,29470.560000000012,29516.310000000012,29466.560000000012,29473.560000000012,43990
2026-08-27T13:30:00+00:00,29473.560000000012,29552.210000000014,29373.210000000014,29430.210000000014,379277
2026-08-27T14:00:00+00:00,29430.210000000014,29569.080000000013,29426.710000000014,29555.580000000013,225871
2026-08-27T14:30:00+00:00,29555.580000000013,29558.210000000014,29480.580000000013,29549.460000000014,158048
2026-08-27T15:00:00+00:00,29549.460000000014,29591.330000000013,29530.830000000013,29535.830000000013,89575
2026-08-27T15:30:00+00:00,29535.830000000013,29567.080000000013,29470.210000000014,29555.080000000013,94199
2026-08-27T16:00:00+00:00,29555.080000000013,29581.080000000013,29519.580000000013,29552.460000000014,65119
2026-08-27T16:30:00+00:00,29552.460000000014,29607.830000000013,29548.210000000014,29600.830000000013,45919
2026-08-27T17:00:00+00:00,29600.830000000013,29625.710000000014,29587.710000000014,29590.460000000014,43836
2026-08-27T17:30:00+00:00,29590.460000000014,29605.630000000012,29556.330000000013,29560.460000000014,50425
2026-08-27T18:00:00+00:00,29560.460000000014,29570.960000000014,29476.210000000014,29487.580000000013,71378
2026-08-27T18:30:00+00:00,29487.580000000013,29530.830000000013,29485.960000000014,29520.210000000014,61289
2026-08-27T19:00:00+00:00,29520.210000000014,29561.830000000013,29516.330000000013,29551.710000000014,53270
2026-08-27T19:30:00+00:00,29551.710000000014,29652.830000000013,29544.460000000014,29648.710000000014,64269
2026-08-27T20:00:00+00:00,29648.710000000014,29655.810000000012,29583.18000000001,29587.560000000012,23422
2026-08-27T20:30:00+00:00,29587.560000000012,29593.310000000012,29569.18000000001,29585.130000000012,10091
2026-08-27T22:00:00+00:00,29585.130000000012,29593.140000000014,29551.010000000013,29587.390000000014,13511
2026-08-27T22:30:00+00:00,29587.390000000014,29589.510000000013,29579.640000000014,29583.510000000013,6598
2026-08-27T23:00:00+00:00,29583.510000000013,29586.390000000014,29553.890000000014,29558.390000000014,8225
2026-08-27T23:30:00+00:00,29558.390000000014,29561.510000000013,29541.640000000014,29550.890000000014,12832
2026-08-28T00:00:00+00:00,29550.890000000014,29604.890000000014,29544.010000000013,29601.760000000013,44348
2026-08-28T00:30:00+00:00,29601.760000000013,29616.390000000014,29583.140000000014,29594.010000000013,27933
2026-08-28T01:00:00+00:00,29594.010000000013,29620.010000000013,29591.640000000014,29597.890000000014,29495
2026-08-28T01:30:00+00:00,29597.890000000014,29627.890000000014,29591.140000000014,29626.390000000014,29089
2026-08-28T02:00:00+00:00,29626.390000000014,29651.890000000014,29626.390000000014,29641.390000000014,17097
2026-08-28T02:30:00+00:00,29641.390000000014,29641.390000000014,29594.010000000013,29612.510000000013,17497
2026-08-28T03:00:00+00:00,29612.510000000013,29655.260000000013,29610.640000000014,29649.390000000014,16725
2026-08-28T03:30:00+00:00,29649.390000000014,29653.390000000014,29589.510000000013,29617.510000000013,19974
2026-08-28T04:00:00+00:00,29617.510000000013,29620.140000000014,29593.260000000013,29608.890000000014,19081
2026-08-28T04:30:00+00:00,29608.890000000014,29610.140000000014,29585.640000000014,29590.890000000014,15629
2026-08-28T05:00:00+00:00,29590.890000000014,29593.010000000013,29561.010000000013,29572.640000000014,20833
2026-08-28T05:30:00+00:00,29572.640000000014,29574.140000000014,29547.010000000013,29547.640000000014,17447
2026-08-28T06:00:00+00:00,29547.640000000014,29572.890000000014,29544.010000000013,29546.010000000013,21092
2026-08-28T06:30:00+00:00,29546.010000000013,29594.760000000013,29545.640000000014,29594.140000000014,22539
2026-08-28T07:00:00+00:00,29594.140000000014,29602.390000000014,29552.140000000014,29563.260000000013,30717
2026-08-28T07:30:00+00:00,29563.260000000013,29574.640000000014,29543.010000000013,29556.140000000014,25832
2026-08-28T08:00:00+00:00,29556.140000000014,29569.640000000014,29527.760000000013,29547.390000000014,36116
2026-08-28T08:30:00+00:00,29547.390000000014,29582.390000000014,29545.260000000013,29568.760000000013,20613
2026-08-28T09:00:00+00:00,29568.760000000013,29569.890000000014,29544.760000000013,29564.390000000014,21847
2026-08-28T09:30:00+00:00,29564.390000000014,29569.260000000013,29549.010000000013,29555.640000000014,20181
2026-08-28T10:00:00+00:00,29555.640000000014,29566.140000000014,29542.390000000014,29560.390000000014,19351
2026-08-28T10:30:00+00:00,29560.390000000014,29573.390000000014,29547.390000000014,29570.640000000014,19817
2026-08-28T11:00:00+00:00,29570.640000000014,29585.510000000013,29547.640000000014,29583.010000000013,24021
2026-08-28T11:30:00+00:00,29583.010000000013,29588.640000000014,29547.640000000014,29551.760000000013,21719
2026-08-28T12:00:00+00:00,29551.760000000013,29610.890000000014,29547.890000000014,29610.890000000014,24215
2026-08-28T12:30:00+00:00,29610.890000000014,29613.260000000013,29564.390000000014,29607.890000000014,28291
2026-08-28T13:00:00+00:00,29607.890000000014,29630.260000000013,29571.890000000014,29578.640000000014,40470
2026-08-28T13:30:00+00:00,29578.640000000014,29650.91000000001,29513.29000000001,29578.710000000014,238278
2026-08-28T14:00:00+00:00,29578.710000000014,29653.66000000001,29455.91000000001,29601.91000000001,315438
2026-08-28T14:30:00+00:00,29601.91000000001,29747.54000000001,29581.79000000001,29746.66000000001,183053
2026-08-28T15:00:00+00:00,29746.66000000001,29760.29000000001,29685.16000000001,29732.66000000001,136399
2026-08-28T15:30:00+00:00,29732.66000000001,29735.04000000001,29495.16000000001,29502.79000000001,162374
2026-08-28T16:00:00+00:00,29502.79000000001,29540.54000000001,29415.16000000001,29438.54000000001,193472
2026-08-28T16:30:00+00:00,29438.54000000001,29498.54000000001,29424.79000000001,29451.54000000001,143086
2026-08-28T17:00:00+00:00,29451.54000000001,29451.66000000001,29388.79000000001,29419.41000000001,141681
2026-08-28T17:30:00+00:00,29419.41000000001,29478.41000000001,29411.16000000001,29464.41000000001,83607
2026-08-28T18:00:00+00:00,29464.41000000001,29470.66000000001,29421.16000000001,29433.16000000001,77796
2026-08-28T18:30:00+00:00,29433.16000000001,29456.29000000001,29392.66000000001,29405.04000000001,68745
2026-08-28T19:00:00+00:00,29405.04000000001,29451.16000000001,29393.41000000001,29448.29000000001,63792
2026-08-28T19:30:00+00:00,29448.29000000001,29468.91000000001,29424.41000000001,29446.04000000001,82879
2026-08-28T20:00:00+00:00,29446.04000000001,29456.390000000014,29427.510000000013,29439.65,22476
2026-08-28T20:30:00+00:00,29439.65,29456.27,29433.77,29455.72,6582
2026-08-30T22:00:00+00:00,29455.72,29500.260000000002,29404.260000000002,29430.81,21761
2026-08-30T22:30:00+00:00,29430.81,29433.31,29385.690000000002,29399.940000000002,15553
2026-08-30T23:00:00+00:00,29399.940000000002,29405.31,29327.260000000002,29329.06,16601
2026-08-30T23:30:00+00:00,29329.06,29331.81,29246.56,29246.81,33028
2026-08-31T00:00:00+00:00,29246.81,29334.440000000002,29230.81,29327.940000000002,43629
2026-08-31T00:30:00+00:00,29327.940000000002,29355.440000000002,29307.440000000002,29314.56,32192
2026-08-31T01:00:00+00:00,29314.56,29315.31,29249.56,29287.190000000002,58238
2026-08-31T01:30:00+00:00,29287.190000000002,29294.81,29258.81,29281.190000000002,53131
2026-08-31T02:00:00+00:00,29281.190000000002,29319.56,29261.56,29284.440000000002,39153
2026-08-31T02:30:00+00:00,29284.440000000002,29303.440000000002,29244.31,29301.31,32840
2026-08-31T03:00:00+00:00,29301.31,29324.31,29293.81,29301.06,18391
2026-08-31T03:30:00+00:00,29301.06,29311.06,29294.690000000002,29308.81,20622
2026-08-31T04:00:00+00:00,29308.81,29314.06,29297.81,29304.31,14787
2026-08-31T04:30:00+00:00,29304.31,29380.81,29291.31,29372.56,19616
2026-08-31T05:00:00+00:00,29372.56,29433.940000000002,29364.690000000002,29427.440000000002,23040
2026-08-31T05:30:00+00:00,29427.440000000002,29431.31,29383.440000000002,29418.56,23680
2026-08-31T06:00:00+00:00,29418.56,29475.190000000002,29406.31,29470.06,23806
2026-08-31T06:30:00+00:00,29470.06,29485.190000000002,29452.81,29473.940000000002,17202
2026-08-31T07:00:00+00:00,29473.940000000002,29478.81,29457.440000000002,29465.56,25342
2026-08-31T07:30:00+00:00,29465.56,29478.940000000002,29450.190000000002,29465.81,17337
2026-08-31T08:00:00+00:00,29465.81,29492.190000000002,29442.760000000002,29457.190000000002,30081
2026-08-31T08:30:00+00:00,29457.190000000002,29460.06,29432.56,29442.56,18343
2026-08-31T09:00:00+00:00,29442.56,29465.81,29428.010000000002,29447.56,17084
2026-08-31T09:30:00+00:00,29447.56,29450.31,29402.940000000002,29408.440000000002,13469
2026-08-31T10:00:00+00:00,29408.440000000002,29424.31,29397.440000000002,29417.440000000002,19950
2026-08-31T10:30:00+00:00,29417.440000000002,29428.56,29407.31,29416.31,15577
2026-08-31T11:00:00+00:00,29416.31,29427.190000000002,29393.440000000002,29422.190000000002,24828
2026-08-31T11:30:00+00:00,29422.190000000002,29424.06,29382.81,29386.56,23286
2026-08-31T12:00:00+00:00,29386.56,29439.440000000002,29354.760000000002,29372.56,34756
2026-08-31T12:30:00+00:00,29372.56,29398.940000000002,29336.940000000002,29346.940000000002,35350
2026-08-31T13:00:00+00:00,29346.940000000002,29398.940000000002,29334.940000000002,29395.940000000002,37907
2026-08-31T13:30:00+00:00,29395.940000000002,29474.09,29345.510000000002,29395.84,307910
2026-08-31T14:00:00+00:00,29395.84,29405.09,29312.960000000003,29331.960000000003,165057
2026-08-31T14:30:00+00:00,29331.960000000003,29400.34,29321.84,29373.09,107848
2026-08-31T15:00:00+00:00,29373.09,29402.34,29353.09,29378.210000000003,94865
2026-08-31T15:30:00+00:00,29378.210000000003,29389.960000000003,29340.59,29346.34,75638
2026-08-31T16:00:00+00:00,29346.34,29384.09,29320.84,29382.710000000003,64114
2026-08-31T16:30:00+00:00,29382.710000000003,29400.460000000003,29352.34,29397.460000000003,50168
2026-08-31T17:00:00+00:00,29397.460000000003,29398.710000000003,29351.210000000003,29354.34,43063
2026-08-31T17:30:00+00:00,29354.34,29414.710000000003,29345.84,29399.210000000003,42677
2026-08-31T18:00:00+00:00,29399.210000000003,29418.34,29379.960000000003,29395.710000000003,43807
2026-08-31T18:30:00+00:00,29395.710000000003,29400.84,29340.210000000003,29361.59,49177
2026-08-31T19:00:00+00:00,29361.59,29410.84,29361.210000000003,29405.460000000003,40164
2026-08-31T19:30:00+00:00,29405.460000000003,29495.710000000003,29388.210000000003,29463.59,81367
2026-08-31T20:00:00+00:00,29463.59,29484.190000000002,29463.440000000002,29470.81,19848
2026-08-31T20:30:00+00:00,29470.81,29477.940000000002,29464.31,29477.760000000002,5649
2026-08-31T22:00:00+00:00,29477.760000000002,29481.11,29458.36,29461.36,8095
2026-08-31T22:30:00+00:00,29461.36,29466.99,29450.24,29452.99,4643
2026-08-31T23:00:00+00:00,29452.99,29461.49,29446.24,29456.11,7429
2026-08-31T23:30:00+00:00,29456.11,29478.86,29453.36,29460.24,15551
2026-09-01T00:00:00+00:00,29460.24,29480.61,29437.74,29460.36,44676
2026-09-01T00:30:00+00:00,29460.36,29478.61,29443.74,29465.86,26772
2026-09-01T01:00:00+00:00,29465.86,29475.49,29436.99,29443.11,28725
2026-09-01T01:30:00+00:00,29443.11,29474.49,29434.49,29458.49,25504
2026-09-01T02:00:00+00:00,29458.49,29462.61,29412.24,29419.24,18460
2026-09-01T02:30:00+00:00,29419.24,29452.24,29395.24,29450.99,20676
2026-09-01T03:00:00+00:00,29450.99,29453.11,29418.74,29423.86,18699
2026-09-01T03:30:00+00:00,29423.86,29447.61,29420.11,29445.99,16281
2026-09-01T04:00:00+00:00,29445.99,29460.86,29440.99,29452.49,14637
2026-09-01T04:30:00+00:00,29452.49,29461.74,29425.74,29432.36,16620
2026-09-01T05:00:00+00:00,29432.36,29447.24,29406.61,29444.99,17076
2026-09-01T05:30:00+00:00,29444.99,29530.36,29441.24,29520.74,20992
2026-09-01T06:00:00+00:00,29520.74,29526.99,29473.86,29476.24,25140
2026-09-01T06:30:00+00:00,29476.24,29504.74,29473.24,29474.74,23234
2026-09-01T07:00:00+00:00,29474.74,29515.61,29471.61,29505.49,35707
2026-09-01T07:30:00+00:00,29505.49,29506.24,29389.81,29395.36,32560
2026-09-01T08:00:00+00:00,29395.36,29408.36,29238.61,29245.24,64362
2026-09-01T08:30:00+00:00,29245.24,29271.36,29191.06,29194.49,44505
2026-09-01T09:00:00+00:00,29194.49,29202.99,29145.24,29157.24,37002
2026-09-01T09:30:00+00:00,29157.24,29187.11,29143.24,29172.11,30805
2026-09-01T10:00:00+00:00,29172.11,29207.99,29160.74,29196.61,26575
2026-09-01T10:30:00+00:00,29196.61,29217.11,29156.81,29169.11,23971
2026-09-01T11:00:00+00:00,29169.11,29175.74,29138.06,29167.61,32252
2026-09-01T11:30:00+00:00,29167.61,29197.11,29126.86,29131.11,27757
2026-09-01T12:00:00+00:00,29131.11,29138.74,29097.61,29128.99,37769
2026-09-01T12:30:00+00:00,29128.99,29129.74,29082.36,29085.11,36192
2026-09-01T13:00:00+00:00,29085.11,29085.74,29043.99,29070.86,39226
2026-09-01T13:30:00+00:00,29070.86,29117.390000000003,29000.010000000002,29063.81,258438
2026-09-01T14:00:00+00:00,29063.81,29138.890000000003,29045.31,29125.010000000002,138106
2026-09-01T14:30:00+00:00,29125.010000000002,29227.510000000002,29122.260000000002,29188.010000000002,87278
2026-09-01T15:00:00+00:00,29188.01,29201.14,29140.01,29192.01,84430
2026-09-01T15:30:00+00:00,29192.01,29276.26,29184.64,29255.51,61766
2026-09-01T16:00:00+00:00,29255.51,29260.01,29123.14,29137.51,77082
2026-09-01T16:30:00+00:00,29137.51,29156.89,29092.51,29150.64,75413
2026-09-01T17:00:00+00:00,29150.64,29151.39,29063.51,29102.39,67163
2026-09-01T17:30:00+00:00,29102.39,29121.01,29078.01,29100.01,54457
2026-09-01T18:00:00+00:00,29100.01,29110.89,29045.51,29053.64,50852
2026-09-01T18:30:00+00:00,29053.64,29056.76,28962.26,29035.51,65357
2026-09-01T19:00:00+00:00,29035.51,29088.76,29031.01,29086.01,60002
2026-09-01T19:30:00+00:00,29086.01,29100.51,29046.89,29084.89,75862
2026-09-01T20:00:00+00:00,29084.89,29118.36,29072.86,29095.49,22148
2026-09-01T20:30:00+00:00,29095.49,29114.86,29089.99,29097.56,9886
2026-09-01T22:00:00+00:00,29097.56,29111.42,29065.3,29077.3,9203
2026-09-01T22:30:00+00:00,29077.3,29101.17,29074.3,29094.05,7107
2026-09-01T23:00:00+00:00,29094.05,29100.3,29082.92,29100.3,7170
2026-09-01T23:30:00+00:00,29100.3,29109.17,29094.55,29097.05,12935
2026-09-02T00:00:00+00:00,29097.05,29132.8,29069.42,29090.42,54292
2026-09-02T00:30:00+00:00,29090.42,29110.92,29066.8,29066.92,32426
2026-09-02T01:00:00+00:00,29066.92,29092.42,29051.55,29078.3,40927
2026-09-02T01:30:00+00:00,29078.3,29085.55,29010.92,29038.3,31872
2026-09-02T02:00:00+00:00,29038.3,29062.55,29007.8,29047.92,27595
2026-09-02T02:30:00+00:00,29047.92,29055.42,29024.8,29048.42,19000
2026-09-02T03:00:00+00:00,29048.42,29052.55,29021.92,29032.42,20024
2026-09-02T03:30:00+00:00,29032.42,29035.05,29009.05,29010.17,18544
2026-09-02T04:00:00+00:00,29010.17,29025.17,28998.55,29013.8,17792
2026-09-02T04:30:00+00:00,29013.8,29027.55,29010.42,29021.55,15490
2026-09-02T05:00:00+00:00,29021.55,29054.67,29000.67,29054.05,23009
2026-09-02T05:30:00+00:00,29054.05,29066.92,29025.67,29034.67,20580
2026-09-02T06:00:00+00:00,29034.67,29042.55,28984.42,28985.8,26614
2026-09-02T06:30:00+00:00,28985.8,29061.42,28979.55,29039.67,27005
2026-09-02T07:00:00+00:00,29039.67,29083.3,29028.92,29057.42,33739
2026-09-02T07:30:00+00:00,29057.42,29063.8,29013.67,29024.8,25619
2026-09-02T08:00:00+00:00,29024.8,29060.05,29002.3,29015.3,38780
2026-09-02T08:30:00+00:00,29015.3,29031.55,28917.92,28940.8,29898
2026-09-02T09:00:00+00:00,28940.8,28989.8,28919.8,28941.42,32977
2026-09-02T09:30:00+00:00,28941.42,28943.3,28903.8,28935.92,23712
2026-09-02T10:00:00+00:00,28935.92,28955.3,28910.55,28948.67,24360
2026-09-02T10:30:00+00:00,28948.67,28952.3,28921.3,28950.3,21341
2026-09-02T11:00:00+00:00,28950.3,28998.17,28890.3,28985.67,39235
2026-09-02T11:30:00+00:00,28985.67,29047.3,28982.05,29047.05,24845
2026-09-02T12:00:00+00:00,29047.05,29111.55,29037.42,29071.05,41366
2026-09-02T12:30:00+00:00,29071.05,29072.92,28996.17,29003.17,27332
2026-09-02T13:00:00+00:00,29003.17,29077.8,29001.17,29060.92,33900
2026-09-02T13:30:00+00:00,29060.92,29081.45,28980.95,29025.32,191875
2026-09-02T14:00:00+00:00,29025.32,29156.2,28996.2,29150.32,133210
2026-09-02T14:30:00+00:00,29150.32,29174.32,29075.57,29083.32,94511
2026-09-02T15:00:00+00:00,29083.32,29170.82,29070.45,29168.2,86255
2026-09-02T15:30:00+00:00,29168.2,29171.45,29099.57,29148.45,70471
2026-09-02T16:00:00+00:00,29148.45,29161.45,29105.82,29115.32,58177
2026-09-02T16:30:00+00:00,29115.32,29138.57,29100.57,29118.07,51228
2026-09-02T17:00:00+00:00,29118.07,29145.57,29089.07,29112.32,46911
2026-09-02T17:30:00+00:00,29112.32,29136.45,29091.32,29122.57,44637
2026-09-02T18:00:00+00:00,29122.57,29162.2,29099.2,29122.32,47558
2026-09-02T18:30:00+00:00,29122.32,29137.57,29093.7,29108.82,36874
2026-09-02T19:00:00+00:00,29108.82,29134.57,29102.82,29130.82,37108
2026-09-02T19:30:00+00:00,29130.82,29160.07,29118.82,29154.07,46126
2026-09-02T20:00:00+00:00,29154.07,29174.55,29102.67,29119.17,19317
2026-09-02T20:30:00+00:00,29119.17,29126.55,29103.92,29104.75,10609
2026-09-02T22:00:00+00:00,29104.75,29172.17,29104.75,29159.79,10847
2026-09-02T22:30:00+00:00,29159.79,29166.17,29143.42,29144.67,8316
2026-09-02T23:00:00+00:00,29144.67,29152.17,29131.67,29143.17,8504
2026-09-02T23:30:00+00:00,29143.17,29176.29,29138.17,29164.42,12412
2026-09-03T00:00:00+00:00,29164.42,29164.67,29105.04,29120.42,31936
2026-09-03T00:30:00+00:00,29120.42,29125.29,29109.54,29114.67,24453
2026-09-03T01:00:00+00:00,29114.67,29163.92,29111.54,29139.79,31243
2026-09-03T01:30:00+00:00,29139.79,29162.42,29099.92,29101.54,33579
2026-09-03T02:00:00+00:00,29101.54,29158.29,29096.92,29152.04,23827
2026-09-03T02:30:00+00:00,29152.04,29161.92,29131.04,29145.42,20482
2026-09-03T03:00:00+00:00,29145.42,29195.67,29143.79,29183.29,18464
2026-09-03T03:30:00+00:00,29183.29,29203.79,29181.67,29199.54,17165
2026-09-03T04:00:00+00:00,29199.54,29218.04,29190.92,29190.92,13534
2026-09-03T04:30:00+00:00,29190.92,29199.92,29168.54,29171.17,15247
2026-09-03T05:00:00+00:00,29171.17,29171.54,29039.92,29066.79,49854
2026-09-03T05:30:00+00:00,29066.79,29152.04,29061.04,29151.92,46981
2026-09-03T06:00:00+00:00,29151.92,29166.67,29125.42,29142.04,34319
2026-09-03T06:30:00+00:00,29142.04,29151.17,29123.29,29137.79,26589
2026-09-03T07:00:00+00:00,29137.79,29196.17,29123.54,29166.54,40262
2026-09-03T07:30:00+00:00,29166.54,29209.17,29146.79,29183.29,35008
2026-09-03T08:00:00+00:00,29183.29,29255.79,29177.04,29219.79,50858
2026-09-03T08:30:00+00:00,29219.79,29219.92,29177.79,29180.42,27565
2026-09-03T09:00:00+00:00,29180.42,29188.92,29151.29,29151.42,24911
2026-09-03T09:30:00+00:00,29151.42,29160.67,29091.17,29100.67,26478
2026-09-03T10:00:00+00:00,29100.67,29121.79,29083.17,29091.17,26813
2026-09-03T10:30:00+00:00,29091.17,29103.04,29069.67,29092.04,24014
2026-09-03T11:00:00+00:00,29092.04,29147.99,29070.17,29130.17,33836
2026-09-03T11:30:00+00:00,29130.17,29136.92,29065.92,29068.67,30873
2026-09-03T12:00:00+00:00,29068.67,29114.42,29067.54,29109.04,34771
2026-09-03T12:30:00+00:00,29109.04,29222.29,29108.42,29208.42,62422
2026-09-03T13:00:00+00:00,29208.42,29216.92,29159.79,29211.67,57921
2026-09-03T13:30:00+00:00,29211.67,29338.57,29164.07,29295.49,221091
2026-09-03T14:00:00+00:00,29295.49,29327.69,29207.07,29307.57,171712
2026-09-03T14:30:00+00:00,29307.57,29329.82,29213.99,29326.82,156173
2026-09-03T15:00:00+00:00,29326.82,29503.44,29326.82,29499.69,104631
2026-09-03T15:30:00+00:00,29499.69,29506.19,29467.44,29502.19,72625
2026-09-03T16:00:00+00:00,29502.19,29502.19,29453.94,29460.94,56764
2026-09-03T16:30:00+00:00,29460.94,29506.69,29446.94,29491.94,52676
2026-09-03T17:00:00+00:00,29491.94,29497.94,29440.69,29466.57,46441
2026-09-03T17:30:00+00:00,29466.57,29516.32,29466.19,29507.44,42038
2026-09-03T18:00:00+00:00,29507.44,29547.69,29507.44,29533.94,42333
2026-09-03T18:30:00+00:00,29533.94,29543.94,29523.69,29531.94,33275
2026-09-03T19:00:00+00:00,29531.94,29534.19,29490.19,29497.19,38621
2026-09-03T19:30:00+00:00,29497.19,29503.69,29473.69,29496.69,53209
2026-09-03T20:00:00+00:00,29496.69,29499.54,29468.79,29474.04,14307
2026-09-03T20:30:00+00:00,29474.04,29480.29,29462.79,29466.49,5504
2026-09-03T22:00:00+00:00,29466.49,29468.9,29443.27,29451.02,6842
2026-09-03T22:30:00+00:00,29451.02,29472.52,29450.15,29469.4,5046
2026-09-03T23:00:00+00:00,29469.4,29472.15,29459.4,29468.4,5694
2026-09-03T23:30:00+00:00,29468.4,29477.27,29461.9,29464.77,9564
2026-09-04T00:00:00+00:00,29464.77,29489.4,29456.77,29488.52,28635
2026-09-04T00:30:00+00:00,29488.52,29502.4,29480.4,29491.15,12271
2026-09-04T01:00:00+00:00,29491.15,29503.4,29477.9,29501.4,18864
2026-09-04T01:30:00+00:00,29501.4,29509.27,29484.52,29508.9,16555
2026-09-04T02:00:00+00:00,29508.9,29516.77,29498.15,29515.65,11077
2026-09-04T02:30:00+00:00,29515.65,29527.65,29505.27,29525.4,11493
2026-09-04T03:00:00+00:00,29525.4,29538.77,29518.27,29529.9,8571
2026-09-04T03:30:00+00:00,29529.9,29539.15,29524.52,29531.15,7111
2026-09-04T04:00:00+00:00,29531.15,29555.4,29518.02,29553.65,9738
2026-09-04T04:30:00+00:00,29553.65,29561.52,29544.02,29558.4,8339
2026-09-04T05:00:00+00:00,29558.4,29603.4,29554.9,29583.02,11364
2026-09-04T05:30:00+00:00,29583.02,29585.9,29552.4,29580.52,13191
2026-09-04T06:00:00+00:00,29580.52,29604.4,29578.65,29591.9,19587
2026-09-04T06:30:00+00:00,29591.9,29593.15,29534.65,29537.15,18049
2026-09-04T07:00:00+00:00,29537.15,29597.65,29536.15,29596.65,26261
2026-09-04T07:30:00+00:00,29596.65,29618.77,29588.9,29613.9,18635
2026-09-04T08:00:00+00:00,29613.9,29632.9,29596.27,29630.27,33187
2026-09-04T08:30:00+00:00,29630.27,29633.4,29604.9,29618.52,18471
2026-09-04T09:00:00+00:00,29618.52,29619.02,29577.52,29585.77,18912
2026-09-04T09:30:00+00:00,29585.77,29622.27,29579.27,29617.77,14033
2026-09-04T10:00:00+00:00,29617.77,29645.27,29614.72,29638.77,16784
2026-09-04T10:30:00+00:00,29638.77,29661.47,29629.65,29641.77,13445
2026-09-04T11:00:00+00:00,29641.77,29646.65,29611.9,29623.65,19824
2026-09-04T11:30:00+00:00,29623.65,29650.02,29622.27,29642.65,15575
2026-09-04T12:00:00+00:00,29642.65,29652.47,29588.4,29645.22,34591
2026-09-04T12:30:00+00:00,29645.22,29649.97,29463.15,29507.15,99392
2026-09-04T13:00:00+00:00,29507.15,29551.15,29484.15,29549.27,50409
2026-09-04T13:30:00+00:00,29549.27,29652.17,29517.42,29651.67,199668
2026-09-04T14:00:00+00:00,29651.67,29651.67,29526.42,29556.8,150704
2026-09-04T14:30:00+00:00,29556.8,29559.17,29460.17,29481.8,126105
2026-09-04T15:00:00+00:00,29481.8,29503.92,29446.92,29468.17,96221
2026-09-04T15:30:00+00:00,29468.17,29485.42,29440.67,29476.05,68188
2026-09-04T16:00:00+00:00,29476.05,29526.17,29466.55,29515.55,51932
2026-09-04T16:30:00+00:00,29515.55,29556.8,29510.17,29536.92,41925
2026-09-04T17:00:00+00:00,29536.92,29540.67,29466.17,29469.17,44345
2026-09-04T17:30:00+00:00,29469.17,29469.67,29429.67,29452.8,46013
2026-09-04T18:00:00+00:00,29452.8,29475.55,29432.92,29471.8,40366
2026-09-04T18:30:00+00:00,29471.8,29503.3,29465.92,29499.92,30999
2026-09-04T19:00:00+00:00,29499.92,29504.92,29467.92,29487.67,33440
2026-09-04T19:30:00+00:00,29487.67,29547.55,29481.17,29531.42,49935
2026-09-04T20:00:00+00:00,29531.42,29531.42,29490.65,29492.52,14410
2026-09-04T20:30:00+00:00,29492.52,29493.02,29475.02,29490.97,5071
2026-09-06T22:00:00+00:00,29490.97,29564.59,29490.97,29547.72,6398
2026-09-06T22:30:00+00:00,29547.72,29553.97,29546.34,29546.47,1693
2026-09-06T23:00:00+00:00,29546.47,29549.22,29512.22,29513.09,4960
2026-09-06T23:30:00+00:00,29513.09,29552.09,29510.97,29527.84,18190
2026-09-07T00:00:00+00:00,29527.84,29552.59,29514.59,29533.47,32503
2026-09-07T00:30:00+00:00,29533.47,29543.34,29505.59,29507.59,19215
2026-09-07T01:00:00+00:00,29507.59,29549.34,29502.47,29548.72,30867
2026-09-07T01:30:00+00:00,29548.72,29565.22,29537.84,29564.09,25305
2026-09-07T02:00:00+00:00,29564.09,29565.47,29541.22,29556.72,17856
2026-09-07T02:30:00+00:00,29556.72,29591.09,29545.54,29553.09,15088
2026-09-07T03:00:00+00:00,29553.09,29573.84,29541.97,29570.47,13246
2026-09-07T03:30:00+00:00,29570.47,29592.34,29553.59,29555.97,16517
2026-09-07T04:00:00+00:00,29555.97,29566.34,29544.09,29554.22,13045
2026-09-07T04:30:00+00:00,29554.22,29569.84,29539.34,29567.47,13342
2026-09-07T05:00:00+00:00,29567.47,29584.84,29547.59,29580.97,17374
2026-09-07T05:30:00+00:00,29580.97,29609.09,29576.09,29579.84,16101
2026-09-07T06:00:00+00:00,29579.84,29624.34,29578.59,29621.97,21173
2026-09-07T06:30:00+00:00,29621.97,29651.47,29615.47,29632.97,16559
2026-09-07T07:00:00+00:00,29632.97,29652.84,29606.09,29606.84,24464
2026-09-07T07:30:00+00:00,29606.84,29630.97,29586.84,29627.59,29393
2026-09-07T08:00:00+00:00,29627.59,29633.72,29607.34,29624.34,26653
2026-09-07T08:30:00+00:00,29624.34,29632.97,29605.84,29613.59,19583
2026-09-07T09:00:00+00:00,29613.59,29623.72,29584.09,29586.34,15177
2026-09-07T09:30:00+00:00,29586.34,29594.97,29571.34,29576.72,14902
2026-09-07T10:00:00+00:00,29576.72,29590.47,29574.59,29582.59,13513
2026-09-07T10:30:00+00:00,29582.59,29587.97,29538.72,29544.97,18701
2026-09-07T11:00:00+00:00,29544.84,29549.22,29505.09,29516.84,14037
2026-09-07T11:30:00+00:00,29516.84,29536.47,29510.22,29514.22,10849
2026-09-07T12:00:00+00:00,29514.22,29535.97,29505.84,29519.09,10363
2026-09-07T12:30:00+00:00,29519.09,29559.34,29517.29,29557.72,13431
2026-09-07T13:00:00+00:00,29557.72,29594.34,29545.84,29584.09,17817
2026-09-07T13:30:00+00:00,29584.09,29615.370000000003,29573.99,29588.620000000003,26808
2026-09-07T14:00:00+00:00,29588.620000000003,29604.870000000003,29571.370000000003,29581.49,20357
2026-09-07T14:30:00+00:00,29581.49,29602.620000000003,29560.24,29561.99,16921
2026-09-07T15:00:00+00:00,29561.99,29579.620000000003,29533.870000000003,29547.74,20595
2026-09-07T15:30:00+00:00,29547.74,29564.370000000003,29545.74,29562.74,14765
2026-09-07T16:00:00+00:00,29562.74,29580.620000000003,29559.24,29564.99,9415
2026-09-07T16:30:00+00:00,29564.99,29583.74,29562.120000000003,29573.74,7601
2026-09-07T17:00:00+00:00,29573.74,29573.870000000003,29573.74,29573.870000000003,1
2026-09-07T22:00:00+00:00,29573.870000000003,29594.11,29527.24,29529.24,10511
2026-09-07T22:30:00+00:00,29529.24,29534.11,29512.61,29529.86,9742
2026-09-07T23:00:00+00:00,29529.86,29530.86,29496.99,29513.74,9642
2026-09-07T23:30:00+00:00,29513.74,29570.74,29506.11,29556.61,15136
2026-09-08T00:00:00+00:00,29556.61,29601.61,29546.99,29600.11,53188
2026-09-08T00:30:00+00:00,29600.11,29613.99,29593.49,29604.74,20795
2026-09-08T01:00:00+00:00,29604.74,29633.99,29585.11,29624.11,34698
2026-09-08T01:30:00+00:00,29624.11,29681.61,29617.74,29678.11,21895
2026-09-08T02:00:00+00:00,29678.11,29693.49,29661.61,29685.49,20307
2026-09-08T02:30:00+00:00,29685.49,29687.24,29632.61,29633.61,16635
2026-09-08T03:00:00+00:00,29633.61,29707.11,29632.74,29705.24,17884
2026-09-08T03:30:00+00:00,29705.24,29719.24,29694.11,29714.74,18458
2026-09-08T04:00:00+00:00,29714.74,29724.74,29702.61,29718.99,15021
2026-09-08T04:30:00+00:00,29718.99,29736.74,29700.99,29709.36,17801
2026-09-08T05:00:00+00:00,29709.36,29711.99,29647.81,29651.11,37135
2026-09-08T05:30:00+00:00,29651.11,29657.61,29582.36,29584.11,44533
2026-09-08T06:00:00+00:00,29584.11,29594.11,29518.61,29548.74,60001
2026-09-08T06:30:00+00:00,29548.74,29592.99,29530.24,29572.36,33433
2026-09-08T07:00:00+00:00,29572.36,29611.49,29558.74,29595.61,45662
2026-09-08T07:30:00+00:00,29595.61,29597.36,29501.99,29507.36,38134
2026-09-08T08:00:00+00:00,29507.36,29513.24,29450.74,29471.49,76181
2026-09-08T08:30:00+00:00,29471.49,29504.36,29461.74,29479.36,49210
2026-09-08T09:00:00+00:00,29479.36,29520.86,29456.74,29520.11,34703
2026-09-08T09:30:00+00:00,29520.11,29572.99,29515.11,29572.24,28238
2026-09-08T10:00:00+00:00,29572.24,29620.99,29545.24,29579.86,30555
2026-09-08T10:30:00+00:00,29579.86,29580.74,29518.86,29540.11,21549
2026-09-08T11:00:00+00:00,29540.11,29554.86,29506.49,29535.74,36331
2026-09-08T11:30:00+00:00,29535.74,29574.36,29511.36,29572.99,27586
2026-09-08T12:00:00+00:00,29572.99,29573.36,29520.49,29568.11,41053
2026-09-08T12:30:00+00:00,29568.11,29626.86,29562.74,29626.49,34708
2026-09-08T13:00:00+00:00,29626.49,29640.61,29606.99,29616.49,41756
2026-09-08T13:30:00+00:00,29616.49,29659.140000000003,29428.260000000002,29475.510000000002,300784
2026-09-08T14:00:00+00:00,29475.510000000002,29496.390000000003,29397.510000000002,29489.140000000003,198213
2026-09-08T14:30:00+00:00,29489.140000000003,29536.010000000002,29462.390000000003,29535.510000000002,113802
2026-09-08T15:00:00+00:00,29535.510000000002,29611.890000000003,29518.640000000003,29581.760000000002,80168
2026-09-08T15:30:00+00:00,29581.760000000002,29617.640000000003,29568.260000000002,29577.260000000002,69784
2026-09-08T16:00:00+00:00,29577.260000000002,29594.760000000002,29535.640000000003,29540.760000000002,65124
2026-09-08T16:30:00+00:00,29540.760000000002,29582.260000000002,29522.140000000003,29545.390000000003,63969
2026-09-08T17:00:00+00:00,29545.390000000003,29614.260000000002,29544.510000000002,29588.510000000002,50230
2026-09-08T17:30:00+00:00,29588.510000000002,29605.390000000003,29561.890000000003,29562.760000000002,41779
2026-09-08T18:00:00+00:00,29562.760000000002,29588.390000000003,29559.510000000002,29569.760000000002,38521
2026-09-08T18:30:00+00:00,29569.760000000002,29583.640000000003,29492.390000000003,29548.640000000003,84416
2026-09-08T19:00:00+00:00,29548.640000000003,29559.010000000002,29517.390000000003,29536.760000000002,55800
2026-09-08T19:30:00+00:00,29536.760000000002,29538.890000000003,29469.390000000003,29515.390000000003,77397
2026-09-08T20:00:00+00:00,29515.390000000003,29523.24,29477.99,29479.99,22474
2026-09-08T20:30:00+00:00,29479.99,29499.61,29475.99,29498.440000000002,9904
2026-09-08T22:00:00+00:00,29498.440000000002,29514.95,29479.15,29497.2,12808
2026-09-08T22:30:00+00:00,29497.2,29522.7,29490.95,29520.33,8004
2026-09-08T23:00:00+00:00,29520.33,29521.58,29488.95,29491.58,6932
2026-09-08T23:30:00+00:00,29491.58,29494.7,29465.33,29475.45,14008
2026-09-09T00:00:00+00:00,29475.45,29536.95,29474.45,29500.95,35912
2026-09-09T00:30:00+00:00,29500.95,29538.08,29484.58,29535.7,28235
2026-09-09T01:00:00+00:00,29535.7,29574.83,29531.33,29565.58,23244
2026-09-09T01:30:00+00:00,29565.58,29583.33,29553.33,29568.58,21300
2026-09-09T02:00:00+00:00,29568.58,29586.95,29559.15,29576.83,17971
2026-09-09T02:30:00+00:00,29576.83,29600.7,29572.2,29586.45,15311
2026-09-09T03:00:00+00:00,29586.45,29589.58,29559.2,29571.95,18213
2026-09-09T03:30:00+00:00,29571.95,29579.83,29535.95,29537.58,21605
2026-09-09T04:00:00+00:00,29537.58,29567.95,29524.58,29556.2,24080
2026-09-09T04:30:00+00:00,29556.2,29595.58,29548.58,29589.83,16731
2026-09-09T05:00:00+00:00,29589.83,29591.58,29540.83,29556.08,21822
2026-09-09T05:30:00+00:00,29556.08,29597.08,29538.08,29596.58,30528
2026-09-09T06:00:00+00:00,29596.58,29609.2,29562.2,29568.58,22761
2026-09-09T06:30:00+00:00,29568.58,29589.33,29553.33,29556.33,23637
2026-09-09T07:00:00+00:00,29556.33,29588.58,29534.08,29586.83,35631
2026-09-09T07:30:00+00:00,29586.83,29589.08,29540.7,29564.08,25046
2026-09-09T08:00:00+00:00,29564.08,29584.95,29541.83,29563.45,36292
2026-09-09T08:30:00+00:00,29563.45,29568.08,29514.58,29540.08,29566
2026-09-09T09:00:00+00:00,29540.08,29550.7,29490.33,29504.45,26820
2026-09-09T09:30:00+00:00,29504.45,29515.08,29364.08,29375.95,40203
2026-09-09T10:00:00+00:00,29375.95,29407.7,29347.83,29393.7,50284
2026-09-09T10:30:00+00:00,29393.7,29407.08,29344.33,29366.83,43670
2026-09-09T11:00:00+00:00,29366.83,29405.83,29353.08,29393.83,40994
2026-09-09T11:30:00+00:00,29393.83,29426.95,29351.83,29371.7,52490
2026-09-09T12:00:00+00:00,29371.7,29375.95,29308.33,29327.83,39798
2026-09-09T12:30:00+00:00,29327.83,29379.33,29318.83,29365.95,36859
2026-09-09T13:00:00+00:00,29365.95,29433.2,29357.83,29430.08,37635
2026-09-09T13:30:00+00:00,29430.08,29542.730000000003,29394.100000000002,29534.480000000003,267175
2026-09-09T14:00:00+00:00,29534.480000000003,29569.350000000002,29435.600000000002,29511.100000000002,165385
2026-09-09T14:30:00+00:00,29511.100000000002,29519.350000000002,29470.350000000002,29504.350000000002,130491
2026-09-09T15:00:00+00:00,29504.350000000002,29538.100000000002,29333.850000000002,29366.480000000003,180270
2026-09-09T15:30:00+00:00,29366.480000000003,29457.600000000002,29363.850000000002,29423.350000000002,104858
2026-09-09T16:00:00+00:00,29423.350000000002,29437.600000000002,29362.730000000003,29375.350000000002,66868
2026-09-09T16:30:00+00:00,29375.350000000002,29453.730000000003,29373.600000000002,29433.600000000002,53116
2026-09-09T17:00:00+00:00,29433.600000000002,29459.600000000002,29421.980000000003,29426.100000000002,58307
2026-09-09T17:30:00+00:00,29426.100000000002,29459.350000000002,29404.480000000003,29444.350000000002,48579
2026-09-09T18:00:00+00:00,29444.350000000002,29447.350000000002,29412.480000000003,29429.100000000002,42228
2026-09-09T18:30:00+00:00,29429.100000000002,29449.980000000003,29421.600000000002,29423.350000000002,35821
2026-09-09T19:00:00+00:00,29423.350000000002,29447.100000000002,29406.480000000003,29427.600000000002,37069
2026-09-09T19:30:00+00:00,29427.600000000002,29434.100000000002,29399.230000000003,29430.730000000003,48070
2026-09-09T20:00:00+00:00,29430.730000000003,29434.83,29404.65,29425.2,13413
2026-09-09T20:30:00+00:00,29425.2,29435.530000000002,29422.83,29435.4,5877
2026-09-09T22:00:00+00:00,29435.4,29448.31,29399.440000000002,29405.31,9233
2026-09-09T22:30:00+00:00,29405.31,29413.06,29401.56,29407.06,5330
2026-09-09T23:00:00+00:00,29407.06,29410.31,29391.81,29403.56,6831
2026-09-09T23:30:00+00:00,29403.56,29446.190000000002,29400.440000000002,29439.06,13229
2026-09-10T00:00:00+00:00,29439.06,29455.690000000002,29416.440000000002,29449.06,40842
2026-09-10T00:30:00+00:00,29449.06,29451.190000000002,29384.260000000002,29389.31,32558
2026-09-10T01:00:00+00:00,29389.31,29402.31,29348.440000000002,29351.31,53252
2026-09-10T01:30:00+00:00,29351.31,29392.690000000002,29339.940000000002,29386.31,38998
2026-09-10T02:00:00+00:00,29386.31,29387.81,29348.31,29354.56,35577
2026-09-10T02:30:00+00:00,29354.56,29398.31,29351.940000000002,29393.940000000002,23559
2026-09-10T03:00:00+00:00,29393.940000000002,29412.56,29364.190000000002,29380.940000000002,21240
2026-09-10T03:30:00+00:00,29380.940000000002,29406.440000000002,29368.06,29403.31,23438
2026-09-10T04:00:00+00:00,29403.31,29413.06,29397.940000000002,29408.940000000002,16878
2026-09-10T04:30:00+00:00,29408.940000000002,29437.690000000002,29406.190000000002,29434.440000000002,13692
2026-09-10T05:00:00+00:00,29434.440000000002,29468.31,29424.06,29465.81,19722
2026-09-10T05:30:00+00:00,29465.81,29483.940000000002,29440.81,29460.190000000002,21981
2026-09-10T06:00:00+00:00,29460.190000000002,29468.440000000002,29411.190000000002,29448.690000000002,28193
2026-09-10T06:30:00+00:00,29448.690000000002,29466.81,29442.31,29452.06,24000
2026-09-10T07:00:00+00:00,29452.06,29453.440000000002,29408.690000000002,29409.690000000002,33403
2026-09-10T07:30:00+00:00,29409.690000000002,29431.440000000002,29393.190000000002,29419.440000000002,26699
2026-09-10T08:00:00+00:00,29419.440000000002,29435.56,29399.690000000002,29424.81,39795
2026-09-10T08:30:00+00:00,29424.81,29431.940000000002,29381.190000000002,29388.06,29099
2026-09-10T09:00:00+00:00,29388.06,29406.190000000002,29368.760000000002,29372.440000000002,29043
2026-09-10T09:30:00+00:00,29372.440000000002,29395.31,29335.190000000002,29381.81,24786
2026-09-10T10:00:00+00:00,29381.81,29393.31,29360.81,29366.56,30359
2026-09-10T10:30:00+00:00,29366.56,29398.81,29339.190000000002,29350.81,37255
2026-09-10T11:00:00+00:00,29344.56,29345.690000000002,29303.010000000002,29311.690000000002,35028
2026-09-10T11:30:00+00:00,29311.690000000002,29339.56,29239.010000000002,29239.440000000002,32454
2026-09-10T12:00:00+00:00,29239.440000000002,29254.31,29186.81,29198.260000000002,55809
2026-09-10T12:30:00+00:00,29198.260000000002,29225.510000000002,29019.31,29032.940000000002,125891
2026-09-10T13:00:00+00:00,29032.940000000002,29073.31,29020.010000000002,29065.190000000002,88732
2026-09-10T13:30:00+00:00,29065.190000000002,29178.960000000003,29033.710000000003,29075.960000000003,334879
2026-09-10T14:00:00+00:00,29075.960000000003,29238.84,29073.34,29182.09,224850
2026-09-10T14:30:00+00:00,29182.09,29251.210000000003,29180.84,29239.59,146700
2026-09-10T15:00:00+00:00,29238.84,29240.46,29173.96,29211.96,107059
2026-09-10T15:30:00+00:00,29211.96,29248.21,29162.09,29180.21,88691
2026-09-10T16:00:00+00:00,29180.21,29207.34,29138.84,29153.09,81634
2026-09-10T16:30:00+00:00,29153.09,29217.96,29110.21,29208.84,82380
2026-09-10T17:00:00+00:00,29208.84,29241.34,29175.71,29184.96,56266
2026-09-10T17:30:00+00:00,29184.96,29190.46,29152.09,29161.96,50366
2026-09-10T18:00:00+00:00,29161.96,29175.46,29124.46,29134.09,51021
2026-09-10T18:30:00+00:00,29134.09,29174.71,29122.96,29149.96,53891
2026-09-10T19:00:00+00:00,29149.96,29151.46,29113.46,29134.96,51925
2026-09-10T19:30:00+00:00,29134.96,29145.21,29100.09,29114.96,61766
2026-09-10T20:00:00+00:00,29114.96,29132.31,29102.19,29120.56,19003
2026-09-10T20:30:00+00:00,29120.56,29130.19,29104.06,29118.26,10621
2026-09-10T22:00:00+00:00,29118.26,29134.22,29094.22,29094.72,10635
2026-09-10T22:30:00+00:00,29094.72,29100.22,29077.97,29084.09,11320
2026-09-10T23:00:00+00:00,29084.09,29091.97,29075.59,29079.72,9754
2026-09-10T23:30:00+00:00,29079.72,29088.97,29039.97,29041.72,18508
2026-09-11T00:00:00+00:00,29041.72,29121.72,29039.97,29114.84,50381
2026-09-11T00:30:00+00:00,29114.84,29142.72,29096.47,29137.34,39977
2026-09-11T01:00:00+00:00,29137.34,29147.59,29101.59,29102.47,37886
2026-09-11T01:30:00+00:00,29102.47,29115.72,29081.72,29106.34,36655
2026-09-11T02:00:00+00:00,29106.34,29114.84,29076.72,29084.09,24440
2026-09-11T02:30:00+00:00,29084.09,29088.47,29059.72,29069.84,28777
2026-09-11T03:00:00+00:00,29069.84,29073.72,29038.97,29049.34,25827
2026-09-11T03:30:00+00:00,29049.34,29066.34,29025.97,29036.47,35296
2026-09-11T04:00:00+00:00,29036.47,29102.97,29018.59,29100.72,38703
2026-09-11T04:30:00+00:00,29100.72,29127.97,29094.09,29101.47,30262
2026-09-11T05:00:00+00:00,29101.47,29141.72,29096.97,29110.47,31514
2026-09-11T05:30:00+00:00,29110.47,29219.59,29110.47,29210.84,38382
2026-09-11T06:00:00+00:00,29210.84,29228.59,29192.47,29202.47,38536
2026-09-11T06:30:00+00:00,29202.47,29237.97,29193.09,29231.34,30960
2026-09-11T07:00:00+00:00,29231.34,29245.22,29212.97,29212.97,34467
2026-09-11T07:30:00+00:00,29212.97,29223.72,29204.72,29219.22,24755
2026-09-11T08:00:00+00:00,29219.22,29289.97,29201.84,29247.22,47227
2026-09-11T08:30:00+00:00,29247.22,29300.84,29247.22,29300.84,30886
2026-09-11T09:00:00+00:00,29300.84,29310.22,29266.72,29280.97,23946
2026-09-11T09:30:00+00:00,29280.97,29303.22,29278.97,29296.72,19314
2026-09-11T10:00:00+00:00,29296.72,29316.47,29263.54,29291.22,23226
2026-09-11T10:30:00+00:00,29291.22,29305.09,29282.84,29287.09,19033
2026-09-11T11:00:00+00:00,29287.09,29301.09,29267.09,29289.47,22858
2026-09-11T11:30:00+00:00,29289.47,29314.47,29274.22,29300.47,23909
2026-09-11T12:00:00+00:00,29300.47,29371.04,29282.09,29362.79,38498
2026-09-11T12:30:00+00:00,29362.79,29452.47,29186.04,29445.97,112796
2026-09-11T13:00:00+00:00,29445.97,29475.97,29393.22,29394.72,69223
2026-09-11T13:30:00+00:00,29394.72,29449.62,29326.24,29449.62,269758
2026-09-11T14:00:00+00:00,29449.62,29449.62,29344.74,29428.74,199349
2026-09-11T14:30:00+00:00,29428.74,29432.12,29312.49,29348.12,159540
2026-09-11T15:00:00+00:00,29348.12,29469.99,29338.99,29462.87,101630
2026-09-11T15:30:00+00:00,29462.87,29476.37,29419.62,29427.74,72071
2026-09-11T16:00:00+00:00,29427.74,29462.37,29376.12,29379.74,62459
2026-09-11T16:30:00+00:00,29379.74,29418.49,29369.99,29414.12,66105
2026-09-11T17:00:00+00:00,29414.12,29456.24,29413.49,29441.37,45316
2026-09-11T17:30:00+00:00,29441.37,29455.24,29427.24,29429.99,35190
2026-09-11T18:00:00+00:00,29429.99,29437.49,29396.62,29419.24,40798
2026-09-11T18:30:00+00:00,29419.24,29436.37,29403.12,29406.24,32553
2026-09-11T19:00:00+00:00,29406.24,29410.74,29383.12,29391.99,35231
2026-09-11T19:30:00+00:00,29391.99,29405.74,29358.24,29364.74,50517
2026-09-11T20:00:00+00:00,29364.74,29369.84,29353.34,29361.84,16273
2026-09-11T20:30:00+00:00,29361.84,29373.59,29361.47,29366.79,3848
